Account_ID,Customer_ID,Account_Type,Branch_ID,Opening_Date,Balance,Account_Status
ACC000001,CUST01727,Savings,BR037,2019-06-15,341957.23,Active
ACC000002,CUST00908,Salary,BR015,2019-05-08,170226.41,Active
ACC000003,CUST03464,Savings,BR042,2024-05-14,437474.92,Active
ACC000004,CUST04342,Savings,BR039,2021-06-15,327519.81,Active
ACC000005,CUST04443,Savings,BR019,2021-03-06,162341.27,Active
ACC000006,CUST04468,Current,BR040,2021-04-01,466249.95,Active
ACC000007,CUST00809,Salary,BR047,2025-11-26,374077.55,Active
ACC000008,CUST02897,Savings,BR023,2020-04-26,226961.07,Active
ACC000009,CUST02171,Savings,BR036,2018-10-20,227790.81,Active
ACC000010,CUST03129,Savings,BR013,2020-11-17,497968.36,Active
ACC000011,CUST04256,Salary,BR031,2018-09-13,187480.84,Active
ACC000012,CUST01151,Savings,BR037,2020-06-23,47946.26,Active
ACC000013,CUST03679,Savings,BR026,2022-11-11,269742.2,Active
ACC000014,CUST01335,Savings,BR043,2022-11-14,442542.17,Active
ACC000015,CUST00518,Savings,BR048,2019-10-27,292675.37,Active
ACC000016,CUST01289,Savings,BR018,2018-09-22,396750.65,Active
ACC000017,CUST00746,Savings,BR047,2023-06-04,28377.48,Active
ACC000018,CUST04516,Salary,BR033,2022-05-07,337023.98,Active
ACC000019,CUST03968,Salary,BR040,2019-02-05,40517.86,Active
ACC000020,CUST04236,Current,BR032,2024-11-12,278621.98,Active
ACC000021,CUST04803,Savings,BR004,2020-02-16,249385.95,Active
ACC000022,CUST00698,Savings,BR041,2021-04-29,472856.61,Active
ACC000023,CUST03035,Savings,BR019,2021-02-21,67099.74,Active
ACC000024,CUST00475,Current,BR007,2021-12-25,5736.21,Active
ACC000025,CUST03977,Savings,BR047,2024-09-16,69540.02,Active
ACC000026,CUST00511,Salary,BR035,2024-06-06,86182.36,Active
ACC000027,CUST00538,Savings,BR026,2024-03-11,126204.82,Active
ACC000028,CUST02261,Current,BR044,2020-05-23,407729.29,Active
ACC000029,CUST02945,Current,BR023,2022-04-18,189063.54,Active
ACC000030,CUST03875,Savings,BR034,2019-01-09,420538.04,Active
ACC000031,CUST01367,Current,BR007,2021-04-09,136695.0,Active
ACC000032,CUST01062,Salary,BR011,2024-07-19,430410.02,Active
ACC000033,CUST04329,Salary,BR008,2020-05-11,5037.13,Active
ACC000034,CUST02308,Current,BR013,2018-10-28,467333.2,Active
ACC000035,CUST00308,Savings,BR032,2022-02-28,373278.56,Active
ACC000036,CUST04499,Salary,BR041,2025-08-28,206952.51,Active
ACC000037,CUST00997,Current,BR034,2024-10-20,289090.17,Active
ACC000038,CUST01285,Savings,BR018,2023-11-20,466575.37,Active
ACC000039,CUST04846,Savings,BR015,2023-08-20,291697.6,Active
ACC000040,CUST01130,Savings,BR043,2024-08-14,115055.69,Active
ACC000041,CUST00304,Savings,BR024,2018-05-06,286864.08,Active
ACC000042,CUST03892,Current,BR047,2025-10-03,435852.2,Active
ACC000043,CUST00855,Savings,BR021,2019-01-18,493737.54,Inactive
ACC000044,CUST01746,Savings,BR018,2024-07-02,292457.55,Active
ACC000045,CUST00818,Savings,BR014,2019-03-26,78666.94,Active
ACC000046,CUST03650,Savings,BR019,2019-06-07,386104.47,Active
ACC000047,CUST00973,Savings,BR013,2023-01-29,498458.76,Active
ACC000048,CUST04134,Savings,BR016,2020-10-06,237344.34,Active
ACC000049,CUST01179,Savings,BR002,2020-07-30,192482.65,Active
ACC000050,CUST00105,Current,BR034,2018-09-30,276697.82,Active
ACC000051,CUST00255,Savings,BR049,2023-07-06,83218.32,Active
ACC000052,CUST02536,Savings,BR026,2019-05-17,485670.41,Active
ACC000053,CUST00591,Savings,BR022,2021-06-04,419329.01,Active
ACC000054,CUST00525,Savings,BR020,2025-12-23,57382.36,Active
ACC000055,CUST00370,Savings,BR029,2024-07-16,472595.67,Active
ACC000056,CUST04198,Savings,BR018,2024-05-08,471466.91,Active
ACC000057,CUST02964,Savings,BR029,2022-12-20,158861.02,Active
ACC000058,CUST00664,Savings,BR042,2024-09-08,309951.89,Active
ACC000059,CUST00690,Savings,BR044,2024-02-21,56266.39,Inactive
ACC000060,CUST02647,Current,BR027,2022-05-26,43011.51,Active
ACC000061,CUST02589,Savings,BR035,2021-04-11,251395.49,Active
ACC000062,CUST01536,Salary,BR029,2020-11-22,25789.36,Active
ACC000063,CUST02029,Salary,BR006,2024-03-08,437570.91,Inactive
ACC000064,CUST01857,Current,BR037,2020-03-23,464119.6,Active
ACC000065,CUST03187,Savings,BR025,2025-07-04,34585.9,Active
ACC000066,CUST02770,Salary,BR021,2025-09-01,24595.08,Active
ACC000067,CUST02988,Savings,BR031,2023-03-22,111487.49,Active
ACC000068,CUST04476,Savings,BR040,2023-02-22,465049.22,Active
ACC000069,CUST01149,Savings,BR050,2019-06-25,384738.3,Active
ACC000070,CUST00781,Salary,BR016,2019-06-02,338572.4,Active
ACC000071,CUST04406,Savings,BR014,2020-07-23,388397.26,Active
ACC000072,CUST02154,Salary,BR006,2018-05-13,100538.91,Active
ACC000073,CUST00556,Savings,BR011,2023-11-14,129037.59,Active
ACC000074,CUST03297,Salary,BR027,2019-02-28,159496.69,Active
ACC000075,CUST03314,Salary,BR038,2020-05-07,302927.89,Active
ACC000076,CUST04493,Salary,BR005,2018-03-23,304501.81,Active
ACC000077,CUST02584,Savings,BR015,2025-10-07,105095.26,Inactive
ACC000078,CUST03708,Salary,BR038,2024-06-20,218926.86,Active
ACC000079,CUST03869,Salary,BR016,2022-10-19,345319.92,Active
ACC000080,CUST03044,Savings,BR018,2020-07-04,155500.03,Active
ACC000081,CUST03014,Savings,BR033,2022-07-25,38663.06,Active
ACC000082,CUST03845,Current,BR035,2023-02-07,99497.6,Active
ACC000083,CUST01170,Savings,BR024,2019-01-01,83203.07,Active
ACC000084,CUST03263,Current,BR035,2023-01-23,316339.45,Active
ACC000085,CUST04023,Savings,BR007,2024-08-10,35205.94,Active
ACC000086,CUST00201,Savings,BR014,2021-01-21,442490.04,Active
ACC000087,CUST01891,Savings,BR050,2023-10-20,43109.18,Active
ACC000088,CUST00012,Savings,BR030,2018-11-22,299356.96,Active
ACC000089,CUST01977,Savings,BR024,2022-03-11,464836.78,Active
ACC000090,CUST01326,Salary,BR015,2021-09-11,32149.04,Active
ACC000091,CUST03372,Savings,BR013,2025-12-01,192169.33,Active
ACC000092,CUST04071,Salary,BR019,2024-03-11,164644.95,Active
ACC000093,CUST03557,Current,BR029,2020-12-06,172760.18,Active
ACC000094,CUST04967,Savings,BR022,2022-10-20,300555.42,Inactive
ACC000095,CUST00366,Savings,BR002,2023-11-07,131789.44,Active
ACC000096,CUST00657,Savings,BR039,2021-06-04,14634.16,Inactive
ACC000097,CUST00161,Savings,BR013,2021-11-21,481175.24,Active
ACC000098,CUST00175,Savings,BR036,2024-03-14,374639.22,Active
ACC000099,CUST03471,Savings,BR038,2022-11-11,68428.67,Active
ACC000100,CUST04061,Salary,BR018,2024-06-06,228123.27,Active
ACC000101,CUST00545,Savings,BR015,2020-07-14,32298.14,Active
ACC000102,CUST03855,Savings,BR035,2025-12-10,14900.31,Active
ACC000103,CUST01762,Salary,BR017,2018-06-19,24708.35,Active
ACC000104,CUST00957,Salary,BR048,2021-10-20,378133.09,Active
ACC000105,CUST00452,Salary,BR013,2021-06-09,223017.05,Active
ACC000106,CUST00082,Salary,BR022,2019-09-12,422354.06,Active
ACC000107,CUST01237,Savings,BR040,2021-06-10,153302.34,Active
ACC000108,CUST04912,Salary,BR021,2019-11-13,387885.55,Active
ACC000109,CUST00447,Salary,BR026,2025-05-14,39889.34,Inactive
ACC000110,CUST02166,Savings,BR046,2023-09-16,317918.97,Active
ACC000111,CUST01620,Savings,BR004,2025-09-19,180940.35,Active
ACC000112,CUST01794,Savings,BR007,2021-11-26,139085.74,Active
ACC000113,CUST03315,Savings,BR010,2020-10-07,407739.44,Active
ACC000114,CUST04845,Savings,BR015,2025-05-07,26909.14,Active
ACC000115,CUST01174,Current,BR026,2019-03-02,474816.2,Active
ACC000116,CUST00646,Savings,BR016,2023-04-13,392987.24,Inactive
ACC000117,CUST00379,Savings,BR040,2024-09-21,178449.03,Active
ACC000118,CUST02656,Savings,BR034,2025-09-23,495675.16,Active
ACC000119,CUST03585,Current,BR017,2025-12-22,102042.13,Inactive
ACC000120,CUST03734,Savings,BR038,2018-08-05,201804.59,Active
ACC000121,CUST01141,Savings,BR016,2024-01-27,442554.89,Active
ACC000122,CUST03736,Current,BR034,2019-09-02,498406.74,Active
ACC000123,CUST02014,Savings,BR029,2018-12-24,120317.3,Active
ACC000124,CUST00662,Savings,BR018,2018-07-05,371813.59,Active
ACC000125,CUST04972,Savings,BR011,2019-12-26,153558.94,Active
ACC000126,CUST00012,Current,BR012,2020-05-19,383469.86,Active
ACC000127,CUST00388,Current,BR037,2020-04-03,63516.72,Active
ACC000128,CUST03024,Savings,BR002,2022-11-03,168748.8,Active
ACC000129,CUST03834,Savings,BR018,2023-06-01,38424.79,Active
ACC000130,CUST01920,Current,BR038,2019-11-10,246456.56,Active
ACC000131,CUST04492,Salary,BR033,2021-03-30,351048.78,Active
ACC000132,CUST02593,Current,BR009,2018-10-11,189929.43,Active
ACC000133,CUST02709,Salary,BR015,2018-07-03,307743.75,Active
ACC000134,CUST04736,Savings,BR028,2023-12-30,284974.29,Active
ACC000135,CUST00100,Current,BR008,2022-06-08,148003.66,Active
ACC000136,CUST04553,Salary,BR046,2018-08-19,243902.32,Active
ACC000137,CUST04077,Current,BR036,2024-09-01,35440.5,Active
ACC000138,CUST02772,Salary,BR039,2020-01-05,230496.73,Active
ACC000139,CUST04170,Savings,BR008,2018-06-07,229636.56,Active
ACC000140,CUST02378,Salary,BR042,2021-09-03,15330.24,Active
ACC000141,CUST01864,Current,BR050,2021-04-23,257422.75,Active
ACC000142,CUST04020,Salary,BR050,2025-03-09,369109.14,Active
ACC000143,CUST04271,Savings,BR019,2020-12-11,226673.84,Active
ACC000144,CUST03759,Current,BR004,2020-10-23,323366.74,Active
ACC000145,CUST04593,Salary,BR027,2023-10-26,266678.06,Active
ACC000146,CUST04524,Savings,BR013,2022-07-29,392804.21,Active
ACC000147,CUST00035,Current,BR038,2023-02-05,257713.18,Active
ACC000148,CUST02167,Salary,BR021,2025-03-14,166472.9,Active
ACC000149,CUST03640,Savings,BR026,2025-04-09,413956.82,Active
ACC000150,CUST03973,Savings,BR045,2020-11-05,34743.09,Inactive
ACC000151,CUST03381,Savings,BR023,2024-03-27,145438.67,Active
ACC000152,CUST03177,Savings,BR030,2020-06-22,296150.73,Active
ACC000153,CUST00176,Savings,BR031,2020-06-07,428157.23,Active
ACC000154,CUST02154,Savings,BR031,2021-07-14,36998.78,Active
ACC000155,CUST04688,Savings,BR016,2021-08-22,48930.41,Active
ACC000156,CUST01587,Savings,BR042,2020-10-26,141910.13,Active
ACC000157,CUST03659,Savings,BR041,2021-02-07,172941.41,Active
ACC000158,CUST03003,Current,BR007,2018-05-23,421925.58,Active
ACC000159,CUST00953,Savings,BR017,2023-04-15,479492.71,Inactive
ACC000160,CUST04957,Current,BR024,2022-08-18,9597.12,Active
ACC000161,CUST02872,Savings,BR020,2018-07-26,8662.7,Inactive
ACC000162,CUST04330,Savings,BR039,2024-10-12,432540.35,Active
ACC000163,CUST02715,Savings,BR027,2018-06-15,68672.87,Active
ACC000164,CUST03657,Salary,BR002,2024-04-26,170328.74,Active
ACC000165,CUST02979,Current,BR001,2023-06-21,138331.55,Active
ACC000166,CUST01810,Salary,BR034,2019-01-29,141652.24,Active
ACC000167,CUST02807,Savings,BR027,2018-05-01,164967.36,Active
ACC000168,CUST04152,Current,BR037,2019-02-17,168687.05,Active
ACC000169,CUST03760,Savings,BR050,2023-05-30,310457.76,Active
ACC000170,CUST03329,Salary,BR006,2024-01-25,314763.27,Active
ACC000171,CUST02971,Savings,BR038,2019-02-25,261923.11,Active
ACC000172,CUST04909,Savings,BR027,2022-09-26,429412.25,Active
ACC000173,CUST03135,Savings,BR048,2025-10-06,422990.25,Active
ACC000174,CUST01960,Current,BR016,2018-09-25,109391.48,Active
ACC000175,CUST00806,Savings,BR035,2023-09-17,272276.14,Active
ACC000176,CUST03101,Savings,BR027,2024-07-13,392134.71,Active
ACC000177,CUST01576,Savings,BR035,2022-11-13,433570.29,Active
ACC000178,CUST03731,Salary,BR036,2024-07-05,128337.7,Active
ACC000179,CUST00600,Savings,BR038,2018-07-18,247555.97,Active
ACC000180,CUST02616,Salary,BR028,2025-10-28,262988.61,Active
ACC000181,CUST03372,Salary,BR003,2018-01-05,350119.52,Active
ACC000182,CUST00612,Salary,BR041,2021-12-26,165799.36,Active
ACC000183,CUST01950,Salary,BR031,2020-09-15,147432.45,Active
ACC000184,CUST00561,Salary,BR003,2021-10-26,353093.15,Active
ACC000185,CUST02547,Savings,BR038,2020-06-13,200268.41,Active
ACC000186,CUST00627,Savings,BR024,2023-03-06,3007.95,Active
ACC000187,CUST02812,Current,BR026,2023-11-21,468985.44,Active
ACC000188,CUST01611,Savings,BR041,2024-10-18,75673.1,Active
ACC000189,CUST03263,Savings,BR047,2023-04-16,75168.42,Active
ACC000190,CUST03783,Current,BR028,2019-10-12,409364.53,Active
ACC000191,CUST00675,Savings,BR009,2023-01-03,168415.91,Active
ACC000192,CUST03723,Salary,BR037,2024-08-25,164759.48,Active
ACC000193,CUST00049,Current,BR027,2023-10-15,311575.31,Active
ACC000194,CUST01387,Savings,BR048,2019-08-02,30460.29,Active
ACC000195,CUST01903,Savings,BR003,2024-05-06,119243.9,Inactive
ACC000196,CUST04723,Savings,BR041,2018-02-16,27582.31,Active
ACC000197,CUST03568,Salary,BR049,2018-12-31,146463.32,Active
ACC000198,CUST04373,Savings,BR028,2023-10-17,435095.15,Active
ACC000199,CUST02095,Savings,BR032,2024-03-04,454756.94,Active
ACC000200,CUST03843,Current,BR035,2018-03-14,155408.91,Active
ACC000201,CUST04312,Savings,BR007,2021-07-06,94605.76,Active
ACC000202,CUST00230,Savings,BR007,2023-07-16,68502.72,Active
ACC000203,CUST03493,Savings,BR021,2023-09-09,197815.14,Active
ACC000204,CUST01686,Savings,BR032,2020-10-23,413376.74,Active
ACC000205,CUST01311,Savings,BR038,2022-03-25,426479.05,Active
ACC000206,CUST04142,Salary,BR020,2022-03-24,23918.06,Active
ACC000207,CUST00633,Savings,BR008,2019-06-05,105405.2,Active
ACC000208,CUST02423,Savings,BR004,2019-02-05,102381.96,Active
ACC000209,CUST02751,Savings,BR026,2022-08-15,414386.66,Active
ACC000210,CUST00333,Savings,BR015,2023-06-15,228689.87,Active
ACC000211,CUST01880,Salary,BR006,2023-07-30,184829.22,Active
ACC000212,CUST00507,Savings,BR048,2019-10-16,478346.34,Active
ACC000213,CUST04213,Salary,BR032,2020-08-07,462753.29,Active
ACC000214,CUST00943,Savings,BR005,2020-04-27,220613.24,Active
ACC000215,CUST00636,Salary,BR044,2022-02-04,65037.58,Active
ACC000216,CUST01590,Savings,BR046,2020-07-23,86330.74,Active
ACC000217,CUST01463,Savings,BR006,2021-10-27,56929.87,Active
ACC000218,CUST01992,Savings,BR003,2024-10-14,340571.44,Active
ACC000219,CUST04965,Current,BR029,2019-06-23,277788.86,Inactive
ACC000220,CUST01735,Savings,BR019,2018-03-12,278765.59,Active
ACC000221,CUST02264,Savings,BR010,2022-02-14,50090.55,Active
ACC000222,CUST00113,Salary,BR007,2022-10-21,396844.2,Active
ACC000223,CUST02264,Savings,BR045,2022-12-31,268250.87,Active
ACC000224,CUST00427,Savings,BR001,2018-09-13,46393.63,Active
ACC000225,CUST01067,Salary,BR001,2024-01-04,373818.26,Active
ACC000226,CUST02812,Savings,BR017,2020-06-20,490667.75,Active
ACC000227,CUST04380,Salary,BR022,2019-11-01,221149.08,Active
ACC000228,CUST00834,Savings,BR036,2023-02-27,58711.66,Active
ACC000229,CUST00230,Savings,BR014,2018-05-20,51598.18,Inactive
ACC000230,CUST04481,Savings,BR006,2025-05-26,13913.88,Active
ACC000231,CUST04255,Salary,BR030,2025-04-22,385428.68,Active
ACC000232,CUST00824,Salary,BR046,2021-12-17,347306.5,Active
ACC000233,CUST02519,Salary,BR047,2025-12-28,292535.41,Active
ACC000234,CUST03668,Savings,BR033,2018-03-05,383049.03,Active
ACC000235,CUST04304,Salary,BR020,2021-07-18,499649.54,Active
ACC000236,CUST04270,Savings,BR016,2022-09-18,201522.12,Active
ACC000237,CUST01824,Savings,BR004,2020-05-17,353199.3,Active
ACC000238,CUST01105,Salary,BR034,2025-11-22,189203.64,Active
ACC000239,CUST01042,Savings,BR001,2019-05-28,176676.89,Active
ACC000240,CUST00708,Savings,BR013,2020-10-27,425609.13,Active
ACC000241,CUST01384,Savings,BR048,2021-11-17,287806.81,Active
ACC000242,CUST01892,Current,BR008,2023-09-26,61186.02,Active
ACC000243,CUST01303,Savings,BR022,2020-05-17,202354.48,Active
ACC000244,CUST03022,Savings,BR004,2020-02-17,398480.61,Active
ACC000245,CUST00677,Salary,BR034,2020-10-22,470059.06,Active
ACC000246,CUST02565,Savings,BR045,2025-01-26,307599.64,Inactive
ACC000247,CUST03323,Savings,BR037,2018-12-25,197712.64,Active
ACC000248,CUST04758,Current,BR023,2022-02-09,126739.21,Active
ACC000249,CUST01564,Salary,BR020,2023-04-23,211589.83,Active
ACC000250,CUST01261,Savings,BR024,2021-12-16,283261.58,Active
ACC000251,CUST03204,Current,BR027,2020-03-25,3203.95,Active
ACC000252,CUST02354,Savings,BR013,2019-08-19,135070.23,Active
ACC000253,CUST00358,Savings,BR005,2024-03-01,336086.45,Active
ACC000254,CUST03235,Savings,BR016,2020-08-28,336941.58,Inactive
ACC000255,CUST00419,Savings,BR038,2018-08-15,326850.35,Active
ACC000256,CUST04738,Savings,BR048,2020-03-27,475021.24,Active
ACC000257,CUST03956,Salary,BR029,2023-06-14,284704.28,Active
ACC000258,CUST01594,Current,BR026,2024-01-08,135594.3,Active
ACC000259,CUST04603,Salary,BR022,2023-01-16,405994.73,Active
ACC000260,CUST01386,Current,BR024,2023-08-27,195299.29,Active
ACC000261,CUST04408,Savings,BR013,2024-06-09,120405.97,Active
ACC000262,CUST02752,Savings,BR043,2023-03-28,278817.76,Active
ACC000263,CUST00245,Salary,BR021,2022-03-18,145228.18,Inactive
ACC000264,CUST04573,Current,BR001,2022-01-09,198683.86,Active
ACC000265,CUST00615,Salary,BR004,2021-09-26,346885.62,Active
ACC000266,CUST00250,Savings,BR003,2025-09-29,497978.11,Inactive
ACC000267,CUST03094,Savings,BR050,2020-12-20,322721.07,Active
ACC000268,CUST01596,Savings,BR023,2018-09-24,138963.47,Active
ACC000269,CUST01930,Savings,BR016,2021-01-25,46142.3,Active
ACC000270,CUST00511,Savings,BR045,2021-07-30,181621.85,Active
ACC000271,CUST03968,Savings,BR013,2021-06-24,10636.03,Active
ACC000272,CUST04870,Current,BR039,2018-02-04,232912.61,Active
ACC000273,CUST01366,Savings,BR031,2020-02-25,330331.9,Active
ACC000274,CUST00924,Savings,BR024,2018-03-09,256386.19,Active
ACC000275,CUST00074,Current,BR047,2018-07-08,432775.87,Active
ACC000276,CUST00809,Savings,BR015,2018-02-10,247530.99,Active
ACC000277,CUST02879,Savings,BR005,2019-08-31,231727.65,Active
ACC000278,CUST02268,Savings,BR049,2019-11-14,155528.91,Active
ACC000279,CUST02127,Salary,BR022,2020-08-02,418969.24,Active
ACC000280,CUST04331,Savings,BR022,2020-08-04,451895.74,Active
ACC000281,CUST02205,Salary,BR011,2021-08-24,488981.45,Active
ACC000282,CUST03680,Savings,BR024,2020-05-02,490623.29,Active
ACC000283,CUST04738,Savings,BR045,2020-08-31,490231.39,Active
ACC000284,CUST04717,Savings,BR010,2020-01-27,356267.5,Active
ACC000285,CUST03659,Savings,BR047,2022-08-22,281763.8,Active
ACC000286,CUST00985,Savings,BR034,2021-07-31,86999.89,Active
ACC000287,CUST01299,Current,BR011,2022-07-01,383764.53,Active
ACC000288,CUST03745,Savings,BR043,2023-05-24,367705.19,Active
ACC000289,CUST03281,Current,BR029,2025-02-08,421358.68,Active
ACC000290,CUST03956,Current,BR022,2021-10-03,231763.09,Active
ACC000291,CUST02654,Current,BR033,2021-05-03,446318.31,Active
ACC000292,CUST03688,Savings,BR008,2022-12-09,359618.5,Active
ACC000293,CUST02963,Salary,BR049,2019-04-29,86391.54,Active
ACC000294,CUST02947,Savings,BR032,2023-07-01,104244.85,Active
ACC000295,CUST03046,Savings,BR040,2019-08-11,407318.49,Active
ACC000296,CUST00860,Salary,BR045,2021-10-03,213421.01,Active
ACC000297,CUST02086,Savings,BR023,2021-01-26,125257.46,Active
ACC000298,CUST02728,Current,BR005,2018-10-09,211865.67,Active
ACC000299,CUST00377,Savings,BR031,2019-09-22,81527.49,Active
ACC000300,CUST04472,Savings,BR029,2024-10-02,445976.6,Active
ACC000301,CUST04691,Savings,BR006,2018-08-11,36698.17,Active
ACC000302,CUST02795,Savings,BR025,2018-03-21,177267.52,Active
ACC000303,CUST01066,Savings,BR025,2020-04-05,278907.45,Active
ACC000304,CUST03683,Savings,BR031,2025-06-22,436949.17,Active
ACC000305,CUST02008,Current,BR014,2024-09-26,390992.9,Active
ACC000306,CUST03202,Current,BR017,2024-07-09,12189.37,Active
ACC000307,CUST01052,Salary,BR016,2021-09-13,412798.82,Active
ACC000308,CUST00629,Salary,BR028,2020-10-22,319421.91,Active
ACC000309,CUST02374,Savings,BR009,2021-05-11,67540.85,Active
ACC000310,CUST03975,Salary,BR002,2024-04-24,309121.3,Active
ACC000311,CUST01184,Savings,BR004,2025-09-11,409129.21,Active
ACC000312,CUST04842,Savings,BR020,2020-04-16,301453.82,Active
ACC000313,CUST01278,Current,BR041,2023-08-06,499574.23,Active
ACC000314,CUST01952,Savings,BR036,2022-01-04,253994.71,Active
ACC000315,CUST03922,Current,BR037,2019-03-31,336892.41,Active
ACC000316,CUST03425,Savings,BR006,2022-12-16,36116.38,Active
ACC000317,CUST01326,Savings,BR001,2023-08-29,406785.89,Active
ACC000318,CUST01172,Savings,BR045,2023-03-19,312427.41,Active
ACC000319,CUST04317,Savings,BR050,2020-09-05,281060.16,Active
ACC000320,CUST03770,Salary,BR003,2019-03-09,354695.55,Active
ACC000321,CUST01872,Salary,BR037,2021-12-23,280694.37,Active
ACC000322,CUST03632,Savings,BR045,2018-09-09,383459.26,Active
ACC000323,CUST02311,Savings,BR042,2023-07-17,292174.28,Active
ACC000324,CUST02344,Savings,BR003,2020-03-06,260506.86,Active
ACC000325,CUST03387,Salary,BR043,2023-01-21,68374.72,Active
ACC000326,CUST03068,Savings,BR033,2025-05-20,236443.55,Active
ACC000327,CUST02340,Salary,BR015,2025-08-17,269579.1,Active
ACC000328,CUST00684,Current,BR004,2018-08-09,312662.33,Active
ACC000329,CUST00876,Salary,BR015,2023-12-01,228490.19,Active
ACC000330,CUST01055,Savings,BR007,2019-07-14,74175.08,Active
ACC000331,CUST03754,Current,BR047,2020-12-17,76030.95,Active
ACC000332,CUST02603,Current,BR004,2024-02-23,360772.89,Active
ACC000333,CUST04015,Salary,BR003,2022-10-08,331062.18,Active
ACC000334,CUST00349,Salary,BR023,2020-02-19,130490.16,Inactive
ACC000335,CUST04315,Savings,BR014,2024-03-12,223482.94,Inactive
ACC000336,CUST01023,Current,BR006,2019-09-28,154171.88,Active
ACC000337,CUST00450,Salary,BR033,2020-11-05,91330.41,Active
ACC000338,CUST00504,Salary,BR009,2025-06-17,163755.63,Active
ACC000339,CUST00086,Current,BR012,2025-05-31,132081.84,Active
ACC000340,CUST03323,Savings,BR050,2024-03-30,42131.38,Active
ACC000341,CUST00523,Savings,BR035,2023-09-04,252738.8,Active
ACC000342,CUST03152,Salary,BR031,2021-11-25,225991.14,Active
ACC000343,CUST03693,Savings,BR003,2022-12-09,357589.56,Active
ACC000344,CUST02509,Savings,BR046,2021-10-20,310532.53,Active
ACC000345,CUST00630,Savings,BR036,2023-10-20,172345.71,Inactive
ACC000346,CUST00018,Current,BR013,2022-05-02,248655.8,Active
ACC000347,CUST01269,Savings,BR013,2023-09-04,268505.47,Active
ACC000348,CUST01177,Savings,BR034,2019-04-03,458856.76,Active
ACC000349,CUST01633,Savings,BR021,2018-07-30,490865.48,Active
ACC000350,CUST04596,Current,BR034,2025-02-01,407955.86,Active
ACC000351,CUST04554,Salary,BR042,2025-09-19,281490.17,Inactive
ACC000352,CUST03770,Savings,BR043,2020-11-28,464125.31,Active
ACC000353,CUST03614,Savings,BR028,2019-11-08,89878.25,Active
ACC000354,CUST00115,Current,BR047,2023-11-13,348551.54,Active
ACC000355,CUST00753,Salary,BR035,2021-11-14,230773.39,Active
ACC000356,CUST04865,Current,BR014,2024-03-17,73229.71,Active
ACC000357,CUST02401,Current,BR018,2020-06-24,38529.78,Active
ACC000358,CUST01871,Salary,BR019,2021-07-15,240890.18,Active
ACC000359,CUST02589,Savings,BR019,2022-02-26,120245.63,Active
ACC000360,CUST00322,Savings,BR033,2022-07-12,126002.62,Active
ACC000361,CUST04322,Current,BR035,2020-12-25,160788.23,Active
ACC000362,CUST03828,Salary,BR020,2021-11-11,359463.75,Active
ACC000363,CUST04457,Savings,BR029,2024-02-19,82880.71,Active
ACC000364,CUST00834,Salary,BR008,2024-02-01,359060.39,Active
ACC000365,CUST04208,Current,BR025,2018-04-22,391572.25,Active
ACC000366,CUST00212,Current,BR017,2023-11-29,297645.57,Active
ACC000367,CUST01257,Savings,BR001,2022-02-19,124531.21,Active
ACC000368,CUST00159,Savings,BR038,2023-04-29,26714.73,Active
ACC000369,CUST02620,Current,BR049,2024-11-05,204564.61,Active
ACC000370,CUST01348,Savings,BR030,2019-02-17,423875.17,Active
ACC000371,CUST03165,Savings,BR028,2025-04-05,51833.26,Active
ACC000372,CUST03213,Salary,BR033,2020-08-17,372670.55,Active
ACC000373,CUST00911,Salary,BR013,2018-07-05,234477.01,Active
ACC000374,CUST02452,Savings,BR024,2022-04-26,449517.7,Active
ACC000375,CUST03804,Current,BR044,2018-02-20,178742.85,Active
ACC000376,CUST00404,Savings,BR037,2021-03-15,352669.67,Active
ACC000377,CUST01842,Savings,BR022,2018-12-21,370319.57,Active
ACC000378,CUST02649,Current,BR013,2024-08-07,100172.11,Active
ACC000379,CUST01691,Current,BR040,2025-01-27,79915.32,Active
ACC000380,CUST03486,Savings,BR012,2021-07-31,47272.84,Active
ACC000381,CUST01257,Savings,BR041,2018-02-05,351089.59,Active
ACC000382,CUST04289,Savings,BR049,2018-10-04,274527.08,Active
ACC000383,CUST03185,Salary,BR046,2022-09-16,44272.67,Active
ACC000384,CUST01643,Current,BR007,2021-09-10,154858.74,Active
ACC000385,CUST03353,Savings,BR036,2024-02-08,72030.86,Active
ACC000386,CUST00523,Savings,BR029,2024-11-23,47247.83,Active
ACC000387,CUST04446,Savings,BR029,2023-01-10,150086.81,Active
ACC000388,CUST01945,Current,BR026,2024-09-30,49051.71,Active
ACC000389,CUST03572,Salary,BR027,2020-06-07,130832.81,Active
ACC000390,CUST01561,Savings,BR024,2019-02-08,276806.86,Active
ACC000391,CUST04748,Salary,BR031,2019-05-29,280891.2,Active
ACC000392,CUST04731,Savings,BR007,2025-02-26,84833.15,Active
ACC000393,CUST03595,Savings,BR017,2024-10-24,96315.75,Active
ACC000394,CUST00593,Savings,BR049,2021-06-23,427630.81,Active
ACC000395,CUST03894,Savings,BR033,2020-12-05,84300.51,Active
ACC000396,CUST02669,Salary,BR034,2023-10-24,23824.99,Active
ACC000397,CUST03903,Current,BR018,2021-03-18,123165.6,Active
ACC000398,CUST00756,Savings,BR041,2024-09-19,288636.77,Active
ACC000399,CUST01300,Savings,BR005,2023-08-13,4605.01,Active
ACC000400,CUST00497,Savings,BR001,2020-10-29,492508.55,Active
ACC000401,CUST04869,Savings,BR007,2019-05-29,115964.42,Active
ACC000402,CUST02422,Current,BR034,2025-01-31,119820.65,Active
ACC000403,CUST01599,Current,BR003,2018-10-17,369570.13,Active
ACC000404,CUST04280,Savings,BR036,2024-02-07,124841.36,Active
ACC000405,CUST04128,Savings,BR035,2024-05-02,198679.54,Active
ACC000406,CUST04379,Savings,BR012,2018-03-24,272415.43,Active
ACC000407,CUST04932,Salary,BR015,2023-02-28,11914.36,Active
ACC000408,CUST03591,Savings,BR004,2024-04-24,418809.02,Active
ACC000409,CUST04782,Savings,BR033,2022-05-03,256513.34,Active
ACC000410,CUST00462,Savings,BR016,2022-07-28,157146.57,Active
ACC000411,CUST04967,Savings,BR029,2023-01-10,200493.53,Active
ACC000412,CUST00368,Savings,BR006,2020-08-07,28856.54,Active
ACC000413,CUST02706,Current,BR049,2024-02-25,359272.57,Active
ACC000414,CUST03324,Salary,BR037,2021-08-08,270212.7,Active
ACC000415,CUST00166,Savings,BR023,2019-10-10,457081.73,Active
ACC000416,CUST03687,Savings,BR013,2018-09-23,232629.23,Active
ACC000417,CUST04083,Current,BR044,2025-12-27,414372.36,Active
ACC000418,CUST03048,Current,BR001,2025-08-10,94975.94,Active
ACC000419,CUST01729,Savings,BR012,2020-05-10,29198.17,Active
ACC000420,CUST04698,Salary,BR027,2018-01-19,474271.62,Active
ACC000421,CUST03670,Salary,BR025,2019-01-06,129222.09,Inactive
ACC000422,CUST03175,Savings,BR022,2023-01-25,416958.28,Active
ACC000423,CUST02174,Savings,BR034,2019-09-11,129409.53,Active
ACC000424,CUST00038,Current,BR018,2019-10-05,78765.01,Active
ACC000425,CUST04444,Current,BR041,2022-03-26,366532.92,Inactive
ACC000426,CUST02022,Savings,BR016,2024-08-23,389424.66,Active
ACC000427,CUST00734,Savings,BR029,2022-10-01,421962.76,Inactive
ACC000428,CUST04522,Savings,BR030,2020-03-27,432569.47,Active
ACC000429,CUST00648,Current,BR030,2025-11-11,242082.47,Active
ACC000430,CUST03303,Savings,BR020,2023-11-08,200708.23,Active
ACC000431,CUST00320,Savings,BR047,2024-01-01,375733.51,Active
ACC000432,CUST04608,Current,BR022,2023-01-05,285123.77,Active
ACC000433,CUST02554,Savings,BR042,2025-04-22,482676.79,Active
ACC000434,CUST03179,Current,BR034,2020-05-13,188542.17,Active
ACC000435,CUST01723,Savings,BR004,2018-07-23,22394.89,Active
ACC000436,CUST01757,Savings,BR050,2023-04-15,295062.98,Inactive
ACC000437,CUST03679,Savings,BR031,2022-03-09,177381.33,Active
ACC000438,CUST03779,Salary,BR050,2025-12-22,171994.16,Active
ACC000439,CUST02516,Current,BR014,2024-01-10,282695.02,Active
ACC000440,CUST03848,Savings,BR008,2019-06-13,460968.86,Active
ACC000441,CUST00938,Salary,BR037,2018-12-05,134212.18,Active
ACC000442,CUST00765,Current,BR005,2025-08-28,190417.09,Active
ACC000443,CUST00653,Savings,BR008,2023-05-29,445733.58,Active
ACC000444,CUST04081,Savings,BR011,2022-03-13,447714.35,Inactive
ACC000445,CUST03603,Savings,BR029,2020-12-15,118059.95,Active
ACC000446,CUST02130,Current,BR021,2019-07-10,353458.96,Active
ACC000447,CUST04577,Current,BR039,2025-09-01,208364.91,Active
ACC000448,CUST03965,Savings,BR013,2020-07-19,468064.28,Active
ACC000449,CUST04612,Savings,BR049,2025-02-11,366390.41,Active
ACC000450,CUST00187,Savings,BR019,2021-02-27,247682.28,Active
ACC000451,CUST00146,Savings,BR003,2018-04-08,408888.26,Active
ACC000452,CUST04248,Savings,BR034,2020-03-03,498941.39,Active
ACC000453,CUST01387,Savings,BR038,2024-10-05,224074.61,Active
ACC000454,CUST04189,Savings,BR019,2018-03-21,187382.69,Active
ACC000455,CUST02588,Salary,BR032,2018-10-15,303911.01,Active
ACC000456,CUST02697,Savings,BR047,2025-12-04,341858.15,Active
ACC000457,CUST04013,Savings,BR036,2022-11-05,352519.81,Active
ACC000458,CUST04698,Savings,BR039,2024-01-26,237317.87,Active
ACC000459,CUST00049,Savings,BR014,2018-03-12,166814.1,Active
ACC000460,CUST03330,Current,BR007,2018-09-20,411140.45,Active
ACC000461,CUST03590,Savings,BR020,2019-12-13,479171.89,Active
ACC000462,CUST02589,Savings,BR032,2025-08-02,432126.94,Active
ACC000463,CUST03482,Savings,BR046,2025-01-21,341494.76,Active
ACC000464,CUST00775,Savings,BR031,2020-02-24,180714.91,Active
ACC000465,CUST04642,Savings,BR022,2018-07-29,311619.08,Active
ACC000466,CUST01261,Current,BR005,2023-12-05,51478.87,Active
ACC000467,CUST00650,Savings,BR031,2025-04-17,267422.57,Active
ACC000468,CUST03440,Current,BR015,2018-11-11,390827.38,Active
ACC000469,CUST03049,Savings,BR044,2023-08-21,126278.51,Active
ACC000470,CUST02024,Savings,BR017,2020-12-10,251265.6,Active
ACC000471,CUST01081,Savings,BR037,2020-10-27,37563.85,Inactive
ACC000472,CUST04271,Salary,BR019,2023-05-01,419409.99,Active
ACC000473,CUST02075,Savings,BR010,2020-08-12,175765.75,Active
ACC000474,CUST04243,Savings,BR044,2022-04-22,291521.73,Active
ACC000475,CUST04964,Savings,BR034,2018-09-18,189888.89,Active
ACC000476,CUST02313,Current,BR049,2022-03-16,299202.58,Active
ACC000477,CUST03475,Savings,BR025,2018-07-19,372354.78,Active
ACC000478,CUST02306,Salary,BR037,2024-07-05,164080.49,Active
ACC000479,CUST03261,Current,BR028,2018-03-31,260111.43,Active
ACC000480,CUST02875,Salary,BR015,2019-08-14,397642.39,Active
ACC000481,CUST04839,Savings,BR020,2023-10-04,344237.85,Active
ACC000482,CUST04806,Salary,BR013,2023-04-20,29479.41,Active
ACC000483,CUST03311,Savings,BR020,2021-05-29,284810.66,Active
ACC000484,CUST01351,Savings,BR043,2018-04-02,188790.5,Active
ACC000485,CUST01094,Salary,BR031,2023-10-05,354681.29,Active
ACC000486,CUST03777,Savings,BR018,2023-05-20,9317.25,Active
ACC000487,CUST03097,Salary,BR041,2018-03-02,165967.81,Active
ACC000488,CUST01855,Savings,BR048,2023-03-11,44160.04,Active
ACC000489,CUST02267,Salary,BR028,2023-12-05,460325.46,Active
ACC000490,CUST00561,Savings,BR047,2019-08-13,438373.28,Active
ACC000491,CUST04988,Current,BR004,2018-08-24,484076.25,Active
ACC000492,CUST04693,Savings,BR024,2023-09-12,322090.68,Active
ACC000493,CUST04546,Savings,BR044,2020-02-25,403717.38,Active
ACC000494,CUST02384,Current,BR045,2021-01-02,306322.51,Active
ACC000495,CUST01826,Current,BR009,2018-01-21,246529.86,Active
ACC000496,CUST01684,Savings,BR047,2023-03-04,417076.41,Active
ACC000497,CUST01199,Savings,BR050,2021-03-23,388306.94,Active
ACC000498,CUST01010,Savings,BR032,2021-07-01,366905.13,Active
ACC000499,CUST01772,Savings,BR032,2021-05-15,447061.55,Inactive
ACC000500,CUST01708,Savings,BR039,2018-10-29,464443.34,Active
ACC000501,CUST04536,Salary,BR021,2024-06-02,223198.36,Active
ACC000502,CUST02273,Savings,BR044,2020-02-12,142127.83,Active
ACC000503,CUST02613,Savings,BR042,2020-12-03,256380.99,Active
ACC000504,CUST04342,Salary,BR039,2019-02-23,47440.03,Active
ACC000505,CUST01543,Savings,BR046,2022-03-21,469142.07,Active
ACC000506,CUST01238,Savings,BR027,2018-03-03,491942.81,Active
ACC000507,CUST02976,Current,BR047,2020-05-07,326699.73,Active
ACC000508,CUST01725,Current,BR036,2019-06-22,373334.69,Active
ACC000509,CUST02264,Current,BR008,2021-09-02,162512.36,Inactive
ACC000510,CUST00283,Current,BR019,2021-12-29,433267.46,Active
ACC000511,CUST02621,Savings,BR029,2023-02-04,450250.97,Active
ACC000512,CUST03287,Savings,BR019,2019-11-27,39374.22,Active
ACC000513,CUST00172,Current,BR005,2020-03-28,66590.49,Active
ACC000514,CUST03457,Savings,BR022,2021-11-05,131165.62,Active
ACC000515,CUST01883,Savings,BR035,2020-07-08,352133.56,Active
ACC000516,CUST02276,Salary,BR010,2020-09-01,92498.97,Active
ACC000517,CUST02622,Current,BR015,2019-06-26,110819.97,Active
ACC000518,CUST00601,Savings,BR002,2022-09-08,191549.92,Active
ACC000519,CUST03791,Salary,BR042,2020-02-29,306206.54,Inactive
ACC000520,CUST02024,Current,BR022,2023-09-12,488178.37,Active
ACC000521,CUST00467,Salary,BR048,2019-08-04,392163.45,Active
ACC000522,CUST03951,Salary,BR035,2023-08-04,279593.45,Active
ACC000523,CUST03890,Savings,BR039,2018-12-18,25643.72,Active
ACC000524,CUST04393,Current,BR019,2024-04-21,258903.12,Active
ACC000525,CUST02593,Current,BR047,2020-12-09,102838.51,Inactive
ACC000526,CUST01020,Salary,BR012,2023-07-25,150734.46,Active
ACC000527,CUST01548,Current,BR034,2021-07-01,126179.48,Inactive
ACC000528,CUST04757,Savings,BR045,2022-08-27,174376.61,Active
ACC000529,CUST04750,Savings,BR020,2018-09-30,32067.63,Active
ACC000530,CUST04898,Savings,BR007,2025-07-03,288842.06,Active
ACC000531,CUST04437,Salary,BR024,2023-02-26,23830.77,Active
ACC000532,CUST00704,Salary,BR003,2018-09-07,330631.19,Active
ACC000533,CUST00853,Savings,BR006,2021-06-14,365670.36,Active
ACC000534,CUST00306,Savings,BR033,2018-08-20,243545.96,Active
ACC000535,CUST03579,Salary,BR034,2024-10-11,390847.3,Active
ACC000536,CUST01934,Savings,BR033,2020-08-14,483727.96,Active
ACC000537,CUST01788,Savings,BR029,2019-09-26,170686.25,Active
ACC000538,CUST03788,Savings,BR023,2018-08-30,309834.56,Inactive
ACC000539,CUST00874,Salary,BR004,2023-12-22,162542.14,Active
ACC000540,CUST01582,Current,BR005,2020-12-30,222249.41,Active
ACC000541,CUST03958,Savings,BR034,2020-10-20,11391.94,Active
ACC000542,CUST04591,Savings,BR016,2021-07-26,38100.59,Active
ACC000543,CUST03333,Current,BR040,2018-08-07,398966.84,Active
ACC000544,CUST01686,Salary,BR047,2019-11-28,70813.98,Active
ACC000545,CUST01606,Current,BR043,2018-11-03,349876.56,Active
ACC000546,CUST00896,Savings,BR042,2023-07-17,354724.65,Active
ACC000547,CUST03264,Savings,BR003,2018-11-10,498116.76,Active
ACC000548,CUST03425,Salary,BR043,2022-10-19,348102.41,Active
ACC000549,CUST03854,Savings,BR049,2022-12-22,65244.1,Active
ACC000550,CUST02347,Savings,BR042,2021-11-29,313644.28,Active
ACC000551,CUST03532,Salary,BR049,2021-11-03,262547.27,Active
ACC000552,CUST02475,Salary,BR014,2018-10-08,458777.99,Active
ACC000553,CUST01862,Current,BR033,2022-07-19,345384.88,Inactive
ACC000554,CUST02764,Current,BR028,2018-02-04,259720.82,Active
ACC000555,CUST04853,Savings,BR041,2023-10-19,312482.73,Active
ACC000556,CUST00031,Savings,BR015,2018-12-26,222286.52,Active
ACC000557,CUST04008,Savings,BR004,2022-09-10,254695.24,Active
ACC000558,CUST03456,Savings,BR020,2023-04-19,361450.14,Active
ACC000559,CUST00243,Savings,BR025,2019-02-12,40094.79,Active
ACC000560,CUST04782,Salary,BR035,2022-05-04,308052.45,Active
ACC000561,CUST01499,Savings,BR039,2019-08-03,45020.52,Active
ACC000562,CUST04669,Savings,BR022,2025-01-10,427683.32,Active
ACC000563,CUST03423,Savings,BR035,2019-08-29,471289.23,Active
ACC000564,CUST04004,Current,BR047,2021-11-08,390321.07,Active
ACC000565,CUST01660,Savings,BR028,2023-10-30,359297.83,Active
ACC000566,CUST03229,Salary,BR010,2024-04-16,471929.92,Active
ACC000567,CUST00599,Savings,BR016,2023-09-24,110045.63,Inactive
ACC000568,CUST02196,Current,BR049,2018-05-17,115187.64,Active
ACC000569,CUST00070,Current,BR023,2025-11-10,241026.67,Active
ACC000570,CUST01394,Savings,BR019,2020-09-05,4724.05,Active
ACC000571,CUST03660,Current,BR001,2020-03-30,482569.88,Active
ACC000572,CUST01650,Savings,BR001,2022-01-24,17093.97,Active
ACC000573,CUST02282,Salary,BR046,2024-08-11,298459.87,Active
ACC000574,CUST03683,Salary,BR026,2024-03-26,177632.98,Active
ACC000575,CUST02684,Savings,BR034,2024-02-09,52380.01,Inactive
ACC000576,CUST04563,Savings,BR002,2019-04-12,13282.85,Active
ACC000577,CUST04653,Savings,BR028,2020-04-17,131946.85,Active
ACC000578,CUST04990,Salary,BR020,2024-03-01,54235.33,Inactive
ACC000579,CUST04932,Savings,BR042,2020-09-01,470223.96,Active
ACC000580,CUST01311,Current,BR047,2019-09-15,123135.88,Active
ACC000581,CUST04714,Current,BR027,2023-04-07,47971.83,Active
ACC000582,CUST04230,Current,BR028,2020-12-27,385071.34,Active
ACC000583,CUST04104,Savings,BR031,2025-12-26,207711.79,Active
ACC000584,CUST02076,Savings,BR047,2025-02-10,421989.34,Active
ACC000585,CUST00783,Savings,BR007,2022-09-30,419377.05,Active
ACC000586,CUST03807,Savings,BR008,2025-04-05,496198.0,Active
ACC000587,CUST01334,Savings,BR032,2022-12-05,402110.14,Active
ACC000588,CUST03718,Savings,BR011,2025-09-03,107861.77,Active
ACC000589,CUST04637,Savings,BR048,2025-04-29,293637.75,Active
ACC000590,CUST01058,Savings,BR026,2020-10-12,263598.79,Active
ACC000591,CUST02055,Savings,BR025,2023-11-13,254586.63,Active
ACC000592,CUST03402,Savings,BR007,2022-10-15,149106.92,Active
ACC000593,CUST02110,Savings,BR020,2019-11-16,105860.27,Active
ACC000594,CUST03158,Savings,BR041,2025-10-15,358730.57,Active
ACC000595,CUST03797,Savings,BR030,2021-12-27,51779.1,Active
ACC000596,CUST03649,Current,BR001,2019-01-04,25758.38,Active
ACC000597,CUST01321,Savings,BR018,2024-05-15,191240.57,Active
ACC000598,CUST04418,Salary,BR008,2018-12-17,372218.81,Active
ACC000599,CUST03700,Savings,BR029,2021-06-03,434397.97,Inactive
ACC000600,CUST00733,Salary,BR040,2023-05-06,270523.34,Active
ACC000601,CUST03634,Salary,BR022,2024-09-19,420126.28,Active
ACC000602,CUST03550,Current,BR032,2024-10-29,13620.32,Active
ACC000603,CUST03663,Salary,BR040,2024-06-28,228229.37,Active
ACC000604,CUST04645,Savings,BR014,2025-05-01,67560.88,Active
ACC000605,CUST00605,Savings,BR002,2023-10-22,291776.04,Active
ACC000606,CUST01723,Savings,BR035,2019-06-02,460573.14,Active
ACC000607,CUST02405,Savings,BR007,2021-09-06,4588.04,Active
ACC000608,CUST03483,Savings,BR003,2018-01-22,334442.32,Active
ACC000609,CUST02813,Savings,BR015,2018-06-28,396382.51,Active
ACC000610,CUST01582,Savings,BR043,2025-07-18,372496.16,Active
ACC000611,CUST02279,Savings,BR034,2021-02-06,10864.78,Inactive
ACC000612,CUST02351,Savings,BR022,2022-01-19,87767.9,Active
ACC000613,CUST03624,Current,BR018,2022-05-10,48105.26,Active
ACC000614,CUST00715,Salary,BR046,2021-06-06,43641.65,Inactive
ACC000615,CUST00925,Savings,BR018,2020-07-26,365361.88,Active
ACC000616,CUST03163,Savings,BR034,2019-06-15,212969.89,Active
ACC000617,CUST04154,Savings,BR036,2024-08-08,362685.89,Active
ACC000618,CUST04530,Current,BR046,2023-04-05,181015.46,Inactive
ACC000619,CUST04079,Savings,BR039,2024-10-08,59407.6,Active
ACC000620,CUST02570,Salary,BR047,2020-08-16,359507.6,Active
ACC000621,CUST02816,Savings,BR038,2020-12-07,313402.54,Active
ACC000622,CUST04579,Savings,BR037,2022-01-28,57375.1,Active
ACC000623,CUST04463,Salary,BR018,2019-11-03,462257.84,Active
ACC000624,CUST00889,Salary,BR043,2023-04-18,155151.49,Active
ACC000625,CUST03479,Current,BR040,2021-07-20,327710.3,Active
ACC000626,CUST03590,Savings,BR029,2022-06-20,16958.48,Active
ACC000627,CUST01724,Current,BR012,2023-07-10,222078.17,Active
ACC000628,CUST01259,Savings,BR018,2020-11-19,482217.74,Active
ACC000629,CUST00411,Savings,BR031,2022-07-15,443367.78,Inactive
ACC000630,CUST02231,Savings,BR015,2020-05-28,111452.28,Active
ACC000631,CUST03195,Savings,BR040,2024-01-09,439686.04,Active
ACC000632,CUST02206,Current,BR030,2021-10-31,147242.01,Active
ACC000633,CUST02061,Savings,BR036,2024-04-21,426264.98,Active
ACC000634,CUST03899,Salary,BR028,2025-07-13,364884.24,Active
ACC000635,CUST02614,Savings,BR015,2025-05-25,176674.25,Inactive
ACC000636,CUST01813,Savings,BR043,2020-01-28,455484.66,Active
ACC000637,CUST01803,Current,BR033,2018-07-06,243154.37,Active
ACC000638,CUST03907,Salary,BR002,2020-05-28,159529.34,Active
ACC000639,CUST00678,Salary,BR008,2022-01-12,140563.24,Active
ACC000640,CUST02911,Current,BR048,2019-11-04,469594.49,Active
ACC000641,CUST04714,Savings,BR033,2020-05-25,379531.91,Active
ACC000642,CUST02252,Salary,BR035,2018-04-28,175599.65,Active
ACC000643,CUST03005,Salary,BR018,2020-12-17,127830.05,Active
ACC000644,CUST00795,Savings,BR026,2020-05-20,106596.9,Active
ACC000645,CUST00729,Savings,BR048,2024-11-10,123001.82,Active
ACC000646,CUST01694,Savings,BR021,2019-12-07,56378.72,Active
ACC000647,CUST04735,Savings,BR028,2025-05-13,242882.74,Active
ACC000648,CUST00191,Salary,BR020,2024-03-09,21495.01,Active
ACC000649,CUST04995,Savings,BR045,2019-05-01,6745.81,Active
ACC000650,CUST01997,Current,BR020,2022-04-27,309418.22,Inactive
ACC000651,CUST02108,Savings,BR004,2020-10-23,45151.18,Active
ACC000652,CUST03867,Savings,BR036,2023-05-22,422759.6,Active
ACC000653,CUST01490,Current,BR034,2021-06-06,54257.66,Active
ACC000654,CUST02110,Savings,BR045,2021-06-06,271791.83,Active
ACC000655,CUST00638,Savings,BR013,2020-09-11,338076.32,Active
ACC000656,CUST04046,Salary,BR031,2018-12-09,115348.6,Active
ACC000657,CUST04159,Current,BR039,2021-05-24,444243.81,Inactive
ACC000658,CUST02820,Savings,BR007,2022-07-25,241212.06,Active
ACC000659,CUST04112,Savings,BR017,2021-02-11,158344.23,Active
ACC000660,CUST00842,Savings,BR042,2022-09-23,450663.18,Active
ACC000661,CUST03952,Current,BR012,2022-11-14,429311.78,Active
ACC000662,CUST04059,Salary,BR030,2018-10-21,355104.07,Active
ACC000663,CUST03248,Savings,BR048,2018-01-28,145950.74,Active
ACC000664,CUST01217,Current,BR034,2022-06-08,195712.96,Active
ACC000665,CUST00899,Savings,BR022,2025-12-16,345176.95,Active
ACC000666,CUST02223,Savings,BR021,2021-09-06,93456.88,Active
ACC000667,CUST01258,Savings,BR009,2019-07-27,248061.12,Active
ACC000668,CUST01515,Savings,BR012,2020-07-16,369123.41,Active
ACC000669,CUST00417,Savings,BR017,2022-11-14,329198.75,Active
ACC000670,CUST04547,Current,BR016,2022-11-06,360246.61,Active
ACC000671,CUST02884,Savings,BR005,2021-12-05,446067.7,Active
ACC000672,CUST03827,Current,BR019,2024-09-10,484175.04,Active
ACC000673,CUST04376,Current,BR028,2025-04-02,229733.37,Active
ACC000674,CUST04340,Current,BR017,2020-12-11,30930.94,Active
ACC000675,CUST00675,Savings,BR022,2019-01-05,417340.81,Active
ACC000676,CUST00103,Savings,BR035,2018-06-13,59865.0,Active
ACC000677,CUST02358,Current,BR049,2021-08-19,110502.75,Active
ACC000678,CUST03994,Savings,BR015,2024-11-02,326930.56,Inactive
ACC000679,CUST04028,Salary,BR019,2025-02-04,373121.89,Active
ACC000680,CUST03709,Savings,BR047,2025-07-20,347628.98,Active
ACC000681,CUST04213,Savings,BR050,2018-12-17,219807.6,Active
ACC000682,CUST01496,Current,BR026,2024-08-23,459115.46,Active
ACC000683,CUST04859,Salary,BR044,2022-01-02,416265.94,Active
ACC000684,CUST03393,Savings,BR044,2018-07-20,332177.61,Active
ACC000685,CUST03507,Savings,BR035,2024-12-27,221096.77,Active
ACC000686,CUST02786,Salary,BR043,2020-11-17,232449.14,Active
ACC000687,CUST02235,Savings,BR023,2018-12-03,88807.35,Active
ACC000688,CUST03660,Savings,BR010,2018-10-14,390072.79,Active
ACC000689,CUST04881,Savings,BR022,2025-05-02,433115.73,Active
ACC000690,CUST03733,Savings,BR047,2020-11-20,413813.55,Active
ACC000691,CUST04803,Savings,BR011,2025-06-06,274001.88,Active
ACC000692,CUST04892,Savings,BR026,2022-12-01,419132.63,Active
ACC000693,CUST04569,Salary,BR001,2022-07-01,395414.01,Active
ACC000694,CUST03526,Current,BR036,2021-10-18,416347.3,Inactive
ACC000695,CUST03518,Salary,BR021,2018-04-17,490984.73,Active
ACC000696,CUST04778,Savings,BR008,2024-12-28,405190.02,Active
ACC000697,CUST04190,Savings,BR020,2018-04-27,136074.29,Active
ACC000698,CUST04832,Salary,BR045,2021-06-22,410610.6,Inactive
ACC000699,CUST02530,Savings,BR017,2023-10-28,188441.92,Active
ACC000700,CUST01914,Current,BR015,2020-01-11,258579.92,Active
ACC000701,CUST02458,Savings,BR021,2018-01-23,398403.36,Active
ACC000702,CUST01151,Current,BR001,2018-12-27,159042.7,Inactive
ACC000703,CUST03859,Salary,BR003,2019-12-01,14015.49,Active
ACC000704,CUST04138,Savings,BR031,2021-12-21,359354.12,Active
ACC000705,CUST04137,Savings,BR031,2018-08-05,451184.89,Active
ACC000706,CUST01511,Savings,BR021,2022-08-17,464016.34,Active
ACC000707,CUST03971,Savings,BR023,2025-07-17,399656.18,Inactive
ACC000708,CUST03916,Savings,BR017,2019-09-20,467636.29,Active
ACC000709,CUST03253,Current,BR022,2019-07-21,410507.39,Active
ACC000710,CUST03750,Savings,BR022,2024-10-26,16019.43,Active
ACC000711,CUST00744,Savings,BR036,2023-07-14,175478.06,Active
ACC000712,CUST02766,Savings,BR008,2024-11-11,168717.06,Active
ACC000713,CUST03939,Savings,BR047,2024-01-01,110363.01,Active
ACC000714,CUST02512,Savings,BR008,2018-11-10,399170.58,Active
ACC000715,CUST01074,Current,BR014,2019-12-30,260524.83,Active
ACC000716,CUST03218,Salary,BR038,2025-05-10,418308.4,Active
ACC000717,CUST04394,Savings,BR024,2019-04-19,301073.3,Inactive
ACC000718,CUST02193,Savings,BR022,2019-11-16,295714.06,Active
ACC000719,CUST00016,Current,BR015,2019-08-29,192690.08,Active
ACC000720,CUST03554,Savings,BR020,2021-05-27,395011.86,Active
ACC000721,CUST00107,Savings,BR027,2022-05-07,341862.74,Active
ACC000722,CUST04315,Current,BR028,2021-10-13,170037.17,Active
ACC000723,CUST02969,Savings,BR022,2018-10-02,496793.08,Active
ACC000724,CUST04467,Savings,BR031,2023-03-15,231931.81,Active
ACC000725,CUST03046,Salary,BR009,2020-01-22,158978.51,Active
ACC000726,CUST02858,Savings,BR023,2024-03-14,344208.74,Active
ACC000727,CUST04350,Salary,BR005,2022-05-02,112180.91,Active
ACC000728,CUST01429,Savings,BR045,2023-06-25,415491.39,Active
ACC000729,CUST02009,Salary,BR039,2019-11-07,340501.43,Active
ACC000730,CUST03102,Savings,BR017,2019-12-11,435162.61,Active
ACC000731,CUST03637,Savings,BR040,2020-07-11,165196.63,Active
ACC000732,CUST03472,Current,BR005,2019-02-12,427358.36,Active
ACC000733,CUST03032,Salary,BR007,2018-05-28,250964.64,Active
ACC000734,CUST02922,Savings,BR008,2021-01-14,30518.98,Active
ACC000735,CUST04446,Current,BR007,2019-05-18,97890.46,Active
ACC000736,CUST00879,Savings,BR022,2022-11-24,109606.93,Active
ACC000737,CUST02513,Current,BR044,2024-03-29,384227.5,Active
ACC000738,CUST00311,Current,BR038,2024-12-20,102359.58,Active
ACC000739,CUST01115,Savings,BR021,2024-10-06,281396.71,Active
ACC000740,CUST01322,Savings,BR004,2022-01-30,326618.47,Active
ACC000741,CUST03397,Savings,BR032,2024-04-13,387154.83,Inactive
ACC000742,CUST04376,Salary,BR029,2021-10-25,392156.23,Active
ACC000743,CUST00967,Savings,BR030,2018-04-15,359084.32,Active
ACC000744,CUST03190,Current,BR003,2024-03-31,107378.71,Active
ACC000745,CUST00695,Savings,BR005,2022-01-21,272191.19,Active
ACC000746,CUST02615,Current,BR019,2021-07-04,145794.62,Active
ACC000747,CUST00271,Current,BR008,2024-11-27,387773.68,Active
ACC000748,CUST01412,Current,BR037,2022-06-05,374298.31,Active
ACC000749,CUST03028,Salary,BR031,2021-04-10,115594.14,Active
ACC000750,CUST03125,Savings,BR027,2021-07-20,321030.02,Active
ACC000751,CUST01754,Savings,BR013,2020-01-29,30155.52,Active
ACC000752,CUST04937,Salary,BR042,2020-05-24,384505.66,Active
ACC000753,CUST01822,Savings,BR006,2018-04-22,390320.83,Active
ACC000754,CUST04336,Current,BR001,2023-09-02,174158.94,Active
ACC000755,CUST03286,Current,BR030,2024-06-20,403322.02,Active
ACC000756,CUST00361,Current,BR011,2018-07-21,429290.48,Active
ACC000757,CUST03436,Savings,BR041,2019-09-10,95838.84,Active
ACC000758,CUST00734,Savings,BR031,2025-04-07,176096.66,Active
ACC000759,CUST00852,Current,BR016,2020-09-21,131279.26,Active
ACC000760,CUST00860,Savings,BR015,2018-01-25,187804.81,Active
ACC000761,CUST04797,Current,BR005,2019-10-19,224005.18,Active
ACC000762,CUST01351,Savings,BR015,2022-03-12,255474.4,Active
ACC000763,CUST04085,Savings,BR001,2021-10-21,18516.75,Active
ACC000764,CUST02884,Savings,BR015,2019-06-15,28528.01,Active
ACC000765,CUST03548,Salary,BR036,2022-06-06,327962.08,Active
ACC000766,CUST04919,Savings,BR048,2018-02-15,221927.95,Active
ACC000767,CUST04193,Savings,BR039,2020-11-24,45779.06,Active
ACC000768,CUST00327,Salary,BR008,2024-02-28,193728.73,Active
ACC000769,CUST02121,Current,BR022,2022-04-08,238271.95,Active
ACC000770,CUST00994,Salary,BR027,2018-12-31,318159.46,Active
ACC000771,CUST01767,Savings,BR034,2024-11-22,60046.7,Active
ACC000772,CUST04429,Salary,BR030,2025-09-25,497407.35,Active
ACC000773,CUST01181,Savings,BR012,2024-09-29,237878.06,Active
ACC000774,CUST01965,Salary,BR002,2021-10-01,340714.5,Active
ACC000775,CUST02782,Salary,BR046,2021-10-04,454200.87,Active
ACC000776,CUST02906,Savings,BR038,2025-07-09,16879.86,Active
ACC000777,CUST00099,Savings,BR022,2025-10-28,301078.13,Inactive
ACC000778,CUST02780,Current,BR017,2024-02-16,270637.51,Active
ACC000779,CUST00244,Savings,BR035,2018-12-15,29645.99,Active
ACC000780,CUST04038,Current,BR042,2019-01-08,346820.84,Active
ACC000781,CUST01501,Savings,BR045,2022-07-21,111170.41,Active
ACC000782,CUST02710,Salary,BR023,2020-09-11,351238.91,Active
ACC000783,CUST03054,Savings,BR029,2020-09-13,181951.96,Active
ACC000784,CUST04463,Savings,BR029,2023-11-29,385292.97,Inactive
ACC000785,CUST03227,Savings,BR050,2022-04-28,470938.96,Active
ACC000786,CUST01048,Savings,BR019,2022-03-07,430395.8,Active
ACC000787,CUST04379,Savings,BR017,2025-05-17,241804.21,Active
ACC000788,CUST01316,Savings,BR008,2020-11-02,113411.18,Active
ACC000789,CUST01387,Savings,BR050,2019-06-07,496219.34,Active
ACC000790,CUST03921,Salary,BR007,2023-06-13,330089.84,Active
ACC000791,CUST01738,Savings,BR011,2024-02-23,198580.37,Active
ACC000792,CUST00422,Current,BR003,2021-11-15,241280.35,Inactive
ACC000793,CUST03802,Savings,BR002,2023-10-04,64899.59,Active
ACC000794,CUST01412,Savings,BR019,2024-02-09,253140.72,Active
ACC000795,CUST03250,Savings,BR028,2020-11-08,87409.09,Active
ACC000796,CUST04571,Current,BR028,2018-12-29,183507.0,Active
ACC000797,CUST02453,Savings,BR025,2024-11-25,246391.71,Active
ACC000798,CUST02084,Savings,BR011,2018-01-09,473951.57,Active
ACC000799,CUST04454,Savings,BR040,2025-05-31,312721.85,Active
ACC000800,CUST04654,Savings,BR043,2023-09-04,186573.2,Active
ACC000801,CUST03679,Savings,BR002,2021-08-22,57431.56,Inactive
ACC000802,CUST01351,Savings,BR012,2021-12-28,373847.11,Active
ACC000803,CUST02368,Savings,BR041,2023-07-14,233959.59,Active
ACC000804,CUST04834,Current,BR038,2021-12-16,35009.42,Active
ACC000805,CUST03341,Savings,BR012,2020-12-16,328780.44,Active
ACC000806,CUST02573,Savings,BR050,2020-04-03,175702.59,Active
ACC000807,CUST04121,Savings,BR025,2023-10-17,202541.75,Active
ACC000808,CUST03845,Savings,BR037,2020-10-21,419588.06,Active
ACC000809,CUST00640,Savings,BR031,2018-02-17,69516.81,Active
ACC000810,CUST01575,Current,BR017,2021-12-11,170847.06,Active
ACC000811,CUST03229,Current,BR048,2020-08-02,182470.41,Active
ACC000812,CUST04270,Savings,BR012,2023-05-31,2661.35,Active
ACC000813,CUST00186,Savings,BR030,2023-06-07,422819.13,Active
ACC000814,CUST01319,Savings,BR002,2018-12-21,417820.97,Active
ACC000815,CUST00528,Savings,BR016,2019-03-13,331256.32,Active
ACC000816,CUST03260,Salary,BR001,2019-12-01,449571.52,Active
ACC000817,CUST03484,Current,BR034,2023-04-02,137170.42,Active
ACC000818,CUST03020,Savings,BR045,2025-04-27,111094.51,Active
ACC000819,CUST04780,Salary,BR048,2018-03-31,35191.88,Inactive
ACC000820,CUST02234,Savings,BR001,2019-01-04,296414.39,Active
ACC000821,CUST01568,Savings,BR036,2021-04-07,248681.37,Active
ACC000822,CUST00575,Savings,BR003,2021-10-18,405387.76,Active
ACC000823,CUST02035,Savings,BR034,2023-03-12,241162.23,Active
ACC000824,CUST01325,Salary,BR012,2024-12-22,102414.87,Active
ACC000825,CUST04405,Salary,BR045,2019-12-05,404988.86,Active
ACC000826,CUST01213,Current,BR027,2023-12-21,228271.83,Active
ACC000827,CUST01435,Savings,BR050,2024-01-29,477959.28,Active
ACC000828,CUST00538,Current,BR037,2022-04-03,267701.24,Active
ACC000829,CUST04954,Current,BR025,2025-09-11,59252.73,Active
ACC000830,CUST01575,Savings,BR012,2024-10-24,425661.2,Active
ACC000831,CUST00193,Savings,BR033,2018-04-22,439326.78,Active
ACC000832,CUST01187,Current,BR009,2020-11-29,223270.34,Active
ACC000833,CUST04149,Salary,BR001,2018-04-12,13970.51,Inactive
ACC000834,CUST00475,Current,BR050,2021-10-24,15832.01,Active
ACC000835,CUST04270,Savings,BR023,2021-04-12,176223.48,Active
ACC000836,CUST01814,Savings,BR028,2018-12-07,358399.88,Active
ACC000837,CUST04796,Salary,BR003,2020-07-08,166194.86,Active
ACC000838,CUST02438,Salary,BR038,2023-05-02,4857.23,Active
ACC000839,CUST03380,Savings,BR036,2025-11-01,424436.94,Active
ACC000840,CUST04553,Savings,BR044,2018-07-15,484397.48,Active
ACC000841,CUST01355,Salary,BR044,2022-05-27,173838.36,Active
ACC000842,CUST03401,Salary,BR005,2021-04-20,37464.29,Active
ACC000843,CUST03755,Current,BR029,2022-12-30,146414.45,Active
ACC000844,CUST03530,Savings,BR013,2021-02-10,399703.88,Active
ACC000845,CUST00159,Current,BR044,2022-08-26,271587.05,Active
ACC000846,CUST01838,Savings,BR004,2022-04-24,192608.83,Inactive
ACC000847,CUST04612,Salary,BR006,2019-05-20,167779.22,Active
ACC000848,CUST01026,Savings,BR038,2023-05-21,58582.07,Active
ACC000849,CUST00659,Current,BR006,2024-03-16,170417.37,Active
ACC000850,CUST00678,Current,BR011,2022-03-21,235584.11,Inactive
ACC000851,CUST04411,Current,BR027,2022-11-12,336897.39,Active
ACC000852,CUST04047,Savings,BR046,2024-01-22,131777.1,Active
ACC000853,CUST03822,Savings,BR035,2024-08-25,448792.06,Active
ACC000854,CUST02376,Current,BR040,2021-04-22,242915.07,Inactive
ACC000855,CUST00276,Savings,BR004,2023-04-11,203175.47,Inactive
ACC000856,CUST04548,Savings,BR027,2024-08-13,297382.92,Active
ACC000857,CUST01589,Salary,BR016,2023-08-18,84644.25,Active
ACC000858,CUST04582,Savings,BR018,2021-11-06,54186.12,Active
ACC000859,CUST04663,Current,BR007,2023-07-07,173923.65,Active
ACC000860,CUST00246,Savings,BR011,2019-03-24,20926.76,Active
ACC000861,CUST00889,Current,BR008,2022-09-17,189414.02,Active
ACC000862,CUST02212,Current,BR006,2021-03-23,336071.14,Active
ACC000863,CUST04026,Current,BR048,2018-02-03,406249.03,Active
ACC000864,CUST00001,Salary,BR005,2019-05-12,290301.79,Active
ACC000865,CUST02911,Savings,BR006,2025-12-21,345973.25,Active
ACC000866,CUST02185,Current,BR038,2023-09-01,416731.76,Active
ACC000867,CUST04247,Current,BR002,2021-11-04,386791.92,Active
ACC000868,CUST03252,Savings,BR031,2025-06-03,160670.98,Active
ACC000869,CUST03052,Savings,BR039,2022-05-22,287137.92,Active
ACC000870,CUST01511,Salary,BR032,2023-04-23,133161.72,Active
ACC000871,CUST03772,Savings,BR009,2019-08-13,288590.56,Active
ACC000872,CUST01129,Savings,BR015,2022-04-24,213574.69,Active
ACC000873,CUST00698,Savings,BR021,2019-11-08,187026.79,Active
ACC000874,CUST01089,Savings,BR046,2021-01-27,92598.41,Active
ACC000875,CUST02420,Salary,BR028,2023-08-05,281314.77,Active
ACC000876,CUST02629,Savings,BR045,2024-05-07,364928.67,Active
ACC000877,CUST03790,Savings,BR027,2023-07-02,286068.57,Active
ACC000878,CUST00686,Salary,BR005,2018-01-01,35544.11,Active
ACC000879,CUST02757,Savings,BR017,2024-05-23,462239.15,Active
ACC000880,CUST01843,Current,BR037,2023-07-14,3740.03,Active
ACC000881,CUST01733,Salary,BR024,2020-07-27,442643.9,Active
ACC000882,CUST04836,Current,BR031,2021-07-03,383270.59,Active
ACC000883,CUST04367,Current,BR035,2020-05-03,49182.08,Inactive
ACC000884,CUST01973,Savings,BR041,2018-02-19,119045.63,Active
ACC000885,CUST00711,Savings,BR041,2022-04-05,175134.63,Active
ACC000886,CUST00325,Savings,BR004,2025-04-18,455240.15,Active
ACC000887,CUST04894,Savings,BR020,2024-02-16,489983.18,Active
ACC000888,CUST02968,Savings,BR043,2022-11-10,44496.97,Active
ACC000889,CUST03800,Savings,BR017,2025-09-08,199069.14,Active
ACC000890,CUST02595,Savings,BR046,2018-03-07,75491.65,Active
ACC000891,CUST01093,Savings,BR010,2024-09-09,139939.84,Active
ACC000892,CUST02956,Savings,BR037,2021-06-28,490554.08,Active
ACC000893,CUST00212,Savings,BR021,2018-05-08,492228.63,Active
ACC000894,CUST01582,Savings,BR021,2025-07-07,236596.83,Active
ACC000895,CUST03832,Current,BR049,2018-07-07,92386.23,Active
ACC000896,CUST01444,Current,BR016,2021-04-21,273962.28,Active
ACC000897,CUST04144,Salary,BR033,2022-05-26,161021.92,Active
ACC000898,CUST04327,Salary,BR010,2019-08-01,464486.59,Active
ACC000899,CUST00579,Current,BR044,2025-11-28,409288.94,Active
ACC000900,CUST02998,Current,BR018,2020-02-01,155111.49,Active
ACC000901,CUST01755,Savings,BR033,2019-10-29,10136.24,Active
ACC000902,CUST02980,Savings,BR029,2020-07-21,499026.27,Active
ACC000903,CUST03606,Salary,BR031,2023-10-28,341988.65,Active
ACC000904,CUST00422,Savings,BR024,2020-11-08,213438.03,Active
ACC000905,CUST00611,Savings,BR012,2023-05-25,144939.41,Active
ACC000906,CUST00446,Savings,BR020,2018-02-14,3207.79,Active
ACC000907,CUST00961,Savings,BR006,2021-05-30,77825.75,Active
ACC000908,CUST00131,Current,BR008,2023-12-17,3929.8,Active
ACC000909,CUST02648,Savings,BR014,2019-09-10,299194.63,Active
ACC000910,CUST04080,Savings,BR005,2020-02-02,332008.29,Active
ACC000911,CUST02435,Savings,BR036,2022-07-15,383631.28,Active
ACC000912,CUST03730,Current,BR048,2020-03-03,94312.68,Active
ACC000913,CUST04432,Current,BR038,2021-06-04,48889.46,Active
ACC000914,CUST01025,Savings,BR003,2024-09-10,325579.09,Active
ACC000915,CUST01653,Current,BR036,2024-05-11,250447.17,Active
ACC000916,CUST00538,Savings,BR022,2018-05-18,437967.26,Active
ACC000917,CUST04592,Current,BR008,2021-09-12,267099.75,Active
ACC000918,CUST03084,Current,BR014,2025-10-01,222965.79,Active
ACC000919,CUST00508,Salary,BR007,2024-03-12,244525.87,Active
ACC000920,CUST03925,Savings,BR004,2024-03-25,391378.54,Active
ACC000921,CUST00681,Savings,BR019,2023-11-25,10134.29,Active
ACC000922,CUST02613,Savings,BR043,2024-01-16,459187.51,Active
ACC000923,CUST04877,Savings,BR047,2023-04-02,357380.33,Active
ACC000924,CUST00760,Savings,BR024,2021-03-05,442759.58,Active
ACC000925,CUST04224,Savings,BR016,2023-09-09,479839.9,Active
ACC000926,CUST03148,Savings,BR006,2021-01-26,113775.84,Active
ACC000927,CUST02194,Salary,BR044,2019-09-01,289592.06,Active
ACC000928,CUST02547,Savings,BR008,2020-02-08,243535.82,Active
ACC000929,CUST04656,Salary,BR025,2020-02-23,269271.93,Active
ACC000930,CUST01223,Salary,BR032,2024-07-17,24597.3,Active
ACC000931,CUST03575,Salary,BR025,2018-06-17,457078.9,Active
ACC000932,CUST03024,Salary,BR010,2019-11-15,477387.41,Active
ACC000933,CUST03281,Current,BR043,2025-05-03,342877.03,Active
ACC000934,CUST01072,Current,BR041,2024-10-15,129880.54,Active
ACC000935,CUST00541,Savings,BR017,2018-02-08,393816.01,Active
ACC000936,CUST00511,Savings,BR046,2020-09-06,365692.4,Active
ACC000937,CUST04451,Salary,BR003,2024-08-31,287720.56,Active
ACC000938,CUST00345,Savings,BR009,2025-09-17,85949.51,Active
ACC000939,CUST04243,Savings,BR018,2020-03-01,101388.27,Inactive
ACC000940,CUST03370,Current,BR049,2020-01-12,295113.06,Active
ACC000941,CUST03823,Savings,BR030,2022-01-14,65283.57,Active
ACC000942,CUST02380,Salary,BR005,2024-09-14,362240.89,Active
ACC000943,CUST02481,Savings,BR032,2021-01-31,107087.44,Active
ACC000944,CUST00399,Current,BR027,2022-10-17,455329.43,Inactive
ACC000945,CUST03407,Savings,BR021,2018-04-12,449962.84,Active
ACC000946,CUST03281,Salary,BR024,2023-04-15,147508.33,Active
ACC000947,CUST04683,Savings,BR038,2019-10-17,42610.04,Active
ACC000948,CUST03767,Salary,BR003,2021-08-19,306096.49,Active
ACC000949,CUST01295,Savings,BR016,2020-01-22,224758.82,Active
ACC000950,CUST03252,Savings,BR015,2022-03-21,72710.74,Active
ACC000951,CUST03510,Savings,BR025,2021-05-17,266209.26,Active
ACC000952,CUST02036,Savings,BR008,2023-11-05,496369.4,Active
ACC000953,CUST04834,Current,BR041,2023-06-09,35422.47,Active
ACC000954,CUST03850,Savings,BR004,2020-05-08,132683.8,Active
ACC000955,CUST01778,Savings,BR032,2018-11-15,269768.53,Inactive
ACC000956,CUST00380,Savings,BR045,2020-08-24,396887.28,Active
ACC000957,CUST03764,Salary,BR035,2019-09-25,10361.8,Active
ACC000958,CUST01662,Savings,BR030,2021-01-18,366647.24,Active
ACC000959,CUST03059,Savings,BR039,2025-05-23,70801.89,Active
ACC000960,CUST01307,Current,BR048,2020-08-07,415509.06,Active
ACC000961,CUST02466,Salary,BR049,2023-06-24,346395.84,Active
ACC000962,CUST04452,Salary,BR030,2021-11-18,228799.17,Active
ACC000963,CUST00016,Salary,BR017,2023-03-26,410970.05,Active
ACC000964,CUST04411,Savings,BR019,2018-08-28,366791.29,Active
ACC000965,CUST02581,Salary,BR031,2023-12-31,379832.82,Active
ACC000966,CUST02593,Current,BR017,2022-10-09,145746.8,Active
ACC000967,CUST04790,Salary,BR002,2018-04-29,310090.01,Active
ACC000968,CUST00069,Savings,BR037,2019-08-19,71411.92,Active
ACC000969,CUST00411,Salary,BR048,2023-07-09,410609.52,Active
ACC000970,CUST03124,Savings,BR029,2021-06-28,263844.32,Active
ACC000971,CUST02860,Current,BR030,2018-06-12,412616.94,Active
ACC000972,CUST00919,Savings,BR043,2019-10-16,106367.28,Active
ACC000973,CUST04836,Savings,BR022,2018-12-16,66040.42,Active
ACC000974,CUST01491,Savings,BR038,2018-01-31,344795.42,Active
ACC000975,CUST03806,Savings,BR011,2024-11-10,30140.37,Active
ACC000976,CUST03344,Current,BR033,2023-11-09,122748.99,Active
ACC000977,CUST02487,Current,BR019,2023-12-16,454448.11,Active
ACC000978,CUST02578,Current,BR003,2025-09-27,67246.23,Active
ACC000979,CUST00273,Savings,BR040,2020-08-27,188402.39,Inactive
ACC000980,CUST04555,Salary,BR022,2020-04-27,472845.87,Active
ACC000981,CUST00820,Current,BR018,2020-03-02,10981.6,Active
ACC000982,CUST02616,Savings,BR045,2019-05-24,223212.24,Active
ACC000983,CUST04957,Current,BR030,2020-01-15,393443.15,Active
ACC000984,CUST02545,Savings,BR001,2020-01-10,454581.22,Active
ACC000985,CUST03985,Savings,BR020,2023-03-20,368052.88,Active
ACC000986,CUST04891,Savings,BR049,2023-08-01,444307.47,Active
ACC000987,CUST04901,Savings,BR005,2018-08-25,18149.75,Active
ACC000988,CUST02982,Savings,BR012,2023-06-30,50838.21,Inactive
ACC000989,CUST01891,Savings,BR011,2022-04-06,369125.56,Active
ACC000990,CUST03040,Salary,BR024,2020-10-09,376910.8,Active
ACC000991,CUST04936,Savings,BR018,2020-12-10,303030.45,Active
ACC000992,CUST02683,Savings,BR008,2023-02-16,365407.97,Active
ACC000993,CUST00603,Salary,BR029,2023-01-21,429168.51,Active
ACC000994,CUST03938,Savings,BR022,2019-04-14,273195.77,Active
ACC000995,CUST01433,Current,BR045,2023-03-31,473714.86,Active
ACC000996,CUST04463,Savings,BR002,2019-01-23,347424.59,Active
ACC000997,CUST00256,Savings,BR023,2021-09-28,236519.06,Active
ACC000998,CUST02488,Savings,BR016,2020-01-06,211337.54,Inactive
ACC000999,CUST01359,Salary,BR044,2019-10-16,375333.23,Inactive
ACC001000,CUST03702,Savings,BR008,2023-09-20,315604.14,Active
ACC001001,CUST02483,Savings,BR004,2022-02-18,408904.24,Active
ACC001002,CUST00690,Salary,BR014,2020-08-10,390712.15,Active
ACC001003,CUST03533,Salary,BR009,2022-09-22,262577.15,Active
ACC001004,CUST00308,Savings,BR011,2025-10-27,472905.19,Active
ACC001005,CUST01697,Salary,BR048,2022-04-30,352424.38,Inactive
ACC001006,CUST03167,Savings,BR038,2019-01-17,101218.95,Active
ACC001007,CUST00409,Savings,BR044,2018-04-06,309625.1,Active
ACC001008,CUST03952,Savings,BR016,2020-06-30,101704.71,Active
ACC001009,CUST00826,Savings,BR013,2020-02-26,279865.8,Active
ACC001010,CUST01192,Savings,BR036,2018-10-20,395177.29,Active
ACC001011,CUST02135,Savings,BR044,2018-12-07,406440.17,Active
ACC001012,CUST03095,Savings,BR036,2019-12-20,325761.68,Active
ACC001013,CUST04194,Savings,BR017,2025-01-29,391869.78,Active
ACC001014,CUST01775,Savings,BR014,2021-10-05,236645.59,Active
ACC001015,CUST04417,Salary,BR029,2025-12-29,275777.27,Active
ACC001016,CUST00534,Current,BR017,2020-08-17,439923.88,Active
ACC001017,CUST02868,Savings,BR001,2024-08-25,247047.24,Active
ACC001018,CUST01208,Salary,BR020,2025-12-16,176113.62,Active
ACC001019,CUST00417,Savings,BR033,2025-03-31,398699.29,Active
ACC001020,CUST02777,Savings,BR002,2023-03-30,26186.38,Active
ACC001021,CUST01238,Savings,BR017,2025-09-10,479220.15,Active
ACC001022,CUST04944,Savings,BR023,2024-08-08,170692.53,Active
ACC001023,CUST04766,Current,BR022,2025-02-26,315178.46,Active
ACC001024,CUST01944,Salary,BR001,2020-08-26,343042.17,Active
ACC001025,CUST02181,Savings,BR012,2025-11-14,69402.01,Active
ACC001026,CUST02101,Savings,BR013,2023-04-24,411607.26,Active
ACC001027,CUST04837,Savings,BR014,2023-07-24,286484.37,Active
ACC001028,CUST04119,Savings,BR010,2022-04-24,164636.38,Active
ACC001029,CUST03675,Current,BR012,2019-05-20,425492.25,Active
ACC001030,CUST00460,Current,BR022,2023-02-13,312915.11,Active
ACC001031,CUST00650,Savings,BR018,2023-07-26,393103.31,Active
ACC001032,CUST04578,Salary,BR039,2024-03-15,496162.58,Active
ACC001033,CUST00120,Savings,BR019,2023-02-26,66007.93,Active
ACC001034,CUST04769,Salary,BR030,2024-12-04,375048.65,Active
ACC001035,CUST02256,Savings,BR015,2025-08-28,379077.83,Active
ACC001036,CUST00318,Current,BR039,2021-09-10,437470.14,Active
ACC001037,CUST00868,Savings,BR014,2020-04-15,204624.66,Active
ACC001038,CUST03227,Savings,BR009,2019-05-04,434956.01,Active
ACC001039,CUST00394,Salary,BR005,2021-12-02,320301.74,Active
ACC001040,CUST02553,Savings,BR033,2025-10-18,35317.31,Active
ACC001041,CUST04409,Salary,BR048,2024-03-08,16726.86,Active
ACC001042,CUST03229,Savings,BR005,2025-06-06,241261.22,Active
ACC001043,CUST02062,Salary,BR024,2018-09-16,393130.2,Active
ACC001044,CUST00077,Salary,BR008,2021-06-04,192731.53,Active
ACC001045,CUST03411,Savings,BR019,2023-07-16,426064.24,Active
ACC001046,CUST00409,Savings,BR012,2022-06-06,246568.89,Active
ACC001047,CUST04093,Salary,BR008,2024-08-16,14117.95,Active
ACC001048,CUST02268,Savings,BR008,2021-11-15,486858.86,Active
ACC001049,CUST00744,Salary,BR038,2020-09-18,245316.27,Active
ACC001050,CUST04529,Savings,BR020,2023-11-06,325417.85,Active
ACC001051,CUST02854,Current,BR029,2019-02-04,100445.32,Active
ACC001052,CUST03835,Savings,BR041,2018-11-05,149368.0,Active
ACC001053,CUST03998,Current,BR034,2018-01-04,242657.96,Active
ACC001054,CUST01832,Savings,BR018,2021-04-11,428238.41,Active
ACC001055,CUST00988,Salary,BR001,2022-04-17,51875.16,Active
ACC001056,CUST02702,Savings,BR011,2024-03-23,390389.51,Active
ACC001057,CUST03713,Savings,BR047,2024-07-14,290096.04,Active
ACC001058,CUST03908,Salary,BR044,2021-05-14,250332.97,Active
ACC001059,CUST02865,Current,BR035,2021-01-30,438417.37,Active
ACC001060,CUST00755,Salary,BR032,2023-10-07,59941.95,Active
ACC001061,CUST00676,Savings,BR042,2022-12-10,495386.32,Active
ACC001062,CUST04928,Current,BR016,2021-03-19,427462.09,Inactive
ACC001063,CUST04124,Current,BR006,2025-02-16,163542.73,Active
ACC001064,CUST04512,Current,BR009,2022-04-15,226336.65,Active
ACC001065,CUST01711,Savings,BR040,2020-07-07,13476.65,Active
ACC001066,CUST03476,Savings,BR022,2019-06-08,264274.89,Active
ACC001067,CUST00542,Salary,BR048,2019-06-10,274312.07,Active
ACC001068,CUST00165,Savings,BR008,2021-08-08,463361.29,Active
ACC001069,CUST02256,Salary,BR032,2018-01-24,194574.91,Active
ACC001070,CUST00985,Savings,BR026,2025-09-11,285738.36,Active
ACC001071,CUST02662,Salary,BR018,2022-07-13,370568.05,Active
ACC001072,CUST04469,Current,BR037,2022-06-02,304649.7,Active
ACC001073,CUST00618,Current,BR012,2018-08-30,78930.77,Active
ACC001074,CUST03914,Savings,BR038,2018-07-22,86735.81,Active
ACC001075,CUST00069,Salary,BR034,2018-08-25,70031.41,Active
ACC001076,CUST03425,Savings,BR004,2020-08-08,109646.75,Active
ACC001077,CUST04197,Current,BR016,2018-10-21,164836.56,Active
ACC001078,CUST00001,Savings,BR024,2021-01-15,370094.03,Active
ACC001079,CUST02399,Current,BR014,2018-07-29,31401.98,Active
ACC001080,CUST02055,Salary,BR017,2020-02-27,410402.04,Active
ACC001081,CUST04414,Savings,BR031,2022-06-21,131968.74,Active
ACC001082,CUST00186,Current,BR004,2024-03-26,307098.42,Active
ACC001083,CUST04824,Savings,BR050,2019-02-14,276831.41,Inactive
ACC001084,CUST02510,Salary,BR044,2025-09-18,77857.1,Active
ACC001085,CUST04439,Salary,BR034,2020-08-20,144361.29,Active
ACC001086,CUST04809,Savings,BR038,2022-01-31,148664.54,Active
ACC001087,CUST03080,Savings,BR038,2019-04-03,312291.34,Active
ACC001088,CUST00136,Current,BR003,2025-02-14,394461.75,Active
ACC001089,CUST00383,Savings,BR008,2024-03-10,498148.02,Active
ACC001090,CUST04282,Savings,BR012,2023-01-06,48852.72,Active
ACC001091,CUST02687,Savings,BR035,2023-04-13,469394.73,Active
ACC001092,CUST00928,Savings,BR002,2019-01-21,281201.52,Active
ACC001093,CUST03444,Savings,BR029,2021-12-06,179027.14,Active
ACC001094,CUST00561,Savings,BR023,2019-06-12,143002.81,Active
ACC001095,CUST01190,Savings,BR033,2021-11-12,105311.21,Active
ACC001096,CUST00898,Current,BR050,2020-09-16,278980.25,Active
ACC001097,CUST02369,Savings,BR018,2018-04-12,473062.45,Active
ACC001098,CUST01739,Savings,BR040,2022-06-01,91895.8,Active
ACC001099,CUST04954,Current,BR022,2019-01-25,218647.36,Active
ACC001100,CUST03046,Salary,BR014,2021-05-10,102720.22,Active
ACC001101,CUST04381,Savings,BR029,2021-11-16,88639.56,Active
ACC001102,CUST03873,Salary,BR045,2020-04-20,433504.19,Active
ACC001103,CUST02399,Current,BR015,2021-10-09,131719.31,Active
ACC001104,CUST04762,Savings,BR015,2022-06-05,124737.95,Active
ACC001105,CUST01394,Savings,BR045,2022-11-15,454986.35,Active
ACC001106,CUST02589,Savings,BR004,2018-08-23,193634.1,Active
ACC001107,CUST03467,Current,BR036,2018-04-24,5349.62,Active
ACC001108,CUST02025,Savings,BR005,2023-06-07,360871.64,Active
ACC001109,CUST03686,Salary,BR003,2020-03-19,258988.99,Active
ACC001110,CUST00930,Current,BR012,2020-11-29,387291.57,Active
ACC001111,CUST04310,Savings,BR020,2023-11-21,285576.99,Active
ACC001112,CUST04400,Savings,BR044,2019-02-15,176282.34,Active
ACC001113,CUST03227,Savings,BR020,2021-08-11,34215.58,Active
ACC001114,CUST01404,Savings,BR039,2022-05-08,433102.37,Active
ACC001115,CUST00200,Savings,BR039,2020-03-18,104335.24,Active
ACC001116,CUST03752,Current,BR001,2022-05-07,485702.64,Active
ACC001117,CUST02286,Current,BR044,2020-11-26,123671.79,Active
ACC001118,CUST00671,Savings,BR003,2018-03-08,413690.76,Active
ACC001119,CUST01729,Savings,BR047,2024-09-16,394585.35,Active
ACC001120,CUST03239,Savings,BR009,2022-08-25,231910.82,Active
ACC001121,CUST01250,Savings,BR020,2024-03-03,201450.23,Active
ACC001122,CUST00879,Current,BR009,2018-12-07,351926.59,Active
ACC001123,CUST04347,Savings,BR031,2023-02-01,264747.7,Active
ACC001124,CUST03352,Salary,BR046,2020-12-11,316347.12,Active
ACC001125,CUST02524,Salary,BR028,2024-10-09,235637.51,Active
ACC001126,CUST00498,Current,BR035,2020-08-13,279020.16,Active
ACC001127,CUST01988,Savings,BR040,2018-07-28,95385.87,Active
ACC001128,CUST00978,Savings,BR038,2022-03-18,28642.78,Inactive
ACC001129,CUST03045,Savings,BR044,2023-07-04,178605.93,Active
ACC001130,CUST02749,Current,BR002,2025-06-16,233465.11,Inactive
ACC001131,CUST04880,Salary,BR003,2023-03-04,453108.77,Active
ACC001132,CUST02477,Current,BR014,2019-01-04,207555.82,Active
ACC001133,CUST00539,Current,BR017,2022-10-29,217525.46,Active
ACC001134,CUST04041,Current,BR035,2020-09-20,337740.87,Active
ACC001135,CUST00901,Salary,BR004,2018-03-23,104186.31,Active
ACC001136,CUST01467,Savings,BR047,2021-04-02,435948.16,Active
ACC001137,CUST03016,Salary,BR030,2019-01-12,214392.85,Active
ACC001138,CUST04306,Current,BR039,2018-01-03,465462.71,Active
ACC001139,CUST01734,Savings,BR014,2019-11-15,136362.93,Active
ACC001140,CUST00491,Salary,BR048,2020-02-03,233330.6,Active
ACC001141,CUST01710,Salary,BR027,2018-09-23,389302.43,Active
ACC001142,CUST01754,Savings,BR013,2024-10-18,278407.47,Active
ACC001143,CUST01919,Salary,BR020,2025-06-22,330961.5,Active
ACC001144,CUST02035,Savings,BR049,2019-12-26,141067.46,Active
ACC001145,CUST02712,Savings,BR049,2025-10-11,164901.14,Active
ACC001146,CUST01487,Savings,BR024,2021-06-04,254299.13,Active
ACC001147,CUST01501,Savings,BR010,2024-08-20,102037.44,Active
ACC001148,CUST00198,Savings,BR007,2021-07-09,64026.78,Inactive
ACC001149,CUST01968,Savings,BR017,2024-08-10,422057.4,Active
ACC001150,CUST04617,Current,BR022,2020-02-06,387652.32,Active
ACC001151,CUST01535,Savings,BR044,2024-10-11,466096.42,Active
ACC001152,CUST01714,Savings,BR011,2020-10-28,293689.35,Active
ACC001153,CUST01349,Savings,BR042,2023-05-08,210712.38,Active
ACC001154,CUST04784,Savings,BR023,2020-11-30,52407.49,Active
ACC001155,CUST04563,Savings,BR022,2023-03-17,425383.27,Active
ACC001156,CUST03845,Savings,BR040,2025-05-14,228673.34,Active
ACC001157,CUST00596,Savings,BR047,2025-02-24,281005.78,Active
ACC001158,CUST00139,Savings,BR018,2021-01-30,157448.14,Inactive
ACC001159,CUST01015,Savings,BR045,2021-05-27,262412.6,Active
ACC001160,CUST00242,Salary,BR026,2024-04-10,391094.4,Active
ACC001161,CUST02364,Savings,BR048,2025-12-02,356417.62,Active
ACC001162,CUST00733,Current,BR030,2020-07-27,494472.4,Active
ACC001163,CUST00135,Savings,BR013,2018-10-30,248328.84,Active
ACC001164,CUST03260,Savings,BR004,2019-01-05,265320.17,Active
ACC001165,CUST03762,Savings,BR043,2020-04-30,27310.28,Active
ACC001166,CUST02627,Salary,BR027,2024-05-11,195302.02,Active
ACC001167,CUST03141,Savings,BR040,2023-10-19,461130.06,Active
ACC001168,CUST02487,Current,BR010,2018-02-16,175887.63,Active
ACC001169,CUST02125,Current,BR044,2023-12-05,383289.81,Active
ACC001170,CUST01511,Savings,BR028,2025-01-08,488822.11,Active
ACC001171,CUST01819,Salary,BR021,2020-04-11,64297.46,Active
ACC001172,CUST04854,Savings,BR011,2025-04-20,167662.54,Active
ACC001173,CUST02797,Savings,BR020,2020-01-26,237712.72,Active
ACC001174,CUST04513,Savings,BR036,2021-12-23,119450.12,Active
ACC001175,CUST04303,Savings,BR019,2023-09-15,7205.75,Active
ACC001176,CUST01644,Savings,BR010,2020-06-23,234833.47,Active
ACC001177,CUST02769,Current,BR015,2024-09-20,268771.47,Active
ACC001178,CUST04407,Savings,BR045,2022-09-05,313091.79,Active
ACC001179,CUST03365,Current,BR045,2024-09-25,413780.33,Active
ACC001180,CUST01400,Savings,BR018,2024-12-10,127268.23,Inactive
ACC001181,CUST01551,Salary,BR007,2020-02-18,31457.0,Active
ACC001182,CUST03412,Savings,BR030,2022-11-26,45827.6,Active
ACC001183,CUST00083,Current,BR014,2023-04-23,249207.34,Active
ACC001184,CUST01480,Current,BR037,2020-04-11,461196.0,Active
ACC001185,CUST02921,Savings,BR041,2021-01-01,491123.2,Active
ACC001186,CUST02284,Savings,BR030,2022-05-21,103320.59,Active
ACC001187,CUST02441,Savings,BR027,2019-10-06,76831.73,Active
ACC001188,CUST01783,Savings,BR049,2019-02-17,177382.43,Active
ACC001189,CUST00605,Savings,BR037,2023-12-12,232480.94,Active
ACC001190,CUST04334,Current,BR048,2020-10-02,404224.58,Active
ACC001191,CUST00731,Savings,BR041,2025-05-24,387528.8,Active
ACC001192,CUST01361,Savings,BR017,2018-08-20,461410.38,Active
ACC001193,CUST02079,Savings,BR030,2024-10-16,429192.27,Active
ACC001194,CUST00978,Salary,BR018,2019-05-06,219957.45,Inactive
ACC001195,CUST01638,Savings,BR003,2022-09-07,10492.39,Inactive
ACC001196,CUST01982,Savings,BR028,2023-11-04,119058.19,Active
ACC001197,CUST02951,Savings,BR037,2022-08-18,305417.16,Active
ACC001198,CUST03301,Savings,BR030,2021-05-08,251245.69,Active
ACC001199,CUST04005,Current,BR021,2020-05-24,120839.96,Active
ACC001200,CUST00583,Current,BR049,2024-01-13,66668.02,Active
ACC001201,CUST00460,Current,BR020,2025-09-05,108790.05,Active
ACC001202,CUST00136,Savings,BR022,2020-06-16,130612.71,Active
ACC001203,CUST01977,Salary,BR036,2025-01-23,433778.04,Active
ACC001204,CUST00978,Savings,BR036,2023-02-13,355420.71,Active
ACC001205,CUST00284,Savings,BR021,2018-06-01,276613.9,Active
ACC001206,CUST02898,Savings,BR024,2021-09-13,11449.57,Active
ACC001207,CUST02399,Savings,BR021,2018-06-21,410776.99,Active
ACC001208,CUST04113,Savings,BR007,2021-11-29,276679.35,Active
ACC001209,CUST01239,Savings,BR008,2021-11-30,314042.88,Active
ACC001210,CUST03467,Savings,BR022,2020-02-01,33757.69,Active
ACC001211,CUST02462,Savings,BR022,2022-09-18,407610.17,Active
ACC001212,CUST03167,Salary,BR030,2023-03-14,416182.03,Active
ACC001213,CUST03705,Salary,BR034,2021-09-21,441787.66,Active
ACC001214,CUST02054,Savings,BR029,2022-11-13,264516.66,Active
ACC001215,CUST00780,Salary,BR010,2019-11-24,197628.2,Active
ACC001216,CUST02135,Salary,BR005,2024-02-21,37450.12,Inactive
ACC001217,CUST02237,Salary,BR049,2022-11-17,97748.65,Active
ACC001218,CUST01640,Savings,BR039,2018-04-10,113558.88,Active
ACC001219,CUST00420,Current,BR034,2022-05-07,32282.29,Inactive
ACC001220,CUST01827,Savings,BR038,2020-06-27,78033.21,Active
ACC001221,CUST03139,Current,BR010,2023-04-05,443514.96,Active
ACC001222,CUST03690,Current,BR009,2019-03-04,273155.88,Active
ACC001223,CUST04956,Current,BR032,2019-08-10,382481.15,Active
ACC001224,CUST00207,Savings,BR005,2018-09-13,138236.89,Active
ACC001225,CUST03391,Salary,BR035,2022-01-13,68164.47,Active
ACC001226,CUST03871,Savings,BR011,2019-12-22,187253.66,Active
ACC001227,CUST03797,Savings,BR042,2023-06-24,396699.61,Active
ACC001228,CUST02535,Savings,BR016,2024-09-17,149368.32,Active
ACC001229,CUST02181,Salary,BR027,2022-08-06,103062.91,Active
ACC001230,CUST04211,Salary,BR020,2025-03-12,12176.16,Active
ACC001231,CUST04307,Current,BR001,2019-02-11,312381.59,Active
ACC001232,CUST04228,Savings,BR026,2021-11-09,218475.06,Active
ACC001233,CUST01398,Savings,BR011,2023-05-16,130119.64,Active
ACC001234,CUST04250,Savings,BR015,2024-04-08,260357.32,Active
ACC001235,CUST01447,Savings,BR039,2023-09-26,350611.38,Active
ACC001236,CUST00952,Savings,BR040,2018-04-25,124485.94,Active
ACC001237,CUST04022,Savings,BR048,2020-10-13,304776.54,Active
ACC001238,CUST01718,Savings,BR018,2022-09-28,130816.28,Active
ACC001239,CUST04243,Salary,BR024,2020-03-16,493343.77,Active
ACC001240,CUST03806,Current,BR028,2023-12-18,366462.75,Active
ACC001241,CUST03199,Current,BR025,2022-04-30,301726.41,Active
ACC001242,CUST04811,Savings,BR023,2020-09-20,86993.05,Active
ACC001243,CUST01597,Savings,BR011,2023-06-20,293610.55,Active
ACC001244,CUST03734,Savings,BR033,2019-05-10,400427.58,Active
ACC001245,CUST03217,Savings,BR016,2023-01-27,368816.58,Active
ACC001246,CUST00907,Current,BR036,2018-03-23,389234.57,Active
ACC001247,CUST03751,Savings,BR023,2025-06-09,159582.0,Active
ACC001248,CUST04059,Salary,BR006,2021-04-20,164803.52,Active
ACC001249,CUST02155,Salary,BR043,2021-12-26,269903.1,Active
ACC001250,CUST04925,Savings,BR024,2021-04-12,140050.36,Active
ACC001251,CUST01338,Savings,BR038,2025-10-27,57393.55,Active
ACC001252,CUST04107,Salary,BR042,2023-07-15,231099.82,Active
ACC001253,CUST02496,Current,BR006,2024-10-28,1960.16,Active
ACC001254,CUST02975,Current,BR010,2025-12-26,380618.39,Active
ACC001255,CUST02443,Current,BR022,2021-08-04,375093.77,Active
ACC001256,CUST04474,Savings,BR023,2019-07-15,276406.02,Active
ACC001257,CUST00361,Savings,BR005,2021-07-09,374061.88,Active
ACC001258,CUST03065,Savings,BR028,2022-11-15,312639.6,Active
ACC001259,CUST04738,Savings,BR009,2023-10-06,349030.2,Active
ACC001260,CUST00573,Savings,BR039,2023-08-16,33263.26,Active
ACC001261,CUST01956,Savings,BR049,2022-05-18,440751.46,Active
ACC001262,CUST03045,Salary,BR044,2020-08-02,322321.7,Active
ACC001263,CUST01585,Savings,BR028,2019-08-02,305704.78,Active
ACC001264,CUST02234,Savings,BR025,2020-07-03,194233.24,Active
ACC001265,CUST03293,Savings,BR043,2022-09-15,15039.57,Active
ACC001266,CUST03247,Savings,BR038,2018-06-11,450829.41,Active
ACC001267,CUST01815,Savings,BR027,2022-06-29,492846.95,Active
ACC001268,CUST04042,Current,BR024,2020-02-14,404085.54,Active
ACC001269,CUST01890,Salary,BR043,2018-02-26,457604.54,Active
ACC001270,CUST01900,Savings,BR043,2025-01-19,61357.76,Active
ACC001271,CUST02656,Savings,BR046,2021-04-04,65208.93,Active
ACC001272,CUST02330,Current,BR016,2019-06-30,439923.51,Active
ACC001273,CUST03719,Savings,BR002,2023-09-25,29695.46,Active
ACC001274,CUST01057,Savings,BR002,2020-03-21,47508.56,Inactive
ACC001275,CUST02130,Savings,BR005,2018-02-16,408606.85,Active
ACC001276,CUST01507,Salary,BR046,2021-11-14,278930.36,Active
ACC001277,CUST01631,Savings,BR021,2024-04-18,196471.81,Active
ACC001278,CUST00992,Salary,BR010,2024-01-23,277170.77,Active
ACC001279,CUST04591,Savings,BR042,2024-08-12,439495.1,Active
ACC001280,CUST01194,Savings,BR018,2021-11-03,378809.02,Active
ACC001281,CUST03969,Current,BR026,2021-11-13,346112.06,Active
ACC001282,CUST00703,Savings,BR020,2025-03-14,488465.91,Active
ACC001283,CUST01031,Savings,BR041,2019-07-26,261132.08,Active
ACC001284,CUST04922,Savings,BR036,2022-10-07,4155.71,Active
ACC001285,CUST02482,Savings,BR049,2018-12-14,215087.41,Active
ACC001286,CUST00563,Savings,BR021,2020-04-24,49189.4,Active
ACC001287,CUST00367,Current,BR002,2025-04-19,59110.44,Active
ACC001288,CUST00794,Current,BR046,2019-05-12,128195.56,Active
ACC001289,CUST03104,Salary,BR033,2019-11-27,191302.23,Active
ACC001290,CUST04732,Current,BR023,2023-02-17,241318.19,Active
ACC001291,CUST00987,Current,BR039,2023-06-02,85740.21,Active
ACC001292,CUST00958,Current,BR031,2025-01-02,156548.47,Active
ACC001293,CUST03596,Salary,BR004,2024-11-04,138993.17,Inactive
ACC001294,CUST00855,Savings,BR041,2019-06-27,183258.48,Active
ACC001295,CUST01570,Savings,BR003,2018-08-04,54887.29,Active
ACC001296,CUST02257,Current,BR037,2024-11-22,199273.14,Active
ACC001297,CUST03910,Savings,BR010,2025-12-10,277620.89,Active
ACC001298,CUST04104,Salary,BR042,2024-06-09,49377.11,Active
ACC001299,CUST04833,Savings,BR032,2018-10-25,260864.34,Active
ACC001300,CUST02223,Savings,BR036,2021-10-01,378200.52,Inactive
ACC001301,CUST04177,Current,BR049,2018-10-13,5111.6,Active
ACC001302,CUST00238,Savings,BR027,2018-05-06,24716.58,Active
ACC001303,CUST03289,Salary,BR049,2018-02-20,233770.67,Inactive
ACC001304,CUST04283,Salary,BR019,2021-12-13,436516.0,Active
ACC001305,CUST04726,Current,BR038,2022-09-22,498896.57,Active
ACC001306,CUST01733,Savings,BR001,2019-04-16,47603.51,Active
ACC001307,CUST03062,Savings,BR026,2021-10-31,10152.64,Active
ACC001308,CUST00815,Savings,BR046,2025-06-10,115156.19,Active
ACC001309,CUST04710,Salary,BR013,2022-02-12,234267.65,Active
ACC001310,CUST01187,Savings,BR035,2021-08-22,286326.16,Active
ACC001311,CUST02226,Savings,BR002,2019-03-14,486768.97,Active
ACC001312,CUST00985,Savings,BR022,2025-12-08,444343.38,Active
ACC001313,CUST00798,Savings,BR039,2024-07-17,281487.25,Active
ACC001314,CUST04163,Salary,BR028,2020-01-19,181495.21,Active
ACC001315,CUST00544,Savings,BR044,2019-06-08,161327.26,Active
ACC001316,CUST00520,Savings,BR002,2019-10-17,286739.71,Active
ACC001317,CUST02547,Current,BR011,2019-05-21,360955.07,Active
ACC001318,CUST01455,Salary,BR048,2019-02-03,241351.25,Active
ACC001319,CUST01059,Salary,BR037,2023-10-10,152894.99,Active
ACC001320,CUST02237,Current,BR026,2023-04-23,306969.51,Active
ACC001321,CUST01113,Savings,BR028,2021-04-19,279413.05,Active
ACC001322,CUST03407,Savings,BR026,2024-06-18,214256.8,Active
ACC001323,CUST00947,Salary,BR017,2018-09-22,374429.54,Active
ACC001324,CUST04031,Salary,BR003,2020-11-18,141828.35,Active
ACC001325,CUST00136,Current,BR014,2019-12-13,242977.58,Active
ACC001326,CUST02594,Current,BR016,2020-07-01,470229.42,Active
ACC001327,CUST00793,Salary,BR049,2022-06-03,361691.51,Active
ACC001328,CUST01137,Savings,BR036,2022-08-07,194597.97,Inactive
ACC001329,CUST01363,Savings,BR028,2022-10-01,273542.69,Active
ACC001330,CUST00555,Current,BR028,2024-07-14,203335.47,Active
ACC001331,CUST02573,Salary,BR025,2021-12-16,57161.46,Active
ACC001332,CUST03404,Current,BR009,2023-11-07,168133.66,Active
ACC001333,CUST02255,Salary,BR011,2018-11-28,430361.12,Inactive
ACC001334,CUST01367,Savings,BR037,2018-06-01,231139.8,Active
ACC001335,CUST00949,Savings,BR043,2019-12-09,292734.11,Active
ACC001336,CUST00104,Savings,BR045,2023-12-14,91541.93,Active
ACC001337,CUST01047,Salary,BR021,2019-02-25,178759.43,Active
ACC001338,CUST04027,Savings,BR002,2022-09-05,464673.29,Active
ACC001339,CUST02615,Savings,BR034,2018-09-10,157808.5,Active
ACC001340,CUST03332,Salary,BR042,2020-09-25,126029.97,Active
ACC001341,CUST00964,Savings,BR013,2023-01-09,28894.01,Active
ACC001342,CUST03272,Salary,BR005,2022-09-28,49518.18,Active
ACC001343,CUST00838,Savings,BR011,2018-10-20,292809.88,Active
ACC001344,CUST02459,Savings,BR029,2021-05-25,330356.37,Inactive
ACC001345,CUST00882,Current,BR047,2018-06-18,321148.66,Active
ACC001346,CUST03189,Salary,BR028,2025-08-13,270374.83,Active
ACC001347,CUST04520,Savings,BR028,2023-08-26,245994.68,Active
ACC001348,CUST02203,Salary,BR005,2018-02-06,36998.32,Active
ACC001349,CUST03335,Savings,BR020,2021-12-15,420506.97,Active
ACC001350,CUST02199,Savings,BR037,2023-04-11,257027.3,Active
ACC001351,CUST00212,Savings,BR039,2018-10-23,66825.42,Active
ACC001352,CUST01216,Salary,BR010,2024-10-18,68788.88,Active
ACC001353,CUST00881,Savings,BR032,2024-06-25,256965.3,Active
ACC001354,CUST00755,Savings,BR029,2025-01-25,123043.72,Active
ACC001355,CUST00701,Salary,BR002,2025-03-06,461060.53,Active
ACC001356,CUST02220,Savings,BR001,2020-07-11,249975.52,Active
ACC001357,CUST00371,Savings,BR020,2022-12-26,489230.84,Active
ACC001358,CUST01733,Savings,BR001,2020-09-07,367345.19,Active
ACC001359,CUST00802,Current,BR004,2024-09-08,405538.75,Active
ACC001360,CUST00990,Savings,BR015,2024-05-13,195050.5,Active
ACC001361,CUST04772,Salary,BR047,2019-10-11,67876.37,Active
ACC001362,CUST00416,Savings,BR030,2018-10-10,345158.47,Active
ACC001363,CUST02966,Savings,BR006,2022-07-21,204128.53,Active
ACC001364,CUST03338,Salary,BR038,2020-09-25,474492.04,Active
ACC001365,CUST03613,Savings,BR001,2018-03-27,97622.49,Active
ACC001366,CUST01621,Salary,BR007,2018-07-26,313625.22,Inactive
ACC001367,CUST01536,Savings,BR005,2025-02-23,433164.53,Active
ACC001368,CUST04345,Savings,BR049,2024-11-29,202011.7,Active
ACC001369,CUST02793,Savings,BR007,2022-11-02,476880.14,Active
ACC001370,CUST00573,Savings,BR036,2025-03-24,39231.68,Active
ACC001371,CUST04894,Savings,BR003,2018-05-11,293875.95,Active
ACC001372,CUST04857,Savings,BR012,2024-09-13,388915.97,Active
ACC001373,CUST03656,Savings,BR015,2018-05-16,101701.65,Active
ACC001374,CUST00293,Savings,BR020,2024-01-27,29870.87,Active
ACC001375,CUST04294,Savings,BR041,2021-04-01,40868.91,Active
ACC001376,CUST00080,Savings,BR021,2018-07-18,160295.39,Active
ACC001377,CUST04233,Savings,BR032,2020-01-09,112362.68,Active
ACC001378,CUST04309,Savings,BR012,2025-09-13,112721.19,Active
ACC001379,CUST01863,Savings,BR037,2022-02-26,229801.96,Active
ACC001380,CUST00619,Current,BR040,2018-04-13,43381.96,Active
ACC001381,CUST00960,Current,BR047,2019-07-02,497754.81,Active
ACC001382,CUST03279,Savings,BR007,2018-01-06,348208.01,Active
ACC001383,CUST03736,Savings,BR045,2019-12-12,16116.39,Active
ACC001384,CUST02214,Savings,BR031,2018-01-12,346260.18,Active
ACC001385,CUST03575,Salary,BR001,2023-11-21,396122.06,Active
ACC001386,CUST03997,Savings,BR011,2025-07-09,96190.36,Active
ACC001387,CUST02478,Savings,BR045,2023-01-31,420298.12,Active
ACC001388,CUST03252,Savings,BR034,2022-09-10,306270.74,Inactive
ACC001389,CUST02169,Salary,BR019,2019-03-03,410607.01,Active
ACC001390,CUST03246,Current,BR011,2018-06-20,358630.14,Active
ACC001391,CUST02379,Savings,BR033,2022-09-09,352609.68,Active
ACC001392,CUST01723,Savings,BR033,2018-03-30,79962.28,Active
ACC001393,CUST01162,Salary,BR008,2025-07-26,158582.65,Active
ACC001394,CUST01890,Savings,BR045,2020-05-04,262099.46,Active
ACC001395,CUST02041,Savings,BR008,2021-12-28,57160.76,Active
ACC001396,CUST03972,Current,BR034,2025-04-01,239768.03,Active
ACC001397,CUST03402,Savings,BR040,2024-10-09,223214.76,Inactive
ACC001398,CUST03310,Savings,BR027,2018-06-27,116729.74,Active
ACC001399,CUST01100,Savings,BR029,2025-02-23,100659.18,Active
ACC001400,CUST04019,Salary,BR014,2019-02-22,124439.7,Active
ACC001401,CUST01689,Savings,BR034,2019-07-08,302948.27,Active
ACC001402,CUST04133,Salary,BR045,2018-08-30,208061.23,Active
ACC001403,CUST00845,Savings,BR037,2021-10-11,207565.59,Inactive
ACC001404,CUST01644,Salary,BR001,2022-05-16,91684.87,Active
ACC001405,CUST02334,Salary,BR009,2022-01-01,393895.68,Active
ACC001406,CUST01264,Savings,BR010,2022-01-05,350489.31,Active
ACC001407,CUST02935,Savings,BR030,2023-06-28,215108.46,Active
ACC001408,CUST03686,Current,BR043,2024-09-21,71958.76,Active
ACC001409,CUST00216,Current,BR018,2023-05-01,357635.73,Active
ACC001410,CUST04777,Savings,BR017,2021-07-24,449523.33,Inactive
ACC001411,CUST03658,Salary,BR006,2020-12-06,89952.7,Active
ACC001412,CUST02341,Savings,BR011,2020-04-01,301727.55,Active
ACC001413,CUST01508,Savings,BR024,2025-01-21,212730.09,Active
ACC001414,CUST02091,Current,BR036,2023-04-04,44737.53,Active
ACC001415,CUST03379,Savings,BR033,2024-12-22,363187.68,Active
ACC001416,CUST01117,Savings,BR033,2022-11-24,36502.46,Active
ACC001417,CUST02741,Salary,BR018,2018-07-11,351413.51,Active
ACC001418,CUST02162,Current,BR005,2023-09-28,141295.29,Active
ACC001419,CUST03257,Salary,BR031,2023-11-12,283264.22,Active
ACC001420,CUST02969,Current,BR016,2020-07-19,81066.47,Active
ACC001421,CUST01149,Current,BR002,2022-11-08,186077.54,Active
ACC001422,CUST03177,Savings,BR009,2024-01-24,52940.65,Active
ACC001423,CUST04254,Savings,BR002,2024-04-20,234184.51,Inactive
ACC001424,CUST03346,Savings,BR037,2018-02-26,107432.06,Active
ACC001425,CUST03962,Savings,BR020,2023-08-16,94777.31,Active
ACC001426,CUST01141,Salary,BR017,2023-06-21,54469.06,Active
ACC001427,CUST02934,Savings,BR025,2018-08-26,382951.57,Active
ACC001428,CUST02108,Savings,BR019,2020-01-03,320120.42,Active
ACC001429,CUST02449,Current,BR042,2025-03-22,79295.08,Active
ACC001430,CUST00828,Savings,BR008,2023-08-30,236742.26,Active
ACC001431,CUST01204,Savings,BR011,2025-09-25,330781.42,Active
ACC001432,CUST03304,Savings,BR013,2021-05-12,439156.27,Active
ACC001433,CUST00845,Salary,BR013,2018-05-22,30726.51,Active
ACC001434,CUST02972,Savings,BR009,2024-08-20,181815.11,Active
ACC001435,CUST01269,Savings,BR005,2024-09-20,308360.67,Inactive
ACC001436,CUST04734,Savings,BR018,2020-03-26,8793.1,Active
ACC001437,CUST04745,Savings,BR040,2023-07-11,122519.69,Active
ACC001438,CUST01630,Savings,BR014,2023-10-29,372705.37,Active
ACC001439,CUST03531,Salary,BR034,2018-07-29,178512.55,Active
ACC001440,CUST00804,Savings,BR022,2020-02-07,43162.88,Active
ACC001441,CUST00128,Savings,BR048,2024-08-21,313671.07,Active
ACC001442,CUST00952,Salary,BR033,2023-09-19,125776.34,Inactive
ACC001443,CUST02265,Current,BR024,2019-03-29,351125.39,Inactive
ACC001444,CUST00020,Savings,BR029,2019-12-15,450187.26,Active
ACC001445,CUST03639,Savings,BR013,2018-03-27,264401.68,Active
ACC001446,CUST01782,Salary,BR050,2022-04-28,299972.79,Active
ACC001447,CUST03835,Savings,BR027,2024-04-02,257688.56,Active
ACC001448,CUST03132,Savings,BR001,2023-07-10,408903.6,Active
ACC001449,CUST04771,Savings,BR007,2023-03-29,121615.6,Active
ACC001450,CUST04835,Savings,BR004,2022-05-25,201370.37,Inactive
ACC001451,CUST00557,Current,BR010,2019-10-06,447620.69,Active
ACC001452,CUST02245,Savings,BR040,2021-06-25,362099.37,Active
ACC001453,CUST02984,Savings,BR035,2025-06-07,160722.84,Active
ACC001454,CUST03564,Salary,BR039,2022-06-13,416483.5,Active
ACC001455,CUST02726,Savings,BR016,2022-04-12,120173.28,Active
ACC001456,CUST04600,Savings,BR027,2024-08-05,317455.5,Active
ACC001457,CUST04834,Savings,BR020,2025-12-25,478272.02,Active
ACC001458,CUST04888,Current,BR010,2020-01-20,287780.78,Active
ACC001459,CUST03332,Savings,BR045,2024-02-01,399934.04,Active
ACC001460,CUST00197,Current,BR033,2025-11-15,367979.94,Active
ACC001461,CUST02829,Savings,BR007,2025-10-22,432994.79,Active
ACC001462,CUST04840,Current,BR042,2021-10-29,484413.33,Active
ACC001463,CUST03989,Salary,BR044,2023-05-20,12135.96,Active
ACC001464,CUST02470,Salary,BR046,2018-03-02,14907.02,Active
ACC001465,CUST01631,Savings,BR022,2022-03-11,297616.73,Active
ACC001466,CUST03279,Savings,BR043,2020-02-14,477168.43,Active
ACC001467,CUST02039,Savings,BR017,2024-09-27,243355.85,Active
ACC001468,CUST02480,Savings,BR009,2018-04-26,420050.0,Active
ACC001469,CUST04331,Savings,BR040,2022-10-23,384185.97,Active
ACC001470,CUST04575,Savings,BR010,2021-12-18,249627.88,Active
ACC001471,CUST02476,Salary,BR036,2021-02-25,257072.99,Active
ACC001472,CUST04762,Salary,BR031,2021-09-11,218580.67,Active
ACC001473,CUST03310,Savings,BR031,2025-07-08,126847.16,Active
ACC001474,CUST03179,Savings,BR005,2021-05-07,429497.42,Active
ACC001475,CUST01388,Current,BR018,2025-10-18,105575.5,Active
ACC001476,CUST00642,Savings,BR006,2019-09-19,453553.35,Active
ACC001477,CUST00575,Savings,BR042,2021-09-18,180504.08,Active
ACC001478,CUST03145,Savings,BR050,2022-01-29,14222.16,Active
ACC001479,CUST01722,Savings,BR028,2023-02-09,85020.64,Active
ACC001480,CUST01019,Current,BR043,2024-10-07,444024.56,Active
ACC001481,CUST04059,Salary,BR024,2021-08-29,65093.83,Active
ACC001482,CUST03421,Savings,BR005,2019-06-07,369648.06,Active
ACC001483,CUST00400,Savings,BR028,2022-06-28,92224.04,Active
ACC001484,CUST04691,Savings,BR003,2024-02-01,249967.52,Inactive
ACC001485,CUST01457,Salary,BR018,2023-05-26,103398.3,Active
ACC001486,CUST01596,Salary,BR004,2024-08-18,167249.55,Active
ACC001487,CUST00117,Savings,BR040,2019-09-24,63286.29,Active
ACC001488,CUST00383,Salary,BR049,2018-08-25,278445.14,Active
ACC001489,CUST04955,Savings,BR042,2022-11-07,183546.78,Active
ACC001490,CUST02130,Savings,BR032,2020-08-25,183376.62,Active
ACC001491,CUST01851,Current,BR032,2023-01-15,20248.51,Active
ACC001492,CUST00832,Savings,BR019,2019-03-19,68928.07,Active
ACC001493,CUST04969,Savings,BR029,2025-10-02,354057.71,Inactive
ACC001494,CUST02701,Current,BR033,2023-03-27,146867.82,Active
ACC001495,CUST02782,Savings,BR002,2020-10-16,221592.51,Active
ACC001496,CUST03482,Savings,BR011,2023-06-30,381770.86,Inactive
ACC001497,CUST02118,Savings,BR047,2025-12-03,222933.96,Inactive
ACC001498,CUST04483,Savings,BR033,2022-04-12,113578.91,Active
ACC001499,CUST02007,Savings,BR041,2020-04-21,275362.3,Active
ACC001500,CUST02572,Savings,BR040,2019-09-27,400801.8,Active
ACC001501,CUST00297,Salary,BR001,2024-01-13,300221.3,Active
ACC001502,CUST00719,Salary,BR042,2025-08-08,210670.44,Active
ACC001503,CUST03137,Savings,BR017,2020-03-23,63686.63,Inactive
ACC001504,CUST03080,Savings,BR050,2025-05-11,125107.87,Active
ACC001505,CUST00011,Current,BR016,2022-09-06,473113.32,Active
ACC001506,CUST04881,Salary,BR002,2022-04-20,386132.22,Active
ACC001507,CUST00411,Savings,BR049,2020-11-30,44698.37,Active
ACC001508,CUST02940,Salary,BR004,2018-07-05,3751.79,Active
ACC001509,CUST02655,Savings,BR032,2024-11-13,88534.25,Active
ACC001510,CUST03187,Salary,BR007,2022-09-15,472001.48,Active
ACC001511,CUST03451,Savings,BR029,2021-11-13,290439.42,Active
ACC001512,CUST00599,Salary,BR009,2025-02-06,419491.22,Active
ACC001513,CUST00824,Savings,BR035,2022-01-12,233147.28,Active
ACC001514,CUST02398,Salary,BR005,2019-11-30,413491.44,Inactive
ACC001515,CUST04115,Savings,BR050,2024-06-12,17924.29,Active
ACC001516,CUST00313,Savings,BR021,2020-08-02,213982.9,Active
ACC001517,CUST02975,Salary,BR017,2018-05-17,189419.65,Inactive
ACC001518,CUST03739,Current,BR039,2021-05-10,490791.66,Active
ACC001519,CUST02493,Current,BR014,2020-06-11,150937.39,Active
ACC001520,CUST01946,Savings,BR032,2025-05-26,209041.51,Inactive
ACC001521,CUST00231,Current,BR015,2019-09-13,379641.62,Active
ACC001522,CUST03741,Salary,BR021,2024-01-14,440475.84,Active
ACC001523,CUST02673,Savings,BR014,2024-02-07,439315.7,Active
ACC001524,CUST03455,Savings,BR041,2024-09-22,197860.92,Active
ACC001525,CUST03584,Salary,BR016,2020-05-02,474328.92,Active
ACC001526,CUST00044,Current,BR001,2020-05-20,327100.93,Active
ACC001527,CUST02925,Salary,BR040,2019-09-04,425716.64,Active
ACC001528,CUST03694,Salary,BR018,2022-03-19,463212.34,Active
ACC001529,CUST02271,Current,BR034,2022-04-18,117566.26,Active
ACC001530,CUST03458,Current,BR026,2018-03-10,250100.04,Active
ACC001531,CUST02950,Salary,BR036,2019-08-25,294310.85,Active
ACC001532,CUST02319,Salary,BR021,2023-08-27,401416.41,Active
ACC001533,CUST03386,Salary,BR001,2025-12-06,201181.68,Active
ACC001534,CUST02295,Savings,BR027,2020-05-28,106014.14,Active
ACC001535,CUST02996,Savings,BR011,2025-11-22,371874.03,Active
ACC001536,CUST03639,Savings,BR038,2019-06-30,296574.91,Active
ACC001537,CUST04917,Current,BR014,2022-12-05,449251.17,Active
ACC001538,CUST03368,Savings,BR028,2023-01-11,327859.96,Active
ACC001539,CUST03285,Savings,BR027,2023-10-09,9396.67,Active
ACC001540,CUST02343,Savings,BR022,2018-07-03,483359.05,Active
ACC001541,CUST00171,Current,BR021,2020-04-17,296962.24,Active
ACC001542,CUST04342,Salary,BR024,2023-03-08,298342.76,Active
ACC001543,CUST01640,Salary,BR019,2021-10-20,454721.44,Active
ACC001544,CUST00617,Savings,BR024,2023-04-26,332240.61,Active
ACC001545,CUST00240,Savings,BR026,2023-05-07,240181.27,Active
ACC001546,CUST04494,Savings,BR025,2021-12-28,54535.38,Inactive
ACC001547,CUST01857,Savings,BR045,2025-09-01,481137.19,Active
ACC001548,CUST00923,Current,BR044,2025-08-02,40165.2,Active
ACC001549,CUST04888,Savings,BR029,2021-10-23,85979.59,Active
ACC001550,CUST01905,Savings,BR010,2021-12-24,409948.89,Active
ACC001551,CUST03150,Savings,BR011,2024-07-05,245712.26,Active
ACC001552,CUST00813,Savings,BR024,2021-03-18,89955.97,Active
ACC001553,CUST05000,Savings,BR024,2022-09-08,143794.79,Active
ACC001554,CUST01731,Savings,BR012,2021-11-01,497013.18,Active
ACC001555,CUST00832,Savings,BR007,2020-02-20,292426.05,Active
ACC001556,CUST03425,Savings,BR040,2020-10-25,201405.11,Active
ACC001557,CUST02208,Savings,BR017,2024-09-15,438232.51,Active
ACC001558,CUST04840,Current,BR035,2019-09-20,240368.72,Active
ACC001559,CUST03433,Salary,BR006,2024-02-29,154659.8,Active
ACC001560,CUST04909,Savings,BR012,2018-02-23,82946.97,Active
ACC001561,CUST03369,Current,BR015,2018-10-15,372490.14,Active
ACC001562,CUST02228,Salary,BR032,2020-12-04,298515.32,Active
ACC001563,CUST02261,Savings,BR023,2018-10-11,47084.65,Active
ACC001564,CUST04626,Savings,BR007,2020-04-12,296228.32,Active
ACC001565,CUST02918,Savings,BR038,2019-08-05,80565.98,Active
ACC001566,CUST03521,Savings,BR031,2023-06-18,490878.17,Active
ACC001567,CUST04381,Current,BR029,2023-09-21,130594.84,Active
ACC001568,CUST02709,Savings,BR044,2018-09-29,348312.07,Active
ACC001569,CUST01821,Salary,BR028,2020-07-05,328366.49,Active
ACC001570,CUST00649,Savings,BR012,2019-07-25,345984.38,Active
ACC001571,CUST00189,Salary,BR027,2025-08-31,215567.46,Active
ACC001572,CUST01223,Salary,BR004,2023-09-26,38091.57,Active
ACC001573,CUST00479,Salary,BR021,2022-07-04,490023.68,Active
ACC001574,CUST03063,Salary,BR009,2023-12-14,96571.39,Active
ACC001575,CUST02026,Savings,BR049,2019-04-17,385090.42,Active
ACC001576,CUST04613,Current,BR034,2020-03-21,69649.18,Active
ACC001577,CUST01889,Savings,BR037,2023-05-01,141317.31,Active
ACC001578,CUST01551,Salary,BR021,2019-09-13,280383.44,Active
ACC001579,CUST02917,Savings,BR023,2019-11-08,207321.21,Active
ACC001580,CUST03256,Savings,BR024,2024-08-14,479174.99,Active
ACC001581,CUST02807,Salary,BR010,2020-02-10,423994.91,Active
ACC001582,CUST00034,Savings,BR038,2025-03-20,460973.38,Active
ACC001583,CUST00296,Savings,BR006,2023-08-17,320707.59,Active
ACC001584,CUST02501,Savings,BR021,2019-11-29,110238.94,Active
ACC001585,CUST03780,Current,BR037,2022-06-03,259731.21,Active
ACC001586,CUST03577,Current,BR029,2018-03-06,383001.16,Active
ACC001587,CUST01430,Current,BR040,2018-07-21,33294.39,Active
ACC001588,CUST02190,Salary,BR021,2018-05-22,431695.42,Active
ACC001589,CUST01988,Savings,BR022,2025-11-04,316044.11,Active
ACC001590,CUST04744,Savings,BR035,2024-03-14,362062.16,Active
ACC001591,CUST02883,Current,BR046,2021-08-09,347453.43,Active
ACC001592,CUST01710,Current,BR005,2021-03-03,424033.43,Active
ACC001593,CUST02778,Savings,BR015,2024-04-28,44672.95,Active
ACC001594,CUST03698,Savings,BR041,2024-05-20,189144.93,Active
ACC001595,CUST01548,Savings,BR047,2018-04-12,251805.68,Active
ACC001596,CUST00463,Savings,BR019,2019-01-12,273752.01,Active
ACC001597,CUST03316,Savings,BR016,2018-07-25,471335.03,Active
ACC001598,CUST03305,Savings,BR040,2020-01-31,22189.46,Active
ACC001599,CUST00514,Savings,BR047,2021-02-20,433330.3,Active
ACC001600,CUST04097,Savings,BR043,2023-08-20,276398.63,Active
ACC001601,CUST03567,Current,BR023,2021-04-05,277759.46,Active
ACC001602,CUST03804,Salary,BR004,2022-06-23,160844.83,Active
ACC001603,CUST03688,Savings,BR021,2022-10-09,322166.48,Active
ACC001604,CUST03939,Savings,BR024,2024-01-08,323560.15,Inactive
ACC001605,CUST03490,Salary,BR042,2020-11-26,95457.69,Active
ACC001606,CUST01472,Savings,BR026,2023-03-28,338825.97,Active
ACC001607,CUST00338,Salary,BR042,2025-09-24,134086.45,Active
ACC001608,CUST03082,Savings,BR002,2022-02-06,344704.55,Active
ACC001609,CUST03413,Salary,BR040,2022-01-07,306359.55,Active
ACC001610,CUST02393,Savings,BR008,2020-10-25,358260.04,Active
ACC001611,CUST00977,Savings,BR009,2020-06-08,10830.2,Active
ACC001612,CUST04979,Salary,BR002,2021-06-03,63557.44,Active
ACC001613,CUST02246,Salary,BR014,2022-04-12,420260.13,Inactive
ACC001614,CUST04069,Savings,BR020,2019-02-07,190980.91,Inactive
ACC001615,CUST01704,Salary,BR002,2020-03-21,418522.46,Active
ACC001616,CUST00872,Savings,BR004,2020-11-24,32274.46,Active
ACC001617,CUST03410,Current,BR035,2021-06-14,384916.31,Active
ACC001618,CUST02590,Savings,BR014,2022-01-31,42799.75,Active
ACC001619,CUST04553,Savings,BR021,2024-12-21,234694.99,Inactive
ACC001620,CUST01550,Current,BR048,2019-05-27,468849.25,Active
ACC001621,CUST03508,Savings,BR015,2023-01-21,39761.36,Active
ACC001622,CUST04462,Savings,BR039,2018-11-13,175980.4,Active
ACC001623,CUST02622,Savings,BR050,2018-10-30,259655.95,Active
ACC001624,CUST02530,Savings,BR020,2021-01-30,449829.2,Active
ACC001625,CUST02158,Current,BR006,2021-08-28,166970.99,Active
ACC001626,CUST02357,Savings,BR028,2018-03-23,403713.76,Active
ACC001627,CUST00160,Salary,BR048,2019-10-20,359368.34,Active
ACC001628,CUST04940,Savings,BR043,2024-02-19,154226.62,Active
ACC001629,CUST02103,Savings,BR002,2024-03-21,171065.81,Active
ACC001630,CUST02809,Savings,BR028,2018-02-22,96315.08,Active
ACC001631,CUST02000,Current,BR034,2020-10-11,346788.22,Active
ACC001632,CUST02582,Savings,BR014,2018-12-11,281988.09,Inactive
ACC001633,CUST02994,Savings,BR009,2021-01-13,78321.1,Active
ACC001634,CUST02935,Savings,BR023,2020-09-13,310415.07,Active
ACC001635,CUST02312,Salary,BR044,2023-04-15,249826.17,Active
ACC001636,CUST02796,Savings,BR035,2019-10-03,47202.39,Active
ACC001637,CUST04329,Salary,BR022,2018-07-30,476898.01,Active
ACC001638,CUST04329,Savings,BR005,2020-05-13,417543.13,Active
ACC001639,CUST03589,Savings,BR041,2020-02-15,36441.04,Active
ACC001640,CUST03117,Savings,BR029,2020-07-03,465702.7,Inactive
ACC001641,CUST04654,Savings,BR035,2018-07-02,458422.24,Active
ACC001642,CUST03748,Savings,BR050,2019-05-21,22049.33,Active
ACC001643,CUST01950,Salary,BR034,2023-02-01,101537.99,Active
ACC001644,CUST01460,Savings,BR004,2023-08-22,351501.78,Active
ACC001645,CUST04431,Savings,BR045,2018-04-03,467352.21,Active
ACC001646,CUST02452,Savings,BR049,2018-11-26,411734.25,Active
ACC001647,CUST04352,Savings,BR009,2024-02-16,141667.03,Active
ACC001648,CUST03068,Savings,BR014,2025-12-23,17685.84,Active
ACC001649,CUST04091,Salary,BR045,2024-05-29,236970.82,Active
ACC001650,CUST02989,Savings,BR005,2018-09-18,46888.91,Active
ACC001651,CUST00772,Current,BR050,2019-12-11,123402.82,Active
ACC001652,CUST01112,Savings,BR047,2023-05-06,320408.43,Active
ACC001653,CUST03312,Savings,BR027,2024-06-28,248014.46,Active
ACC001654,CUST04407,Savings,BR011,2023-08-20,188982.91,Active
ACC001655,CUST01595,Savings,BR030,2018-03-29,465051.2,Active
ACC001656,CUST02730,Savings,BR037,2024-07-15,97290.12,Active
ACC001657,CUST01282,Savings,BR039,2022-04-22,244251.64,Active
ACC001658,CUST03586,Savings,BR034,2025-06-27,287174.09,Active
ACC001659,CUST02829,Salary,BR024,2024-03-06,161649.08,Active
ACC001660,CUST02374,Savings,BR016,2020-12-08,352943.42,Active
ACC001661,CUST04886,Current,BR030,2023-01-21,433772.06,Active
ACC001662,CUST00342,Savings,BR024,2024-04-29,271197.99,Inactive
ACC001663,CUST04934,Salary,BR003,2025-06-10,390887.13,Active
ACC001664,CUST04724,Savings,BR029,2022-01-28,31419.86,Active
ACC001665,CUST02819,Savings,BR042,2022-07-17,77737.5,Active
ACC001666,CUST02926,Salary,BR012,2023-08-30,231550.74,Active
ACC001667,CUST01273,Savings,BR027,2025-02-28,460588.91,Active
ACC001668,CUST00710,Savings,BR029,2021-02-05,266264.14,Active
ACC001669,CUST00739,Savings,BR002,2023-12-28,216718.76,Active
ACC001670,CUST01779,Savings,BR029,2021-01-19,300453.68,Active
ACC001671,CUST04591,Salary,BR040,2018-09-28,63108.43,Active
ACC001672,CUST04131,Salary,BR009,2022-05-16,327186.64,Active
ACC001673,CUST03719,Salary,BR044,2018-10-11,47916.55,Active
ACC001674,CUST04914,Salary,BR028,2019-01-01,288819.86,Active
ACC001675,CUST00010,Savings,BR037,2024-12-06,357480.63,Inactive
ACC001676,CUST01738,Savings,BR023,2018-01-03,206342.22,Active
ACC001677,CUST02579,Current,BR013,2020-02-23,455540.46,Active
ACC001678,CUST01559,Savings,BR005,2024-01-21,76863.99,Active
ACC001679,CUST02143,Savings,BR032,2019-01-23,86308.28,Active
ACC001680,CUST02624,Savings,BR028,2020-10-29,258940.29,Active
ACC001681,CUST04001,Salary,BR015,2021-10-21,465896.03,Active
ACC001682,CUST04546,Savings,BR024,2023-08-22,195958.6,Active
ACC001683,CUST02144,Salary,BR032,2018-03-15,463273.54,Active
ACC001684,CUST00865,Savings,BR021,2018-08-26,347043.97,Active
ACC001685,CUST01801,Savings,BR005,2023-06-09,391495.06,Active
ACC001686,CUST03453,Salary,BR037,2024-03-31,468997.48,Active
ACC001687,CUST02717,Salary,BR036,2022-01-02,286591.84,Active
ACC001688,CUST04303,Savings,BR028,2022-11-16,321184.81,Active
ACC001689,CUST01810,Savings,BR032,2022-02-13,289916.23,Active
ACC001690,CUST04946,Savings,BR023,2021-01-20,392644.42,Active
ACC001691,CUST04342,Salary,BR016,2020-05-21,137429.74,Active
ACC001692,CUST01998,Savings,BR050,2021-05-06,394235.87,Active
ACC001693,CUST02932,Savings,BR010,2021-02-13,357059.27,Active
ACC001694,CUST02131,Current,BR029,2022-07-25,301431.02,Active
ACC001695,CUST04413,Savings,BR027,2024-01-10,20357.08,Active
ACC001696,CUST02693,Savings,BR035,2022-07-15,387497.44,Active
ACC001697,CUST03177,Salary,BR042,2021-02-05,67080.55,Active
ACC001698,CUST02797,Salary,BR045,2023-05-26,481023.99,Active
ACC001699,CUST04696,Salary,BR024,2025-01-19,41665.06,Active
ACC001700,CUST01556,Savings,BR023,2020-03-21,360417.51,Active
ACC001701,CUST03691,Salary,BR003,2018-02-25,180852.42,Active
ACC001702,CUST04937,Current,BR036,2025-04-16,368109.51,Active
ACC001703,CUST03573,Savings,BR045,2022-03-14,259957.4,Active
ACC001704,CUST04444,Current,BR014,2020-07-22,315123.11,Inactive
ACC001705,CUST00331,Savings,BR004,2019-10-25,38642.93,Active
ACC001706,CUST04706,Current,BR044,2022-04-28,483273.07,Active
ACC001707,CUST01945,Current,BR048,2024-06-05,2919.39,Active
ACC001708,CUST04840,Current,BR042,2025-05-01,470638.57,Inactive
ACC001709,CUST03959,Savings,BR032,2023-02-15,284556.85,Inactive
ACC001710,CUST04665,Current,BR020,2021-07-26,129876.8,Active
ACC001711,CUST01685,Savings,BR017,2018-05-24,319226.16,Inactive
ACC001712,CUST02437,Salary,BR029,2018-08-17,336775.67,Active
ACC001713,CUST00971,Current,BR039,2024-11-18,365435.49,Inactive
ACC001714,CUST00747,Savings,BR032,2023-12-25,9202.44,Active
ACC001715,CUST02185,Savings,BR004,2018-08-28,491408.42,Active
ACC001716,CUST01385,Current,BR024,2023-06-28,309338.55,Active
ACC001717,CUST04031,Savings,BR044,2024-11-01,189390.56,Active
ACC001718,CUST01019,Current,BR042,2021-08-31,285754.54,Active
ACC001719,CUST02579,Savings,BR002,2018-05-31,90032.49,Active
ACC001720,CUST04112,Current,BR014,2020-03-13,124386.01,Active
ACC001721,CUST04664,Savings,BR040,2018-12-19,43803.97,Inactive
ACC001722,CUST03941,Savings,BR042,2023-05-29,439737.59,Active
ACC001723,CUST02025,Salary,BR038,2021-02-07,126548.46,Active
ACC001724,CUST01543,Current,BR034,2019-04-11,370115.52,Inactive
ACC001725,CUST02712,Savings,BR046,2020-11-29,137825.14,Active
ACC001726,CUST03047,Salary,BR043,2025-05-25,73848.34,Active
ACC001727,CUST01455,Savings,BR002,2021-10-27,54959.1,Active
ACC001728,CUST03004,Current,BR036,2022-03-29,430261.93,Active
ACC001729,CUST01703,Savings,BR006,2022-03-11,60748.66,Active
ACC001730,CUST04421,Savings,BR036,2018-02-22,44487.44,Active
ACC001731,CUST03874,Savings,BR022,2022-11-04,5668.04,Inactive
ACC001732,CUST00122,Savings,BR005,2024-07-26,183853.58,Active
ACC001733,CUST01477,Salary,BR038,2022-04-24,471400.91,Active
ACC001734,CUST00266,Salary,BR041,2025-08-18,454416.28,Active
ACC001735,CUST00028,Savings,BR022,2024-07-15,58411.3,Active
ACC001736,CUST02125,Savings,BR048,2021-02-18,7234.87,Active
ACC001737,CUST00432,Salary,BR011,2023-10-14,375752.75,Active
ACC001738,CUST04975,Savings,BR043,2022-01-03,153932.17,Active
ACC001739,CUST03778,Savings,BR031,2018-10-23,417503.81,Inactive
ACC001740,CUST04532,Savings,BR042,2024-03-02,108499.29,Active
ACC001741,CUST01086,Savings,BR029,2019-10-09,246612.09,Active
ACC001742,CUST02095,Savings,BR033,2022-04-30,17440.07,Active
ACC001743,CUST02486,Current,BR022,2023-12-23,447462.7,Active
ACC001744,CUST00101,Savings,BR049,2024-08-22,89810.02,Active
ACC001745,CUST02155,Salary,BR027,2025-12-25,148056.81,Active
ACC001746,CUST03049,Savings,BR008,2025-03-12,240370.5,Active
ACC001747,CUST04983,Savings,BR048,2019-12-11,136363.15,Active
ACC001748,CUST00800,Savings,BR006,2018-03-08,21041.56,Active
ACC001749,CUST03823,Current,BR046,2023-08-13,15513.98,Active
ACC001750,CUST01296,Savings,BR025,2022-05-13,477651.42,Active
ACC001751,CUST00435,Savings,BR034,2023-03-27,163422.67,Active
ACC001752,CUST03805,Salary,BR009,2019-05-25,167861.41,Active
ACC001753,CUST02614,Savings,BR036,2023-03-07,461527.09,Active
ACC001754,CUST00916,Current,BR031,2022-01-01,418240.69,Active
ACC001755,CUST02276,Salary,BR019,2025-09-25,343783.86,Active
ACC001756,CUST04641,Savings,BR049,2023-05-28,329594.37,Active
ACC001757,CUST00648,Savings,BR001,2023-06-23,400741.78,Active
ACC001758,CUST02296,Savings,BR024,2023-05-25,85268.85,Active
ACC001759,CUST04079,Salary,BR034,2022-04-01,332473.15,Active
ACC001760,CUST01432,Savings,BR017,2018-04-12,50100.9,Active
ACC001761,CUST02362,Current,BR034,2021-12-31,64129.85,Active
ACC001762,CUST04133,Current,BR035,2025-10-17,122135.29,Active
ACC001763,CUST00724,Savings,BR036,2020-01-04,355192.09,Active
ACC001764,CUST01548,Current,BR013,2024-08-31,446380.05,Active
ACC001765,CUST00980,Savings,BR025,2019-06-17,345702.36,Active
ACC001766,CUST00084,Savings,BR012,2018-04-02,208894.89,Active
ACC001767,CUST03487,Current,BR021,2022-12-25,257316.95,Active
ACC001768,CUST01366,Savings,BR037,2021-03-02,356450.57,Active
ACC001769,CUST04815,Savings,BR046,2020-04-18,307027.66,Active
ACC001770,CUST00550,Current,BR038,2019-05-20,265204.3,Active
ACC001771,CUST03493,Current,BR001,2022-01-16,119159.45,Active
ACC001772,CUST02763,Savings,BR048,2020-04-20,308863.5,Active
ACC001773,CUST03854,Current,BR006,2019-11-18,10315.42,Active
ACC001774,CUST04683,Savings,BR045,2025-08-04,280466.94,Active
ACC001775,CUST03200,Salary,BR045,2024-01-05,410551.79,Active
ACC001776,CUST00152,Current,BR011,2020-07-22,90695.52,Active
ACC001777,CUST03499,Savings,BR016,2021-06-09,57991.0,Active
ACC001778,CUST02213,Savings,BR022,2020-06-02,485147.34,Active
ACC001779,CUST02986,Current,BR046,2018-11-10,421888.21,Active
ACC001780,CUST04095,Salary,BR011,2025-05-28,151698.58,Inactive
ACC001781,CUST01568,Savings,BR037,2024-06-03,105077.81,Active
ACC001782,CUST00212,Savings,BR026,2018-08-11,167685.64,Active
ACC001783,CUST04838,Savings,BR026,2024-07-28,216181.26,Active
ACC001784,CUST02180,Savings,BR042,2019-02-20,410720.37,Active
ACC001785,CUST03224,Current,BR021,2023-10-11,120362.66,Active
ACC001786,CUST04192,Savings,BR026,2025-04-09,360701.69,Active
ACC001787,CUST01527,Current,BR015,2019-09-16,464716.2,Inactive
ACC001788,CUST00522,Salary,BR039,2024-08-20,190376.59,Active
ACC001789,CUST03947,Salary,BR035,2025-03-31,13997.41,Active
ACC001790,CUST01703,Savings,BR011,2019-02-09,413980.59,Active
ACC001791,CUST00018,Current,BR009,2021-07-02,354498.51,Active
ACC001792,CUST03481,Salary,BR042,2019-01-25,75385.83,Active
ACC001793,CUST01720,Savings,BR023,2022-07-07,298855.87,Active
ACC001794,CUST03317,Savings,BR004,2020-02-05,412583.42,Active
ACC001795,CUST04015,Salary,BR030,2018-12-14,91334.87,Active
ACC001796,CUST00879,Savings,BR028,2021-09-07,112228.03,Active
ACC001797,CUST00594,Salary,BR025,2025-01-08,101688.99,Active
ACC001798,CUST04739,Savings,BR022,2023-04-04,498753.28,Active
ACC001799,CUST04897,Savings,BR025,2018-11-26,115531.29,Active
ACC001800,CUST04551,Savings,BR026,2023-05-23,134192.28,Active
ACC001801,CUST01610,Savings,BR050,2020-08-31,24914.91,Active
ACC001802,CUST00876,Savings,BR029,2023-11-10,491655.95,Active
ACC001803,CUST03232,Savings,BR046,2021-05-30,124130.33,Active
ACC001804,CUST02449,Savings,BR041,2024-02-16,362891.35,Active
ACC001805,CUST04558,Savings,BR032,2025-03-04,14157.9,Active
ACC001806,CUST02137,Savings,BR026,2018-07-24,391918.09,Active
ACC001807,CUST02054,Salary,BR028,2024-03-09,375554.64,Active
ACC001808,CUST00084,Savings,BR020,2025-09-18,42992.26,Active
ACC001809,CUST01440,Salary,BR048,2018-03-30,62178.32,Active
ACC001810,CUST02669,Salary,BR002,2018-12-29,148259.53,Inactive
ACC001811,CUST02220,Savings,BR023,2018-11-28,177979.3,Active
ACC001812,CUST00699,Savings,BR039,2019-12-09,391966.36,Active
ACC001813,CUST01821,Salary,BR005,2025-12-01,31533.3,Active
ACC001814,CUST04626,Current,BR021,2022-01-18,325469.54,Active
ACC001815,CUST04415,Savings,BR022,2025-07-05,115038.44,Active
ACC001816,CUST01099,Current,BR049,2019-02-26,191852.15,Active
ACC001817,CUST02895,Savings,BR011,2020-02-02,2099.77,Active
ACC001818,CUST03418,Savings,BR030,2025-08-15,146270.7,Active
ACC001819,CUST00249,Savings,BR028,2021-04-09,86497.64,Active
ACC001820,CUST04483,Savings,BR036,2025-07-20,252482.11,Active
ACC001821,CUST01958,Salary,BR017,2018-09-06,79937.98,Active
ACC001822,CUST01891,Salary,BR021,2024-02-07,418072.99,Active
ACC001823,CUST04459,Current,BR037,2019-04-28,441569.93,Active
ACC001824,CUST03368,Savings,BR036,2021-11-08,422799.53,Inactive
ACC001825,CUST02116,Savings,BR025,2025-10-07,490919.61,Active
ACC001826,CUST03064,Savings,BR024,2024-04-14,457408.56,Active
ACC001827,CUST01807,Savings,BR030,2018-11-15,140614.17,Active
ACC001828,CUST00296,Savings,BR042,2019-12-01,157916.05,Active
ACC001829,CUST02695,Savings,BR035,2019-06-15,266797.07,Active
ACC001830,CUST01992,Savings,BR021,2021-02-10,193093.86,Active
ACC001831,CUST03940,Salary,BR006,2023-05-02,484985.6,Active
ACC001832,CUST00032,Salary,BR021,2025-02-23,170426.03,Active
ACC001833,CUST04651,Savings,BR008,2021-09-29,370301.11,Active
ACC001834,CUST03876,Current,BR005,2018-05-03,288105.49,Active
ACC001835,CUST04401,Savings,BR040,2020-01-20,478283.87,Active
ACC001836,CUST00793,Savings,BR010,2018-11-15,372514.29,Active
ACC001837,CUST04192,Salary,BR031,2022-05-17,152519.27,Active
ACC001838,CUST01090,Current,BR030,2019-08-09,99337.11,Active
ACC001839,CUST00230,Savings,BR021,2024-04-11,427454.51,Active
ACC001840,CUST02781,Savings,BR036,2019-06-28,455596.2,Active
ACC001841,CUST04454,Salary,BR027,2022-01-20,415716.04,Active
ACC001842,CUST04498,Savings,BR038,2024-01-10,368987.33,Active
ACC001843,CUST00790,Savings,BR035,2025-05-27,161543.29,Active
ACC001844,CUST04195,Salary,BR032,2018-01-15,253181.2,Active
ACC001845,CUST04367,Savings,BR026,2022-01-06,457935.76,Inactive
ACC001846,CUST01799,Savings,BR004,2018-09-02,68313.84,Active
ACC001847,CUST03981,Savings,BR027,2025-10-09,247964.68,Active
ACC001848,CUST04458,Salary,BR036,2025-02-27,178399.17,Active
ACC001849,CUST03241,Salary,BR037,2025-02-14,339067.3,Active
ACC001850,CUST04636,Savings,BR027,2020-06-17,317400.84,Active
ACC001851,CUST03857,Savings,BR047,2022-01-18,280468.62,Active
ACC001852,CUST04929,Savings,BR048,2021-10-14,140528.2,Active
ACC001853,CUST00314,Savings,BR006,2018-02-21,80615.57,Active
ACC001854,CUST00233,Savings,BR018,2023-08-21,392384.84,Active
ACC001855,CUST03508,Savings,BR026,2020-04-02,495882.9,Inactive
ACC001856,CUST01030,Savings,BR044,2022-06-12,85377.94,Active
ACC001857,CUST03607,Salary,BR024,2024-03-24,38820.35,Active
ACC001858,CUST02712,Savings,BR007,2023-12-02,373119.69,Active
ACC001859,CUST04340,Savings,BR044,2019-08-27,172584.02,Active
ACC001860,CUST02289,Savings,BR014,2019-08-16,107288.79,Active
ACC001861,CUST04000,Current,BR013,2021-06-27,263037.7,Active
ACC001862,CUST02606,Savings,BR026,2021-06-27,337932.05,Active
ACC001863,CUST03345,Savings,BR043,2024-03-07,108209.67,Active
ACC001864,CUST02123,Current,BR043,2020-10-01,497257.28,Active
ACC001865,CUST02331,Salary,BR002,2025-04-12,164783.87,Active
ACC001866,CUST03780,Current,BR046,2022-04-21,158161.56,Active
ACC001867,CUST04183,Savings,BR047,2024-07-13,212077.43,Active
ACC001868,CUST00881,Savings,BR023,2022-12-17,372769.62,Active
ACC001869,CUST02978,Current,BR028,2019-12-26,436755.4,Active
ACC001870,CUST01173,Savings,BR001,2020-03-25,162669.07,Active
ACC001871,CUST00160,Savings,BR032,2019-06-16,60254.95,Active
ACC001872,CUST02494,Salary,BR012,2020-01-29,128809.28,Active
ACC001873,CUST02130,Salary,BR046,2018-01-06,43055.53,Active
ACC001874,CUST03079,Salary,BR050,2019-08-08,315541.9,Active
ACC001875,CUST02230,Salary,BR035,2019-09-11,370607.39,Active
ACC001876,CUST02918,Current,BR026,2022-03-15,215204.0,Active
ACC001877,CUST03014,Current,BR031,2020-03-07,476444.73,Active
ACC001878,CUST01550,Savings,BR012,2022-01-24,364034.39,Active
ACC001879,CUST04574,Salary,BR029,2018-12-22,190449.78,Active
ACC001880,CUST03386,Savings,BR005,2024-03-16,52004.71,Active
ACC001881,CUST01580,Savings,BR035,2024-08-11,247358.35,Active
ACC001882,CUST03372,Savings,BR007,2020-06-07,252413.93,Active
ACC001883,CUST01961,Savings,BR016,2019-07-15,275742.9,Active
ACC001884,CUST03845,Savings,BR032,2018-12-30,341542.29,Active
ACC001885,CUST04698,Savings,BR017,2021-11-14,132926.97,Active
ACC001886,CUST02391,Savings,BR021,2021-08-11,2239.75,Active
ACC001887,CUST01420,Savings,BR027,2024-12-27,406609.53,Active
ACC001888,CUST03918,Savings,BR040,2021-08-04,411944.81,Active
ACC001889,CUST03836,Savings,BR047,2024-02-03,455899.26,Active
ACC001890,CUST04429,Savings,BR015,2021-08-15,484549.28,Active
ACC001891,CUST04451,Salary,BR023,2022-07-02,80426.55,Active
ACC001892,CUST03631,Savings,BR008,2021-07-31,177581.96,Active
ACC001893,CUST04943,Savings,BR025,2025-10-31,425828.26,Active
ACC001894,CUST00163,Savings,BR011,2025-03-09,467065.7,Active
ACC001895,CUST00116,Salary,BR021,2025-11-05,8250.24,Inactive
ACC001896,CUST01471,Current,BR010,2020-12-13,194379.45,Active
ACC001897,CUST03080,Savings,BR050,2025-11-06,57579.56,Active
ACC001898,CUST03853,Salary,BR009,2023-01-09,394440.67,Active
ACC001899,CUST02839,Salary,BR048,2021-09-05,373818.07,Active
ACC001900,CUST00543,Current,BR001,2024-12-01,377397.05,Active
ACC001901,CUST00414,Savings,BR022,2019-12-23,195727.35,Active
ACC001902,CUST00682,Current,BR006,2021-05-29,203717.54,Active
ACC001903,CUST00642,Savings,BR030,2022-09-02,131670.47,Active
ACC001904,CUST03979,Current,BR034,2023-05-12,181085.88,Active
ACC001905,CUST01433,Salary,BR013,2021-09-28,491557.69,Active
ACC001906,CUST00669,Salary,BR022,2021-09-07,24237.81,Active
ACC001907,CUST02070,Savings,BR006,2019-08-04,162679.78,Active
ACC001908,CUST00969,Salary,BR041,2020-01-16,395171.56,Inactive
ACC001909,CUST01181,Savings,BR046,2020-11-04,191790.64,Active
ACC001910,CUST04820,Savings,BR024,2022-02-12,475042.22,Active
ACC001911,CUST03236,Savings,BR021,2020-05-27,166739.92,Active
ACC001912,CUST00252,Current,BR039,2018-05-14,425029.41,Active
ACC001913,CUST04301,Savings,BR023,2019-12-19,407732.33,Active
ACC001914,CUST02880,Savings,BR005,2020-11-13,5594.61,Active
ACC001915,CUST03999,Savings,BR007,2024-08-21,202091.56,Active
ACC001916,CUST00791,Current,BR003,2025-05-23,141038.02,Active
ACC001917,CUST04561,Salary,BR013,2022-01-02,240324.67,Active
ACC001918,CUST01496,Current,BR012,2021-09-09,231922.76,Active
ACC001919,CUST04490,Savings,BR006,2021-02-19,452859.22,Active
ACC001920,CUST03069,Salary,BR034,2021-09-26,92607.09,Active
ACC001921,CUST02708,Current,BR015,2021-05-16,91913.37,Active
ACC001922,CUST02578,Salary,BR047,2023-06-25,54925.3,Active
ACC001923,CUST01236,Current,BR018,2018-06-15,369586.94,Active
ACC001924,CUST01059,Salary,BR049,2022-04-29,459012.3,Active
ACC001925,CUST01171,Salary,BR003,2021-01-03,184883.46,Active
ACC001926,CUST03619,Savings,BR022,2022-02-12,31849.43,Active
ACC001927,CUST03660,Savings,BR035,2024-05-08,78854.73,Active
ACC001928,CUST03656,Current,BR028,2023-07-11,52089.72,Active
ACC001929,CUST00057,Savings,BR041,2024-01-23,296577.68,Active
ACC001930,CUST01893,Current,BR042,2020-02-01,141866.62,Active
ACC001931,CUST02570,Savings,BR012,2021-01-14,448826.37,Active
ACC001932,CUST04081,Savings,BR001,2019-10-11,81979.08,Active
ACC001933,CUST04457,Savings,BR036,2025-12-02,465147.84,Active
ACC001934,CUST01949,Salary,BR030,2019-07-05,167036.68,Active
ACC001935,CUST00223,Current,BR023,2019-08-22,433785.58,Inactive
ACC001936,CUST01640,Savings,BR037,2024-01-12,474548.95,Active
ACC001937,CUST04423,Savings,BR028,2022-05-19,493195.43,Active
ACC001938,CUST01758,Savings,BR049,2019-02-21,401993.09,Active
ACC001939,CUST00836,Savings,BR005,2022-10-06,51741.58,Active
ACC001940,CUST02537,Savings,BR036,2023-10-16,28633.98,Active
ACC001941,CUST02526,Current,BR047,2025-01-08,370124.78,Active
ACC001942,CUST00985,Salary,BR010,2020-12-18,448622.81,Active
ACC001943,CUST01358,Savings,BR005,2020-10-03,83862.4,Active
ACC001944,CUST04888,Savings,BR014,2019-08-11,470592.66,Active
ACC001945,CUST03061,Current,BR024,2020-02-11,305503.67,Active
ACC001946,CUST04478,Salary,BR028,2025-09-08,62880.64,Active
ACC001947,CUST01447,Salary,BR021,2023-03-28,84349.8,Active
ACC001948,CUST01372,Savings,BR045,2024-02-02,33911.78,Active
ACC001949,CUST03225,Savings,BR040,2018-11-18,72464.43,Active
ACC001950,CUST01875,Savings,BR012,2022-01-24,366329.84,Active
ACC001951,CUST02500,Current,BR020,2023-12-24,110164.41,Active
ACC001952,CUST03362,Current,BR032,2024-10-11,281265.42,Active
ACC001953,CUST01143,Savings,BR038,2022-12-23,360819.56,Active
ACC001954,CUST04310,Salary,BR040,2023-07-15,447743.57,Active
ACC001955,CUST00565,Savings,BR042,2020-07-19,295373.51,Active
ACC001956,CUST04828,Salary,BR021,2019-11-11,285288.98,Active
ACC001957,CUST04535,Savings,BR017,2024-06-27,456498.7,Inactive
ACC001958,CUST01589,Savings,BR001,2021-09-21,148157.54,Active
ACC001959,CUST03986,Savings,BR044,2020-02-20,102647.09,Active
ACC001960,CUST04725,Savings,BR028,2022-03-17,436525.19,Active
ACC001961,CUST04999,Current,BR002,2018-06-20,38186.96,Active
ACC001962,CUST01471,Savings,BR017,2020-07-12,95651.38,Active
ACC001963,CUST03915,Current,BR039,2018-05-09,206215.27,Active
ACC001964,CUST03114,Savings,BR014,2025-06-20,181264.04,Active
ACC001965,CUST04491,Savings,BR014,2021-12-12,353339.91,Active
ACC001966,CUST04343,Salary,BR044,2019-02-01,46811.65,Active
ACC001967,CUST03363,Salary,BR048,2023-10-10,239101.75,Active
ACC001968,CUST01637,Savings,BR018,2023-02-01,404468.91,Active
ACC001969,CUST02913,Salary,BR040,2022-07-17,341988.43,Active
ACC001970,CUST01473,Current,BR034,2022-12-01,316192.88,Active
ACC001971,CUST01245,Savings,BR043,2024-11-25,120440.57,Active
ACC001972,CUST03738,Salary,BR001,2025-08-17,197422.73,Active
ACC001973,CUST02099,Savings,BR042,2019-02-01,91181.03,Active
ACC001974,CUST02598,Savings,BR018,2020-03-14,254953.6,Active
ACC001975,CUST02513,Current,BR048,2019-10-17,292499.97,Active
ACC001976,CUST04515,Savings,BR034,2025-04-03,315959.39,Active
ACC001977,CUST00259,Savings,BR023,2023-02-20,438101.91,Active
ACC001978,CUST02359,Savings,BR049,2018-09-25,31853.08,Active
ACC001979,CUST03394,Current,BR016,2023-10-25,194767.94,Active
ACC001980,CUST03779,Current,BR019,2020-12-28,295894.39,Active
ACC001981,CUST03412,Savings,BR037,2022-01-08,285491.3,Active
ACC001982,CUST01269,Salary,BR006,2021-08-14,11830.36,Inactive
ACC001983,CUST00940,Savings,BR024,2022-02-06,95465.23,Active
ACC001984,CUST02377,Current,BR017,2020-06-16,423026.65,Active
ACC001985,CUST03952,Salary,BR048,2022-10-21,258180.52,Active
ACC001986,CUST00196,Salary,BR016,2022-02-17,207365.91,Active
ACC001987,CUST04158,Savings,BR039,2020-04-01,450187.46,Active
ACC001988,CUST03097,Current,BR048,2023-11-06,38401.08,Active
ACC001989,CUST03636,Savings,BR041,2021-03-10,461232.88,Active
ACC001990,CUST00562,Current,BR006,2022-04-14,14863.87,Inactive
ACC001991,CUST03450,Savings,BR016,2025-01-16,281772.47,Active
ACC001992,CUST03367,Savings,BR009,2020-04-05,277990.46,Active
ACC001993,CUST03124,Savings,BR029,2019-07-29,319895.06,Active
ACC001994,CUST02892,Savings,BR004,2021-09-28,15783.51,Active
ACC001995,CUST00040,Savings,BR026,2019-11-18,265728.93,Active
ACC001996,CUST01768,Salary,BR038,2020-09-01,57693.41,Active
ACC001997,CUST02505,Savings,BR026,2019-05-21,78833.57,Active
ACC001998,CUST00788,Savings,BR014,2022-11-06,108462.08,Active
ACC001999,CUST01877,Savings,BR035,2018-03-15,306975.36,Active
ACC002000,CUST04098,Current,BR049,2020-03-16,195654.24,Active
ACC002001,CUST01493,Savings,BR043,2019-08-04,43583.37,Active
ACC002002,CUST01130,Savings,BR024,2018-08-11,145217.62,Active
ACC002003,CUST02264,Savings,BR008,2020-06-15,39234.04,Active
ACC002004,CUST04873,Salary,BR040,2024-08-30,332399.61,Active
ACC002005,CUST04510,Savings,BR025,2023-12-10,279175.15,Inactive
ACC002006,CUST04022,Savings,BR004,2022-12-04,204435.4,Active
ACC002007,CUST04306,Current,BR015,2020-01-03,463910.72,Active
ACC002008,CUST02186,Savings,BR016,2022-01-04,259843.82,Active
ACC002009,CUST01645,Savings,BR011,2020-04-02,443880.25,Active
ACC002010,CUST03561,Savings,BR028,2019-04-02,289963.44,Active
ACC002011,CUST02686,Salary,BR007,2024-01-21,189019.65,Active
ACC002012,CUST04822,Savings,BR050,2023-11-10,269959.44,Active
ACC002013,CUST01413,Savings,BR038,2024-07-11,76779.34,Active
ACC002014,CUST01222,Savings,BR024,2019-08-09,337701.96,Active
ACC002015,CUST02250,Salary,BR031,2018-11-10,491084.46,Active
ACC002016,CUST02240,Savings,BR004,2025-04-03,124471.62,Active
ACC002017,CUST04203,Savings,BR037,2023-03-05,162275.63,Active
ACC002018,CUST04423,Salary,BR035,2020-09-20,203639.66,Active
ACC002019,CUST00644,Salary,BR006,2022-01-29,242257.81,Active
ACC002020,CUST04453,Current,BR046,2022-07-23,359832.4,Active
ACC002021,CUST02549,Savings,BR033,2025-02-21,69199.9,Active
ACC002022,CUST04604,Savings,BR032,2024-12-07,151930.31,Active
ACC002023,CUST03806,Savings,BR046,2019-10-18,269796.58,Active
ACC002024,CUST04291,Current,BR038,2025-04-28,295199.12,Active
ACC002025,CUST04143,Current,BR035,2023-10-15,268778.48,Active
ACC002026,CUST01386,Salary,BR017,2023-02-24,218308.96,Active
ACC002027,CUST02585,Savings,BR032,2018-07-20,356026.05,Inactive
ACC002028,CUST01602,Current,BR014,2024-11-20,103032.89,Active
ACC002029,CUST04943,Salary,BR019,2019-03-10,142081.11,Inactive
ACC002030,CUST04805,Salary,BR024,2018-05-18,222797.26,Inactive
ACC002031,CUST03318,Current,BR039,2020-12-11,348055.98,Active
ACC002032,CUST00808,Current,BR011,2022-10-15,42093.07,Active
ACC002033,CUST02660,Savings,BR007,2022-01-15,58719.82,Active
ACC002034,CUST00115,Savings,BR045,2021-03-27,391421.76,Active
ACC002035,CUST02728,Savings,BR024,2025-10-20,131216.52,Active
ACC002036,CUST04727,Savings,BR024,2020-05-11,481779.9,Active
ACC002037,CUST02267,Savings,BR014,2021-05-14,480741.06,Active
ACC002038,CUST04293,Savings,BR024,2021-09-01,343286.55,Active
ACC002039,CUST04497,Current,BR011,2018-05-16,358719.74,Active
ACC002040,CUST03902,Savings,BR008,2019-03-25,325849.11,Active
ACC002041,CUST02729,Savings,BR044,2018-03-10,89488.14,Active
ACC002042,CUST04172,Savings,BR015,2020-03-23,250727.37,Active
ACC002043,CUST01450,Savings,BR042,2020-10-11,396715.09,Active
ACC002044,CUST04383,Savings,BR002,2021-04-05,387564.37,Active
ACC002045,CUST01569,Salary,BR024,2022-10-07,449486.56,Active
ACC002046,CUST01323,Savings,BR045,2023-07-13,450498.29,Active
ACC002047,CUST00861,Savings,BR010,2023-05-19,131481.23,Active
ACC002048,CUST00742,Savings,BR032,2018-04-07,361138.54,Active
ACC002049,CUST01731,Current,BR017,2019-01-12,326018.63,Active
ACC002050,CUST04905,Current,BR010,2022-02-23,443029.26,Active
ACC002051,CUST02934,Savings,BR022,2023-05-02,92553.72,Active
ACC002052,CUST03519,Salary,BR006,2020-12-12,370156.5,Active
ACC002053,CUST04510,Salary,BR027,2018-01-09,212242.72,Active
ACC002054,CUST04527,Savings,BR020,2024-07-06,197848.27,Active
ACC002055,CUST03168,Savings,BR001,2018-09-08,18859.7,Active
ACC002056,CUST01919,Savings,BR017,2018-12-26,480768.75,Active
ACC002057,CUST02219,Savings,BR001,2024-07-24,338208.5,Active
ACC002058,CUST01341,Salary,BR037,2018-05-04,295760.44,Active
ACC002059,CUST04640,Savings,BR015,2019-09-26,126331.74,Active
ACC002060,CUST01515,Savings,BR001,2018-07-18,329564.26,Active
ACC002061,CUST01412,Savings,BR017,2020-04-08,472855.79,Active
ACC002062,CUST03037,Savings,BR046,2021-12-05,82480.59,Active
ACC002063,CUST04168,Salary,BR045,2020-07-06,491920.5,Active
ACC002064,CUST01023,Savings,BR043,2021-01-23,214287.24,Active
ACC002065,CUST04628,Savings,BR044,2023-09-09,489136.33,Active
ACC002066,CUST02287,Current,BR038,2021-01-20,317299.91,Active
ACC002067,CUST02759,Savings,BR043,2019-08-19,162729.29,Active
ACC002068,CUST04673,Savings,BR002,2025-05-26,187847.54,Active
ACC002069,CUST03772,Savings,BR018,2025-11-08,145986.86,Active
ACC002070,CUST01113,Savings,BR012,2024-11-12,168053.74,Active
ACC002071,CUST01946,Savings,BR029,2022-10-11,323621.4,Active
ACC002072,CUST04809,Savings,BR023,2018-01-23,9285.95,Active
ACC002073,CUST01559,Savings,BR047,2018-11-22,483847.95,Active
ACC002074,CUST03880,Savings,BR009,2020-05-26,384495.5,Active
ACC002075,CUST00642,Savings,BR008,2025-06-25,470563.64,Active
ACC002076,CUST02238,Salary,BR050,2018-09-20,359053.99,Active
ACC002077,CUST04908,Savings,BR016,2025-10-25,241035.8,Active
ACC002078,CUST03487,Current,BR023,2021-10-15,95674.0,Active
ACC002079,CUST03226,Salary,BR029,2022-05-05,258644.45,Active
ACC002080,CUST01015,Savings,BR010,2019-03-09,356136.08,Active
ACC002081,CUST02022,Current,BR012,2019-07-14,427237.17,Active
ACC002082,CUST02677,Salary,BR012,2024-12-30,162741.41,Active
ACC002083,CUST01541,Savings,BR030,2018-02-18,255729.92,Active
ACC002084,CUST02937,Salary,BR010,2024-01-25,310370.45,Active
ACC002085,CUST03107,Savings,BR014,2022-08-30,294707.81,Active
ACC002086,CUST00784,Savings,BR004,2024-10-24,27134.02,Active
ACC002087,CUST00671,Current,BR047,2019-08-17,242213.52,Active
ACC002088,CUST02770,Savings,BR020,2022-05-18,404706.62,Active
ACC002089,CUST02574,Current,BR041,2018-08-16,401349.62,Active
ACC002090,CUST02585,Salary,BR039,2023-05-30,254063.96,Active
ACC002091,CUST04943,Salary,BR007,2018-08-02,476225.83,Active
ACC002092,CUST01278,Savings,BR030,2022-07-24,413288.91,Inactive
ACC002093,CUST03044,Salary,BR041,2025-04-09,368926.13,Active
ACC002094,CUST03173,Savings,BR024,2025-08-29,258284.79,Active
ACC002095,CUST03783,Savings,BR010,2020-11-07,295747.5,Inactive
ACC002096,CUST00178,Savings,BR045,2019-04-12,112394.36,Active
ACC002097,CUST00276,Current,BR038,2024-07-19,266671.06,Active
ACC002098,CUST02360,Savings,BR036,2024-06-29,263484.88,Active
ACC002099,CUST03482,Savings,BR017,2021-06-23,102178.47,Active
ACC002100,CUST04887,Savings,BR021,2020-12-19,475623.0,Active
ACC002101,CUST03360,Savings,BR046,2022-07-24,123131.32,Active
ACC002102,CUST01425,Salary,BR003,2020-05-11,53007.01,Active
ACC002103,CUST04123,Savings,BR001,2025-06-18,234037.59,Active
ACC002104,CUST02961,Savings,BR018,2023-05-05,343350.7,Active
ACC002105,CUST02470,Current,BR002,2025-06-20,98380.78,Active
ACC002106,CUST03086,Savings,BR040,2021-06-30,92262.9,Active
ACC002107,CUST02373,Salary,BR048,2020-04-27,131473.69,Active
ACC002108,CUST04069,Savings,BR004,2021-11-07,152055.98,Active
ACC002109,CUST01591,Savings,BR032,2019-07-30,123853.83,Active
ACC002110,CUST04381,Savings,BR019,2019-06-29,235878.63,Active
ACC002111,CUST01113,Savings,BR020,2018-02-27,10113.29,Active
ACC002112,CUST01069,Current,BR042,2023-10-13,44670.83,Active
ACC002113,CUST02546,Savings,BR049,2020-06-17,364952.87,Active
ACC002114,CUST03650,Salary,BR049,2023-12-13,206757.63,Active
ACC002115,CUST01815,Savings,BR007,2023-10-10,180798.28,Active
ACC002116,CUST03908,Savings,BR009,2019-01-15,6211.95,Active
ACC002117,CUST03732,Current,BR007,2020-09-04,149810.72,Active
ACC002118,CUST02193,Current,BR027,2022-11-20,410772.0,Active
ACC002119,CUST00082,Current,BR021,2021-03-07,170843.27,Active
ACC002120,CUST03707,Current,BR035,2018-03-07,481883.03,Active
ACC002121,CUST03177,Savings,BR024,2021-04-17,195589.51,Active
ACC002122,CUST01826,Current,BR032,2023-07-07,232600.32,Active
ACC002123,CUST00082,Savings,BR012,2020-03-08,401152.83,Active
ACC002124,CUST00094,Savings,BR023,2022-12-22,491529.13,Active
ACC002125,CUST00343,Salary,BR036,2021-04-09,186426.8,Active
ACC002126,CUST02409,Savings,BR049,2025-09-03,60848.12,Active
ACC002127,CUST01855,Current,BR029,2019-09-24,262005.59,Active
ACC002128,CUST04000,Savings,BR003,2021-09-29,296288.67,Active
ACC002129,CUST01090,Savings,BR043,2018-08-15,479768.78,Active
ACC002130,CUST00624,Savings,BR008,2018-07-11,207547.34,Active
ACC002131,CUST00868,Savings,BR034,2025-08-31,46314.39,Active
ACC002132,CUST02477,Savings,BR014,2022-06-18,325816.43,Active
ACC002133,CUST03473,Savings,BR036,2021-02-23,11534.95,Active
ACC002134,CUST00171,Salary,BR048,2018-04-09,213283.72,Active
ACC002135,CUST01783,Savings,BR046,2018-12-10,205413.67,Active
ACC002136,CUST00578,Savings,BR032,2024-04-09,128154.72,Active
ACC002137,CUST00068,Salary,BR007,2018-01-20,482190.22,Active
ACC002138,CUST01516,Salary,BR010,2024-08-03,202300.8,Inactive
ACC002139,CUST00001,Savings,BR012,2019-03-09,447458.85,Active
ACC002140,CUST02199,Salary,BR040,2020-09-26,258040.16,Active
ACC002141,CUST00902,Savings,BR023,2025-04-12,410447.55,Active
ACC002142,CUST04846,Savings,BR011,2024-12-09,226246.22,Active
ACC002143,CUST00795,Salary,BR013,2018-11-26,495777.06,Active
ACC002144,CUST02067,Salary,BR012,2022-08-18,320374.5,Active
ACC002145,CUST01820,Savings,BR007,2024-02-11,78817.55,Active
ACC002146,CUST00371,Savings,BR044,2018-12-01,4208.98,Active
ACC002147,CUST02539,Savings,BR010,2024-12-28,464521.28,Active
ACC002148,CUST03908,Savings,BR007,2024-11-15,343713.61,Active
ACC002149,CUST02055,Current,BR027,2023-05-11,54039.04,Active
ACC002150,CUST02597,Savings,BR007,2023-08-13,371999.99,Active
ACC002151,CUST04467,Savings,BR050,2025-06-09,114347.15,Active
ACC002152,CUST01689,Savings,BR024,2023-06-11,404805.97,Active
ACC002153,CUST04853,Salary,BR023,2024-02-01,305351.41,Active
ACC002154,CUST03322,Savings,BR025,2023-02-15,62706.33,Active
ACC002155,CUST01139,Current,BR044,2022-05-24,36403.62,Inactive
ACC002156,CUST02622,Salary,BR036,2022-04-06,233592.88,Active
ACC002157,CUST02729,Savings,BR033,2024-06-03,468509.84,Active
ACC002158,CUST01166,Salary,BR037,2023-12-06,282751.72,Active
ACC002159,CUST01509,Current,BR042,2020-02-28,379795.32,Active
ACC002160,CUST03842,Savings,BR039,2019-10-04,235267.18,Active
ACC002161,CUST04559,Savings,BR007,2018-07-25,192656.22,Active
ACC002162,CUST04577,Current,BR030,2023-09-09,411281.54,Active
ACC002163,CUST04919,Savings,BR031,2021-12-22,232229.89,Active
ACC002164,CUST00524,Savings,BR045,2020-04-02,71629.81,Active
ACC002165,CUST02259,Savings,BR046,2023-08-07,137985.73,Active
ACC002166,CUST04340,Current,BR037,2024-04-23,281130.32,Active
ACC002167,CUST00239,Savings,BR021,2024-02-08,201885.99,Active
ACC002168,CUST01221,Savings,BR034,2018-07-27,183830.06,Inactive
ACC002169,CUST00769,Savings,BR046,2020-05-28,334713.35,Inactive
ACC002170,CUST00235,Current,BR021,2024-07-17,318523.88,Active
ACC002171,CUST02761,Savings,BR040,2022-06-01,157699.03,Active
ACC002172,CUST04593,Savings,BR020,2019-01-13,180353.88,Inactive
ACC002173,CUST01520,Savings,BR034,2019-02-15,376281.16,Active
ACC002174,CUST01904,Savings,BR008,2019-01-18,460722.5,Active
ACC002175,CUST02235,Savings,BR032,2025-11-24,162783.16,Active
ACC002176,CUST00936,Current,BR030,2019-07-25,146646.91,Active
ACC002177,CUST01269,Current,BR029,2021-03-20,133374.73,Active
ACC002178,CUST00819,Current,BR005,2022-07-02,71611.94,Active
ACC002179,CUST03568,Savings,BR030,2024-08-13,189209.94,Active
ACC002180,CUST04118,Savings,BR012,2021-02-04,258487.05,Active
ACC002181,CUST02116,Salary,BR039,2021-03-08,269179.19,Active
ACC002182,CUST02440,Savings,BR027,2018-10-07,345824.14,Active
ACC002183,CUST03388,Current,BR013,2023-10-21,27223.37,Active
ACC002184,CUST01089,Salary,BR047,2025-04-24,281142.96,Inactive
ACC002185,CUST01828,Current,BR010,2024-12-27,128239.49,Active
ACC002186,CUST04825,Savings,BR036,2022-10-28,120322.62,Active
ACC002187,CUST02589,Savings,BR031,2023-11-24,395073.24,Active
ACC002188,CUST02616,Savings,BR016,2024-01-16,77585.14,Active
ACC002189,CUST01874,Current,BR039,2021-03-19,165220.97,Active
ACC002190,CUST04308,Current,BR045,2018-01-14,319181.54,Inactive
ACC002191,CUST01774,Current,BR036,2023-08-15,321793.81,Active
ACC002192,CUST00200,Savings,BR026,2021-07-20,24995.88,Active
ACC002193,CUST00178,Salary,BR044,2024-03-08,37206.87,Active
ACC002194,CUST00931,Current,BR020,2024-07-02,328026.26,Inactive
ACC002195,CUST03737,Savings,BR034,2020-05-07,476622.39,Active
ACC002196,CUST02037,Savings,BR037,2019-04-11,499253.05,Active
ACC002197,CUST01486,Current,BR008,2023-05-18,493567.81,Active
ACC002198,CUST02092,Savings,BR004,2022-11-09,176438.53,Active
ACC002199,CUST04264,Savings,BR029,2020-01-16,121663.32,Active
ACC002200,CUST02385,Savings,BR031,2024-02-03,50226.03,Active
ACC002201,CUST04089,Current,BR002,2022-11-26,163587.59,Active
ACC002202,CUST04682,Savings,BR025,2023-01-31,139149.97,Active
ACC002203,CUST01916,Savings,BR038,2018-05-12,288821.31,Active
ACC002204,CUST00016,Salary,BR003,2020-02-16,185023.96,Active
ACC002205,CUST02935,Current,BR046,2024-09-29,116533.42,Active
ACC002206,CUST00837,Current,BR042,2018-12-10,306659.92,Active
ACC002207,CUST02158,Savings,BR043,2024-12-07,162210.77,Active
ACC002208,CUST01577,Savings,BR005,2022-04-05,177466.44,Active
ACC002209,CUST00306,Current,BR022,2022-05-13,299621.83,Active
ACC002210,CUST02054,Salary,BR016,2019-08-01,59991.06,Active
ACC002211,CUST02891,Savings,BR009,2018-12-11,387350.33,Active
ACC002212,CUST03345,Savings,BR048,2021-11-21,482751.77,Active
ACC002213,CUST04457,Savings,BR009,2024-11-27,245922.46,Active
ACC002214,CUST01209,Current,BR049,2019-06-09,280369.6,Inactive
ACC002215,CUST01859,Savings,BR012,2022-05-17,192936.82,Active
ACC002216,CUST02704,Savings,BR047,2023-05-02,478402.4,Active
ACC002217,CUST01972,Savings,BR042,2018-02-15,67339.31,Active
ACC002218,CUST01114,Savings,BR004,2023-04-19,406947.41,Active
ACC002219,CUST00984,Savings,BR049,2022-06-17,325562.49,Active
ACC002220,CUST03311,Salary,BR018,2020-09-07,395956.64,Active
ACC002221,CUST04002,Current,BR018,2021-12-22,475279.33,Active
ACC002222,CUST02772,Savings,BR042,2023-09-02,248580.0,Active
ACC002223,CUST03153,Savings,BR043,2023-03-08,144876.85,Active
ACC002224,CUST02163,Savings,BR033,2023-10-16,389976.31,Active
ACC002225,CUST02128,Current,BR042,2019-09-18,422440.68,Active
ACC002226,CUST03640,Savings,BR003,2024-03-03,343441.36,Active
ACC002227,CUST04275,Salary,BR038,2018-09-15,424651.8,Active
ACC002228,CUST00561,Current,BR017,2023-07-04,365433.33,Active
ACC002229,CUST01810,Savings,BR012,2025-02-06,478779.04,Active
ACC002230,CUST04388,Salary,BR011,2025-10-26,285769.84,Active
ACC002231,CUST02933,Current,BR017,2018-09-10,190856.23,Active
ACC002232,CUST00291,Savings,BR035,2022-05-24,340579.72,Active
ACC002233,CUST04638,Savings,BR041,2021-04-27,35488.06,Inactive
ACC002234,CUST01910,Savings,BR050,2024-01-10,249696.96,Active
ACC002235,CUST04690,Savings,BR006,2022-10-05,386926.85,Active
ACC002236,CUST01429,Savings,BR035,2023-10-26,85312.96,Active
ACC002237,CUST00948,Savings,BR006,2025-07-13,200803.14,Active
ACC002238,CUST02528,Savings,BR032,2025-01-31,175793.06,Active
ACC002239,CUST01349,Savings,BR011,2019-12-26,168149.55,Active
ACC002240,CUST00381,Salary,BR043,2024-08-13,325662.67,Active
ACC002241,CUST01705,Current,BR039,2019-07-22,249250.54,Active
ACC002242,CUST00310,Current,BR013,2025-04-25,398860.34,Active
ACC002243,CUST03415,Savings,BR013,2022-11-14,29866.85,Active
ACC002244,CUST01499,Current,BR039,2021-03-23,227500.71,Active
ACC002245,CUST02895,Salary,BR046,2024-01-12,7985.36,Active
ACC002246,CUST00661,Savings,BR034,2025-10-12,111209.05,Active
ACC002247,CUST03448,Current,BR003,2018-09-28,387912.56,Active
ACC002248,CUST02274,Savings,BR032,2019-07-16,53919.41,Active
ACC002249,CUST01498,Salary,BR004,2022-03-13,53684.06,Active
ACC002250,CUST02073,Salary,BR040,2021-11-14,201317.77,Active
ACC002251,CUST03437,Salary,BR001,2023-12-20,388693.87,Active
ACC002252,CUST02143,Savings,BR009,2022-08-21,319373.42,Active
ACC002253,CUST04661,Savings,BR049,2020-04-24,391095.88,Active
ACC002254,CUST01606,Savings,BR050,2024-05-01,25724.67,Active
ACC002255,CUST04740,Savings,BR007,2018-08-08,282299.13,Active
ACC002256,CUST01432,Savings,BR027,2020-06-17,227193.04,Active
ACC002257,CUST01951,Savings,BR003,2024-05-25,448114.64,Active
ACC002258,CUST03923,Current,BR022,2021-01-07,368932.32,Active
ACC002259,CUST00459,Savings,BR016,2020-01-21,212746.18,Active
ACC002260,CUST02949,Salary,BR008,2024-06-25,277370.72,Active
ACC002261,CUST00338,Savings,BR005,2018-11-14,212991.82,Inactive
ACC002262,CUST03944,Savings,BR049,2024-12-09,221132.33,Active
ACC002263,CUST02014,Current,BR030,2021-11-15,317407.1,Inactive
ACC002264,CUST04021,Current,BR028,2022-11-08,109050.86,Active
ACC002265,CUST00345,Savings,BR027,2019-08-11,167258.74,Active
ACC002266,CUST04672,Salary,BR050,2023-01-16,140300.31,Active
ACC002267,CUST00943,Savings,BR022,2023-09-18,400600.4,Active
ACC002268,CUST00346,Salary,BR030,2018-04-15,471029.81,Active
ACC002269,CUST03895,Salary,BR037,2022-05-25,207736.0,Active
ACC002270,CUST03320,Savings,BR007,2019-05-22,39473.48,Active
ACC002271,CUST03696,Salary,BR050,2019-07-24,47681.94,Active
ACC002272,CUST00325,Salary,BR030,2018-11-25,200394.89,Active
ACC002273,CUST02139,Salary,BR013,2022-09-11,198097.25,Inactive
ACC002274,CUST04390,Salary,BR022,2020-09-10,73932.04,Active
ACC002275,CUST03613,Salary,BR011,2024-06-13,403754.59,Active
ACC002276,CUST00524,Savings,BR005,2018-08-10,250567.25,Active
ACC002277,CUST02898,Savings,BR022,2025-05-27,55420.87,Active
ACC002278,CUST03741,Salary,BR015,2025-06-13,50261.38,Active
ACC002279,CUST00259,Current,BR039,2018-05-31,223536.28,Active
ACC002280,CUST01111,Savings,BR037,2024-01-30,59301.4,Active
ACC002281,CUST00821,Savings,BR031,2025-08-02,281036.86,Active
ACC002282,CUST02789,Current,BR029,2020-09-05,193122.8,Active
ACC002283,CUST04665,Savings,BR039,2025-10-28,459917.5,Active
ACC002284,CUST04605,Savings,BR017,2022-04-18,210036.14,Active
ACC002285,CUST01564,Savings,BR041,2019-09-13,307600.65,Active
ACC002286,CUST04621,Current,BR006,2023-09-26,405865.72,Active
ACC002287,CUST01208,Savings,BR041,2022-06-20,152135.19,Active
ACC002288,CUST00309,Savings,BR017,2021-02-22,256432.36,Active
ACC002289,CUST01840,Current,BR034,2021-08-11,61349.05,Active
ACC002290,CUST03353,Current,BR023,2023-01-12,216951.93,Active
ACC002291,CUST01384,Savings,BR030,2020-04-19,188534.84,Active
ACC002292,CUST02307,Savings,BR013,2023-01-17,214666.35,Inactive
ACC002293,CUST01181,Savings,BR030,2022-04-10,54597.71,Active
ACC002294,CUST02473,Current,BR049,2022-06-06,199801.94,Active
ACC002295,CUST02687,Savings,BR020,2025-03-02,435263.15,Active
ACC002296,CUST02968,Savings,BR006,2023-06-02,468590.49,Active
ACC002297,CUST04446,Salary,BR031,2025-01-29,121621.94,Active
ACC002298,CUST00961,Salary,BR019,2021-08-13,150950.14,Active
ACC002299,CUST03457,Savings,BR006,2018-02-13,5768.69,Active
ACC002300,CUST00438,Savings,BR034,2019-08-20,58674.89,Active
ACC002301,CUST00456,Savings,BR028,2018-01-22,173214.7,Inactive
ACC002302,CUST03818,Savings,BR013,2018-08-14,342869.26,Active
ACC002303,CUST01570,Savings,BR010,2019-07-03,146809.91,Active
ACC002304,CUST01104,Savings,BR041,2019-01-09,38623.23,Active
ACC002305,CUST01619,Savings,BR045,2025-04-14,365703.0,Active
ACC002306,CUST03613,Savings,BR007,2025-05-25,233915.92,Active
ACC002307,CUST01513,Salary,BR018,2020-10-24,260079.41,Active
ACC002308,CUST04739,Current,BR022,2023-09-03,163686.52,Active
ACC002309,CUST00392,Savings,BR014,2023-06-09,306909.05,Active
ACC002310,CUST02622,Salary,BR036,2022-09-23,445498.89,Active
ACC002311,CUST00921,Current,BR008,2020-04-12,277325.48,Active
ACC002312,CUST02458,Salary,BR012,2022-12-10,294170.61,Active
ACC002313,CUST03601,Savings,BR040,2025-01-30,187407.7,Active
ACC002314,CUST04509,Savings,BR048,2019-01-07,42232.77,Active
ACC002315,CUST01789,Savings,BR033,2022-06-05,214842.18,Active
ACC002316,CUST00261,Savings,BR024,2021-10-20,462395.01,Active
ACC002317,CUST02014,Savings,BR042,2020-07-01,340427.31,Active
ACC002318,CUST01336,Current,BR039,2020-12-28,245619.67,Active
ACC002319,CUST00335,Savings,BR014,2021-08-29,310820.76,Active
ACC002320,CUST02780,Current,BR049,2020-12-31,279709.87,Inactive
ACC002321,CUST00804,Savings,BR005,2021-06-23,456289.16,Active
ACC002322,CUST02438,Current,BR019,2020-01-28,112700.04,Active
ACC002323,CUST02808,Savings,BR003,2022-11-24,444454.48,Active
ACC002324,CUST00941,Salary,BR001,2021-01-01,344546.97,Active
ACC002325,CUST03164,Savings,BR040,2025-10-04,64745.46,Active
ACC002326,CUST00903,Salary,BR041,2023-03-03,186580.44,Active
ACC002327,CUST03433,Savings,BR037,2023-09-19,218713.15,Active
ACC002328,CUST01269,Current,BR033,2025-08-24,42383.88,Active
ACC002329,CUST00024,Savings,BR049,2019-07-20,277545.41,Active
ACC002330,CUST04653,Salary,BR046,2018-10-29,130422.61,Active
ACC002331,CUST02749,Current,BR017,2022-09-21,229605.73,Active
ACC002332,CUST02451,Salary,BR009,2020-07-22,219945.22,Active
ACC002333,CUST01397,Savings,BR031,2019-07-09,261315.41,Active
ACC002334,CUST03358,Salary,BR035,2018-01-04,423257.42,Active
ACC002335,CUST03905,Savings,BR003,2021-07-08,390599.84,Active
ACC002336,CUST02489,Savings,BR013,2020-05-30,436627.7,Active
ACC002337,CUST03667,Savings,BR037,2019-02-14,286601.36,Active
ACC002338,CUST01758,Savings,BR038,2022-11-06,308286.74,Active
ACC002339,CUST04978,Current,BR014,2024-05-01,215812.74,Active
ACC002340,CUST01879,Savings,BR006,2023-08-25,358892.33,Active
ACC002341,CUST02533,Savings,BR029,2018-03-29,103242.76,Active
ACC002342,CUST03515,Current,BR049,2023-07-01,238116.65,Active
ACC002343,CUST03774,Salary,BR009,2018-04-09,357372.4,Inactive
ACC002344,CUST02079,Current,BR036,2020-10-04,389161.58,Active
ACC002345,CUST04662,Current,BR023,2022-06-29,124726.94,Active
ACC002346,CUST02058,Savings,BR015,2018-08-05,91592.8,Active
ACC002347,CUST00678,Current,BR050,2024-09-23,144978.49,Active
ACC002348,CUST04947,Salary,BR047,2018-07-10,460157.64,Active
ACC002349,CUST02975,Savings,BR050,2021-05-23,65431.1,Active
ACC002350,CUST00285,Savings,BR007,2022-09-30,476594.48,Active
ACC002351,CUST02201,Salary,BR047,2019-09-09,497411.49,Active
ACC002352,CUST04467,Salary,BR025,2021-04-20,391938.71,Active
ACC002353,CUST01841,Savings,BR037,2025-03-27,380450.85,Active
ACC002354,CUST01879,Savings,BR023,2024-03-27,476689.98,Inactive
ACC002355,CUST01611,Current,BR011,2025-10-18,145977.13,Active
ACC002356,CUST03963,Savings,BR046,2019-06-14,65362.12,Active
ACC002357,CUST04237,Savings,BR008,2018-03-12,411727.09,Active
ACC002358,CUST03160,Current,BR036,2021-05-23,86294.09,Active
ACC002359,CUST03499,Savings,BR042,2023-12-05,23659.55,Active
ACC002360,CUST02132,Savings,BR039,2018-04-10,99034.28,Active
ACC002361,CUST03315,Salary,BR001,2019-08-23,219515.39,Active
ACC002362,CUST01379,Current,BR044,2020-05-09,248056.03,Active
ACC002363,CUST03078,Salary,BR013,2022-08-16,32188.35,Active
ACC002364,CUST03015,Salary,BR016,2024-05-31,222253.79,Active
ACC002365,CUST03893,Current,BR046,2020-10-01,302549.49,Active
ACC002366,CUST01716,Salary,BR013,2025-05-05,465971.43,Active
ACC002367,CUST00453,Savings,BR037,2022-10-13,114432.47,Active
ACC002368,CUST00342,Current,BR014,2023-10-06,106274.23,Active
ACC002369,CUST00393,Savings,BR013,2024-02-19,195323.11,Active
ACC002370,CUST01270,Current,BR046,2020-09-20,491843.61,Active
ACC002371,CUST03051,Savings,BR012,2021-03-22,168776.17,Active
ACC002372,CUST04060,Savings,BR028,2020-11-12,22890.06,Inactive
ACC002373,CUST00971,Savings,BR022,2018-01-30,133541.81,Active
ACC002374,CUST02206,Current,BR020,2022-09-21,279592.49,Active
ACC002375,CUST04795,Salary,BR047,2024-06-15,206859.32,Active
ACC002376,CUST00166,Salary,BR019,2022-07-03,387337.31,Active
ACC002377,CUST00255,Savings,BR011,2021-10-08,304028.52,Active
ACC002378,CUST00302,Savings,BR030,2019-07-26,280169.15,Active
ACC002379,CUST03104,Savings,BR026,2018-03-07,162173.98,Active
ACC002380,CUST03841,Savings,BR015,2024-01-23,276371.17,Active
ACC002381,CUST02557,Salary,BR030,2022-02-24,308179.77,Active
ACC002382,CUST01506,Salary,BR029,2019-07-18,90423.18,Active
ACC002383,CUST01257,Savings,BR032,2018-06-29,368198.09,Active
ACC002384,CUST02263,Savings,BR030,2025-02-04,197073.56,Active
ACC002385,CUST04341,Savings,BR044,2019-12-27,371395.58,Active
ACC002386,CUST00210,Savings,BR016,2020-02-16,89677.58,Active
ACC002387,CUST03794,Salary,BR036,2020-11-06,328603.87,Active
ACC002388,CUST04522,Current,BR018,2023-12-14,14414.74,Active
ACC002389,CUST03048,Current,BR041,2018-03-23,80323.93,Active
ACC002390,CUST00981,Savings,BR048,2022-06-28,445669.33,Active
ACC002391,CUST02120,Savings,BR039,2021-04-20,231274.51,Active
ACC002392,CUST03746,Savings,BR028,2024-10-21,254423.55,Active
ACC002393,CUST00178,Savings,BR019,2020-08-25,453881.33,Inactive
ACC002394,CUST01547,Current,BR011,2022-09-10,242981.77,Active
ACC002395,CUST02035,Salary,BR017,2025-01-21,327639.69,Active
ACC002396,CUST00299,Current,BR021,2022-08-04,111755.58,Active
ACC002397,CUST02568,Savings,BR037,2021-03-30,41705.0,Active
ACC002398,CUST03567,Current,BR044,2023-04-19,177322.53,Active
ACC002399,CUST04040,Savings,BR034,2023-08-09,399541.05,Active
ACC002400,CUST00275,Savings,BR033,2025-08-13,223971.82,Active
ACC002401,CUST02996,Savings,BR029,2019-07-11,84907.03,Active
ACC002402,CUST00053,Savings,BR004,2021-04-25,273003.92,Active
ACC002403,CUST01424,Salary,BR032,2022-01-30,132656.34,Active
ACC002404,CUST01628,Current,BR011,2024-04-07,473387.24,Active
ACC002405,CUST00489,Savings,BR026,2022-10-27,289128.91,Active
ACC002406,CUST02355,Savings,BR018,2024-07-09,491498.25,Active
ACC002407,CUST00417,Savings,BR032,2018-02-17,22493.32,Active
ACC002408,CUST02557,Savings,BR027,2019-04-08,6768.24,Active
ACC002409,CUST00921,Savings,BR016,2021-01-02,239070.69,Active
ACC002410,CUST01554,Current,BR010,2024-06-22,431137.74,Active
ACC002411,CUST02686,Savings,BR044,2023-08-12,262679.07,Active
ACC002412,CUST00666,Salary,BR034,2024-08-16,438217.14,Active
ACC002413,CUST04102,Savings,BR033,2022-11-29,66152.47,Active
ACC002414,CUST02470,Savings,BR010,2023-02-11,349964.32,Active
ACC002415,CUST01475,Savings,BR042,2020-10-30,330278.8,Active
ACC002416,CUST00338,Current,BR026,2019-08-11,272936.94,Active
ACC002417,CUST03160,Savings,BR042,2019-02-27,203147.29,Active
ACC002418,CUST00269,Savings,BR025,2022-07-15,323887.1,Active
ACC002419,CUST01088,Salary,BR002,2025-11-20,275496.05,Active
ACC002420,CUST01294,Savings,BR026,2025-08-06,137040.19,Active
ACC002421,CUST00657,Salary,BR020,2019-04-21,53203.1,Active
ACC002422,CUST02829,Savings,BR003,2018-09-02,193937.68,Active
ACC002423,CUST03974,Current,BR032,2025-07-02,256705.62,Active
ACC002424,CUST04958,Savings,BR001,2019-05-03,254749.17,Active
ACC002425,CUST01337,Savings,BR024,2025-12-10,213365.62,Active
ACC002426,CUST02357,Savings,BR050,2023-01-10,164350.23,Active
ACC002427,CUST01668,Savings,BR043,2022-12-31,175896.54,Inactive
ACC002428,CUST01826,Current,BR044,2021-01-01,133656.8,Active
ACC002429,CUST04031,Salary,BR033,2020-01-23,290374.22,Active
ACC002430,CUST01213,Savings,BR038,2023-03-13,425093.83,Active
ACC002431,CUST02769,Savings,BR048,2020-07-16,439965.17,Inactive
ACC002432,CUST04416,Savings,BR035,2020-10-25,496868.75,Active
ACC002433,CUST03059,Current,BR017,2022-01-25,45320.32,Active
ACC002434,CUST00445,Savings,BR048,2021-10-21,107914.87,Inactive
ACC002435,CUST01398,Savings,BR043,2024-03-14,365373.28,Active
ACC002436,CUST04382,Current,BR048,2021-05-22,322975.02,Inactive
ACC002437,CUST02219,Savings,BR044,2020-08-16,67799.0,Active
ACC002438,CUST03677,Savings,BR033,2021-09-10,315878.0,Active
ACC002439,CUST02311,Savings,BR011,2024-06-15,203824.47,Active
ACC002440,CUST04041,Current,BR023,2023-09-17,478472.88,Inactive
ACC002441,CUST03607,Savings,BR038,2020-06-23,427766.16,Active
ACC002442,CUST01828,Salary,BR032,2020-12-20,37547.9,Active
ACC002443,CUST03220,Savings,BR019,2021-01-23,45904.83,Active
ACC002444,CUST04689,Savings,BR012,2024-03-30,209111.35,Active
ACC002445,CUST04512,Current,BR028,2022-12-18,5177.21,Active
ACC002446,CUST02073,Savings,BR002,2022-04-21,48099.07,Active
ACC002447,CUST04190,Savings,BR010,2019-05-28,466365.23,Active
ACC002448,CUST02331,Savings,BR019,2024-01-07,396423.48,Active
ACC002449,CUST00686,Savings,BR028,2024-03-12,336681.78,Active
ACC002450,CUST04959,Current,BR047,2024-09-12,415288.38,Active
ACC002451,CUST00685,Savings,BR008,2022-05-01,125777.37,Active
ACC002452,CUST02938,Current,BR043,2022-05-20,363057.91,Active
ACC002453,CUST03712,Current,BR023,2023-05-14,308168.01,Active
ACC002454,CUST00341,Current,BR048,2024-02-15,424475.06,Active
ACC002455,CUST04700,Current,BR045,2022-08-14,142061.03,Active
ACC002456,CUST00734,Current,BR030,2019-10-22,382094.18,Active
ACC002457,CUST01497,Savings,BR028,2018-01-28,426473.05,Active
ACC002458,CUST03894,Savings,BR013,2025-06-17,274954.43,Active
ACC002459,CUST02955,Savings,BR037,2023-06-25,207478.83,Active
ACC002460,CUST01132,Current,BR012,2018-05-15,474377.64,Active
ACC002461,CUST04636,Current,BR010,2022-11-25,85315.84,Active
ACC002462,CUST01733,Savings,BR017,2018-11-01,19100.25,Active
ACC002463,CUST03036,Salary,BR001,2024-12-17,90390.99,Active
ACC002464,CUST02714,Savings,BR022,2019-12-25,342043.53,Active
ACC002465,CUST02480,Savings,BR015,2025-12-17,394684.02,Active
ACC002466,CUST01420,Savings,BR016,2024-09-04,358696.96,Active
ACC002467,CUST01990,Savings,BR020,2025-03-31,210513.41,Active
ACC002468,CUST04711,Current,BR010,2020-06-10,483819.2,Inactive
ACC002469,CUST00488,Savings,BR042,2024-03-20,222706.66,Active
ACC002470,CUST03820,Savings,BR026,2023-07-21,490671.16,Active
ACC002471,CUST01442,Salary,BR049,2020-04-07,459140.11,Active
ACC002472,CUST02391,Current,BR023,2024-05-02,204165.08,Active
ACC002473,CUST01385,Savings,BR017,2021-09-05,81343.31,Active
ACC002474,CUST02157,Savings,BR034,2024-04-19,45828.87,Inactive
ACC002475,CUST04945,Savings,BR041,2018-07-18,266206.0,Active
ACC002476,CUST04397,Salary,BR022,2019-02-11,381840.77,Active
ACC002477,CUST01392,Salary,BR004,2022-01-01,88847.8,Active
ACC002478,CUST04801,Current,BR007,2022-11-10,159787.26,Active
ACC002479,CUST03143,Savings,BR005,2022-01-20,315635.2,Active
ACC002480,CUST00269,Savings,BR031,2022-02-09,230973.27,Active
ACC002481,CUST03918,Savings,BR019,2021-10-02,302330.02,Active
ACC002482,CUST01525,Savings,BR004,2019-05-01,338507.43,Active
ACC002483,CUST00478,Savings,BR050,2025-12-10,190966.85,Active
ACC002484,CUST04272,Current,BR022,2018-12-29,393197.18,Active
ACC002485,CUST00239,Savings,BR003,2018-07-31,351729.68,Active
ACC002486,CUST00610,Savings,BR023,2019-12-02,344089.06,Active
ACC002487,CUST04588,Current,BR004,2025-04-15,75592.28,Active
ACC002488,CUST04425,Savings,BR046,2020-07-04,237643.56,Active
ACC002489,CUST03398,Salary,BR024,2021-12-31,289009.29,Active
ACC002490,CUST04541,Savings,BR014,2018-05-23,113966.72,Active
ACC002491,CUST04538,Savings,BR049,2020-12-29,379524.98,Active
ACC002492,CUST04891,Savings,BR041,2023-02-15,61419.27,Active
ACC002493,CUST01832,Salary,BR003,2020-08-15,75778.89,Active
ACC002494,CUST04987,Current,BR047,2022-09-30,207246.33,Active
ACC002495,CUST01155,Savings,BR021,2022-04-01,68537.06,Active
ACC002496,CUST01752,Savings,BR026,2021-08-26,6810.33,Active
ACC002497,CUST03599,Current,BR001,2020-05-14,206289.56,Active
ACC002498,CUST02486,Savings,BR030,2021-07-10,324627.52,Active
ACC002499,CUST03339,Salary,BR004,2018-03-01,248074.01,Active
ACC002500,CUST02334,Salary,BR014,2019-06-06,27037.67,Active
ACC002501,CUST04387,Current,BR018,2018-11-05,117000.2,Active
ACC002502,CUST04464,Salary,BR012,2022-03-24,262649.96,Active
ACC002503,CUST04582,Savings,BR038,2021-11-06,369308.29,Active
ACC002504,CUST00168,Savings,BR042,2024-07-16,397164.57,Inactive
ACC002505,CUST03543,Savings,BR036,2022-06-14,260164.87,Active
ACC002506,CUST04010,Savings,BR016,2022-04-22,323417.6,Active
ACC002507,CUST00078,Salary,BR001,2023-06-25,451805.26,Active
ACC002508,CUST02899,Savings,BR003,2020-06-18,33534.17,Active
ACC002509,CUST01109,Salary,BR039,2021-01-12,50487.1,Active
ACC002510,CUST00892,Current,BR035,2020-02-01,229472.18,Active
ACC002511,CUST04757,Savings,BR015,2018-08-28,305257.59,Active
ACC002512,CUST01225,Savings,BR038,2018-08-13,3312.46,Active
ACC002513,CUST04685,Savings,BR016,2018-10-06,226821.62,Active
ACC002514,CUST00565,Savings,BR017,2021-11-17,87207.68,Active
ACC002515,CUST02860,Savings,BR034,2022-08-29,322907.22,Active
ACC002516,CUST00302,Savings,BR010,2024-10-12,134600.05,Active
ACC002517,CUST04390,Savings,BR011,2019-02-06,451067.13,Active
ACC002518,CUST00109,Current,BR028,2023-09-25,32859.87,Active
ACC002519,CUST02413,Savings,BR027,2025-01-05,404793.82,Active
ACC002520,CUST02648,Savings,BR038,2022-12-13,196771.45,Active
ACC002521,CUST02726,Salary,BR018,2021-10-21,428723.13,Active
ACC002522,CUST03339,Savings,BR047,2021-04-11,407746.18,Active
ACC002523,CUST02141,Savings,BR048,2018-10-31,120407.05,Active
ACC002524,CUST04524,Current,BR030,2024-01-09,26233.31,Active
ACC002525,CUST04734,Salary,BR013,2024-07-26,348065.18,Active
ACC002526,CUST03814,Salary,BR016,2019-12-06,102992.88,Active
ACC002527,CUST04201,Savings,BR002,2018-04-02,465323.05,Inactive
ACC002528,CUST02257,Savings,BR020,2023-11-24,34548.08,Active
ACC002529,CUST03646,Savings,BR012,2025-08-20,162666.05,Active
ACC002530,CUST03060,Salary,BR029,2021-01-31,7311.85,Active
ACC002531,CUST02522,Savings,BR046,2023-12-20,159192.78,Active
ACC002532,CUST03418,Savings,BR008,2025-09-17,271088.08,Active
ACC002533,CUST00012,Salary,BR038,2021-08-05,327776.42,Inactive
ACC002534,CUST04745,Salary,BR046,2019-04-03,363490.48,Active
ACC002535,CUST03267,Current,BR047,2020-06-17,416891.65,Active
ACC002536,CUST03146,Savings,BR020,2023-01-11,56281.28,Active
ACC002537,CUST00875,Savings,BR035,2018-09-06,381174.45,Active
ACC002538,CUST02434,Salary,BR039,2024-02-18,139906.02,Active
ACC002539,CUST00884,Savings,BR031,2025-03-17,69985.16,Active
ACC002540,CUST04651,Savings,BR016,2018-06-17,133561.92,Active
ACC002541,CUST03986,Savings,BR023,2022-05-17,429138.55,Active
ACC002542,CUST01580,Salary,BR034,2024-01-28,314068.45,Active
ACC002543,CUST03772,Savings,BR032,2021-05-24,299093.36,Active
ACC002544,CUST00353,Current,BR017,2022-03-13,292733.82,Active
ACC002545,CUST01507,Savings,BR043,2021-04-12,204905.14,Inactive
ACC002546,CUST03488,Savings,BR024,2023-06-15,209085.28,Active
ACC002547,CUST02852,Salary,BR035,2025-01-27,75013.9,Active
ACC002548,CUST02030,Savings,BR023,2019-02-12,166973.88,Active
ACC002549,CUST01847,Current,BR008,2019-05-16,256504.04,Active
ACC002550,CUST02391,Savings,BR023,2021-03-07,303402.83,Active
ACC002551,CUST04031,Savings,BR021,2018-04-09,36747.72,Active
ACC002552,CUST03439,Current,BR019,2025-11-23,167571.31,Active
ACC002553,CUST02384,Salary,BR031,2024-04-13,170370.97,Active
ACC002554,CUST03368,Current,BR050,2025-06-24,258020.03,Active
ACC002555,CUST04981,Savings,BR007,2019-12-14,355307.22,Active
ACC002556,CUST01466,Savings,BR048,2018-04-17,317981.09,Active
ACC002557,CUST02152,Salary,BR024,2020-12-07,285871.72,Active
ACC002558,CUST03484,Savings,BR046,2025-12-02,146417.91,Active
ACC002559,CUST00574,Salary,BR008,2018-02-15,419689.17,Active
ACC002560,CUST00775,Savings,BR013,2024-09-09,392860.99,Active
ACC002561,CUST03366,Salary,BR003,2021-03-16,92622.78,Active
ACC002562,CUST04339,Salary,BR034,2025-04-17,327910.65,Active
ACC002563,CUST03931,Savings,BR013,2022-05-23,453420.64,Inactive
ACC002564,CUST02681,Current,BR032,2020-08-07,218365.04,Active
ACC002565,CUST04961,Savings,BR035,2025-06-14,462459.87,Active
ACC002566,CUST02221,Savings,BR021,2021-02-15,11959.92,Active
ACC002567,CUST01440,Savings,BR001,2024-04-03,258603.76,Active
ACC002568,CUST00714,Savings,BR002,2019-09-21,128878.74,Active
ACC002569,CUST00576,Savings,BR042,2024-01-27,131816.54,Active
ACC002570,CUST02982,Savings,BR043,2022-09-28,438896.05,Active
ACC002571,CUST00070,Savings,BR026,2025-11-08,156438.23,Active
ACC002572,CUST03765,Savings,BR003,2024-09-05,12642.28,Active
ACC002573,CUST04939,Savings,BR024,2019-05-16,270304.65,Active
ACC002574,CUST02377,Savings,BR026,2022-12-23,485460.66,Active
ACC002575,CUST02206,Current,BR008,2024-01-31,40468.65,Active
ACC002576,CUST00918,Current,BR047,2019-08-16,143863.65,Active
ACC002577,CUST02746,Salary,BR037,2018-06-21,235282.09,Active
ACC002578,CUST00743,Savings,BR008,2020-08-15,415409.58,Active
ACC002579,CUST04151,Savings,BR018,2025-06-16,135178.68,Active
ACC002580,CUST02534,Current,BR018,2020-03-19,172498.94,Active
ACC002581,CUST01838,Current,BR012,2019-09-15,192862.99,Active
ACC002582,CUST01377,Savings,BR036,2019-12-20,190437.43,Active
ACC002583,CUST00410,Current,BR040,2024-07-13,100972.28,Active
ACC002584,CUST03008,Savings,BR002,2021-12-05,457917.27,Active
ACC002585,CUST02953,Savings,BR020,2022-03-21,396662.24,Active
ACC002586,CUST04243,Current,BR003,2021-12-07,487845.75,Active
ACC002587,CUST01680,Savings,BR040,2019-01-13,186125.88,Active
ACC002588,CUST01715,Savings,BR044,2021-12-03,23602.35,Active
ACC002589,CUST01198,Savings,BR034,2022-11-10,58635.04,Active
ACC002590,CUST02338,Savings,BR049,2019-02-22,179384.33,Active
ACC002591,CUST03217,Savings,BR046,2024-07-06,455620.99,Active
ACC002592,CUST02957,Savings,BR046,2020-09-09,490561.28,Active
ACC002593,CUST03194,Salary,BR006,2024-05-16,411176.56,Active
ACC002594,CUST00027,Current,BR040,2021-02-12,119974.31,Active
ACC002595,CUST03138,Savings,BR010,2021-05-18,330190.02,Active
ACC002596,CUST02974,Savings,BR024,2019-03-23,298707.03,Active
ACC002597,CUST03166,Savings,BR018,2020-04-10,411802.93,Active
ACC002598,CUST01091,Current,BR033,2021-11-18,255364.93,Active
ACC002599,CUST00250,Savings,BR039,2025-08-14,159746.8,Active
ACC002600,CUST00142,Savings,BR007,2021-04-19,10619.53,Active
ACC002601,CUST00267,Savings,BR045,2018-07-12,397718.07,Active
ACC002602,CUST04311,Savings,BR048,2025-10-31,265593.92,Active
ACC002603,CUST00489,Current,BR044,2021-07-03,267559.5,Active
ACC002604,CUST00496,Current,BR029,2023-05-23,478574.1,Active
ACC002605,CUST00480,Salary,BR019,2024-10-07,243627.5,Active
ACC002606,CUST02691,Savings,BR038,2019-12-07,158584.87,Active
ACC002607,CUST04097,Current,BR039,2022-07-18,170579.15,Inactive
ACC002608,CUST03081,Savings,BR025,2023-11-09,6861.7,Active
ACC002609,CUST04937,Savings,BR017,2019-10-10,62053.17,Active
ACC002610,CUST02428,Savings,BR037,2020-03-05,22860.57,Active
ACC002611,CUST00844,Savings,BR003,2020-01-11,122386.82,Active
ACC002612,CUST03216,Savings,BR024,2024-01-02,33261.51,Active
ACC002613,CUST03912,Salary,BR018,2024-11-04,166227.02,Active
ACC002614,CUST04078,Savings,BR049,2018-08-30,63938.63,Active
ACC002615,CUST02350,Savings,BR026,2022-02-18,459041.6,Active
ACC002616,CUST00650,Salary,BR021,2020-11-20,469253.57,Active
ACC002617,CUST01894,Savings,BR011,2020-02-12,302124.77,Active
ACC002618,CUST02857,Current,BR041,2020-12-19,402938.39,Active
ACC002619,CUST03251,Salary,BR017,2024-11-28,338928.43,Active
ACC002620,CUST02387,Savings,BR045,2018-04-11,405743.34,Active
ACC002621,CUST01726,Savings,BR038,2025-10-28,320263.79,Active
ACC002622,CUST01355,Current,BR021,2025-10-09,215666.64,Active
ACC002623,CUST01294,Current,BR004,2025-05-04,437003.47,Active
ACC002624,CUST03047,Savings,BR032,2022-11-14,219595.13,Active
ACC002625,CUST03259,Savings,BR018,2023-07-13,198710.03,Active
ACC002626,CUST02714,Savings,BR044,2019-08-12,312567.19,Active
ACC002627,CUST00404,Salary,BR028,2018-09-30,469027.97,Active
ACC002628,CUST03973,Savings,BR036,2023-07-28,221659.22,Active
ACC002629,CUST04033,Salary,BR037,2022-02-10,287897.44,Active
ACC002630,CUST01547,Salary,BR044,2023-10-07,246674.03,Active
ACC002631,CUST02607,Current,BR050,2025-09-07,454956.72,Active
ACC002632,CUST02826,Current,BR026,2020-09-09,338695.76,Active
ACC002633,CUST01853,Savings,BR049,2019-01-22,210375.1,Active
ACC002634,CUST04207,Savings,BR024,2022-06-20,303844.42,Active
ACC002635,CUST00813,Savings,BR010,2018-02-14,78873.54,Active
ACC002636,CUST03375,Savings,BR038,2024-05-27,171630.0,Active
ACC002637,CUST00930,Savings,BR049,2021-07-05,368354.43,Active
ACC002638,CUST04982,Current,BR008,2020-03-25,281634.67,Active
ACC002639,CUST04076,Savings,BR002,2021-06-23,157822.13,Active
ACC002640,CUST03324,Current,BR044,2018-08-28,181786.65,Active
ACC002641,CUST00175,Savings,BR035,2021-02-25,405081.59,Active
ACC002642,CUST01364,Savings,BR021,2022-10-04,270900.62,Active
ACC002643,CUST02896,Savings,BR027,2018-10-03,120139.26,Inactive
ACC002644,CUST01038,Salary,BR023,2024-10-01,149109.65,Active
ACC002645,CUST03012,Salary,BR032,2024-03-04,234473.87,Active
ACC002646,CUST02091,Savings,BR026,2022-04-25,381655.95,Active
ACC002647,CUST00461,Savings,BR007,2024-08-09,498722.77,Active
ACC002648,CUST02753,Salary,BR033,2020-04-12,93694.47,Active
ACC002649,CUST00149,Savings,BR017,2021-10-01,377709.58,Active
ACC002650,CUST04434,Savings,BR008,2019-07-22,308992.54,Active
ACC002651,CUST01134,Savings,BR042,2018-06-09,266065.32,Active
ACC002652,CUST00354,Savings,BR017,2023-02-01,483262.07,Active
ACC002653,CUST01108,Savings,BR048,2018-04-06,162054.02,Active
ACC002654,CUST02603,Savings,BR042,2024-10-08,89312.14,Active
ACC002655,CUST02114,Current,BR047,2019-08-22,438920.98,Active
ACC002656,CUST04095,Savings,BR048,2021-08-23,35275.77,Active
ACC002657,CUST03686,Current,BR018,2024-05-04,408742.72,Active
ACC002658,CUST03207,Savings,BR036,2018-02-13,295028.76,Active
ACC002659,CUST01110,Savings,BR039,2025-03-27,82837.94,Inactive
ACC002660,CUST04180,Savings,BR044,2020-10-08,114453.72,Inactive
ACC002661,CUST01978,Current,BR023,2022-10-13,78764.46,Active
ACC002662,CUST00227,Savings,BR012,2023-02-25,359450.93,Active
ACC002663,CUST02940,Savings,BR023,2023-08-19,74508.27,Active
ACC002664,CUST01013,Savings,BR033,2023-05-03,341004.07,Active
ACC002665,CUST04116,Current,BR028,2025-06-09,64947.0,Active
ACC002666,CUST03107,Savings,BR044,2023-02-27,401331.03,Active
ACC002667,CUST03937,Savings,BR023,2019-01-16,459825.9,Active
ACC002668,CUST02803,Savings,BR007,2023-01-30,280096.7,Active
ACC002669,CUST01467,Current,BR047,2022-07-25,483125.83,Active
ACC002670,CUST02989,Savings,BR002,2025-08-06,195799.77,Active
ACC002671,CUST00270,Current,BR001,2023-12-03,123056.63,Active
ACC002672,CUST03807,Current,BR004,2022-07-17,89471.08,Active
ACC002673,CUST01532,Salary,BR008,2019-01-23,240002.71,Active
ACC002674,CUST00304,Savings,BR049,2024-10-22,66242.7,Active
ACC002675,CUST04906,Savings,BR029,2020-06-28,438019.52,Active
ACC002676,CUST01933,Salary,BR018,2025-12-02,392597.99,Active
ACC002677,CUST02041,Savings,BR037,2023-05-02,281497.08,Active
ACC002678,CUST04022,Savings,BR031,2021-09-04,361010.02,Active
ACC002679,CUST00142,Savings,BR006,2020-05-25,25945.16,Active
ACC002680,CUST00809,Salary,BR044,2018-01-28,102555.38,Active
ACC002681,CUST00948,Savings,BR024,2019-09-28,310984.73,Active
ACC002682,CUST03952,Savings,BR048,2023-07-09,239257.29,Active
ACC002683,CUST03413,Current,BR041,2021-11-22,302706.87,Active
ACC002684,CUST02293,Savings,BR015,2023-10-26,45395.55,Active
ACC002685,CUST00766,Salary,BR040,2019-08-10,326558.86,Inactive
ACC002686,CUST02924,Savings,BR012,2021-04-24,402004.51,Active
ACC002687,CUST00939,Current,BR046,2018-08-22,273591.32,Active
ACC002688,CUST02497,Savings,BR049,2023-06-01,179346.1,Active
ACC002689,CUST03563,Salary,BR014,2018-11-25,88149.28,Active
ACC002690,CUST01263,Salary,BR027,2024-07-23,133412.17,Active
ACC002691,CUST00543,Current,BR037,2021-07-06,261743.89,Active
ACC002692,CUST02680,Salary,BR013,2025-09-05,128503.4,Active
ACC002693,CUST02955,Savings,BR038,2023-07-27,389194.82,Inactive
ACC002694,CUST02932,Salary,BR046,2024-10-02,66738.77,Active
ACC002695,CUST02782,Current,BR038,2019-01-26,258695.71,Active
ACC002696,CUST04240,Salary,BR003,2023-03-01,248487.12,Active
ACC002697,CUST02992,Current,BR016,2023-04-28,70307.24,Active
ACC002698,CUST02613,Savings,BR012,2023-07-30,497498.8,Active
ACC002699,CUST03649,Current,BR014,2023-05-05,411744.56,Active
ACC002700,CUST01200,Savings,BR034,2025-03-22,193879.7,Active
ACC002701,CUST02118,Current,BR050,2023-02-15,342768.36,Active
ACC002702,CUST02681,Savings,BR031,2023-12-03,358574.02,Active
ACC002703,CUST02849,Savings,BR039,2018-01-04,325923.14,Active
ACC002704,CUST04689,Salary,BR005,2025-05-14,216809.49,Active
ACC002705,CUST04663,Salary,BR012,2021-02-25,442670.55,Active
ACC002706,CUST04787,Salary,BR026,2018-01-09,386004.14,Active
ACC002707,CUST03682,Current,BR017,2023-12-06,271467.96,Active
ACC002708,CUST03496,Current,BR044,2025-12-13,2278.83,Active
ACC002709,CUST00665,Current,BR011,2025-07-10,112463.74,Inactive
ACC002710,CUST04502,Savings,BR033,2022-08-02,254904.03,Active
ACC002711,CUST03163,Salary,BR041,2020-07-20,449565.6,Active
ACC002712,CUST03366,Salary,BR040,2018-05-05,314681.85,Inactive
ACC002713,CUST01417,Current,BR046,2024-03-20,209513.29,Active
ACC002714,CUST03109,Salary,BR004,2024-07-03,24908.08,Active
ACC002715,CUST00517,Savings,BR032,2020-10-13,299042.83,Active
ACC002716,CUST00850,Savings,BR031,2025-11-05,176025.34,Active
ACC002717,CUST01902,Salary,BR011,2018-09-16,269150.85,Active
ACC002718,CUST00908,Savings,BR017,2023-10-16,383454.41,Active
ACC002719,CUST00316,Current,BR027,2020-08-29,402066.44,Active
ACC002720,CUST03244,Savings,BR008,2022-03-30,432274.84,Active
ACC002721,CUST01508,Current,BR021,2018-10-06,318387.27,Active
ACC002722,CUST04123,Current,BR033,2021-02-20,452903.33,Active
ACC002723,CUST01519,Current,BR050,2019-08-12,345623.38,Active
ACC002724,CUST04151,Savings,BR005,2024-05-08,392173.13,Active
ACC002725,CUST01935,Savings,BR032,2019-05-17,343055.63,Active
ACC002726,CUST04345,Current,BR025,2025-05-29,436060.04,Active
ACC002727,CUST01802,Salary,BR008,2020-06-11,112222.05,Inactive
ACC002728,CUST02623,Savings,BR027,2025-02-28,380183.65,Active
ACC002729,CUST00857,Savings,BR026,2018-08-06,59461.11,Active
ACC002730,CUST01877,Savings,BR040,2025-06-25,46905.02,Active
ACC002731,CUST01526,Salary,BR029,2024-01-16,246319.7,Active
ACC002732,CUST01417,Current,BR009,2018-12-26,150818.34,Active
ACC002733,CUST03480,Salary,BR018,2022-01-28,282115.75,Active
ACC002734,CUST03872,Savings,BR007,2025-02-04,339189.22,Active
ACC002735,CUST01795,Savings,BR042,2022-07-23,114054.89,Active
ACC002736,CUST03066,Current,BR021,2018-10-18,350263.1,Active
ACC002737,CUST02721,Savings,BR016,2023-09-15,497734.09,Active
ACC002738,CUST04205,Savings,BR003,2020-05-09,380217.36,Inactive
ACC002739,CUST03677,Savings,BR032,2023-10-15,87719.46,Active
ACC002740,CUST00353,Savings,BR010,2025-10-15,317214.02,Active
ACC002741,CUST03232,Savings,BR032,2024-01-14,5732.9,Active
ACC002742,CUST01428,Savings,BR008,2022-04-28,235389.36,Active
ACC002743,CUST02193,Savings,BR032,2023-12-09,267119.88,Active
ACC002744,CUST01778,Savings,BR050,2024-02-18,486216.4,Active
ACC002745,CUST03537,Current,BR004,2021-10-09,368865.48,Active
ACC002746,CUST01117,Savings,BR029,2022-04-16,353274.17,Active
ACC002747,CUST02321,Savings,BR012,2024-08-01,266669.9,Active
ACC002748,CUST00534,Savings,BR037,2019-06-15,257074.83,Active
ACC002749,CUST01218,Savings,BR036,2019-04-25,496049.31,Inactive
ACC002750,CUST02989,Current,BR019,2020-03-07,11612.73,Active
ACC002751,CUST02229,Salary,BR037,2021-01-01,152299.75,Active
ACC002752,CUST01980,Salary,BR047,2021-01-04,67758.13,Active
ACC002753,CUST02077,Savings,BR031,2024-02-14,158170.99,Active
ACC002754,CUST00532,Savings,BR044,2023-07-08,232346.24,Active
ACC002755,CUST03077,Savings,BR026,2021-09-23,171624.25,Active
ACC002756,CUST01945,Salary,BR045,2019-04-21,481389.85,Active
ACC002757,CUST04236,Current,BR006,2020-07-05,340613.4,Active
ACC002758,CUST03100,Savings,BR029,2019-10-11,364294.42,Active
ACC002759,CUST04358,Savings,BR017,2024-01-19,371403.82,Active
ACC002760,CUST03830,Savings,BR020,2020-03-12,449714.27,Active
ACC002761,CUST04115,Savings,BR042,2023-09-26,384241.38,Active
ACC002762,CUST02585,Salary,BR046,2023-09-03,9086.2,Active
ACC002763,CUST01549,Savings,BR047,2021-09-21,131436.48,Active
ACC002764,CUST01489,Current,BR010,2021-07-31,494563.09,Active
ACC002765,CUST03660,Savings,BR006,2024-01-31,326410.12,Active
ACC002766,CUST00228,Savings,BR048,2020-05-28,34990.75,Active
ACC002767,CUST04472,Savings,BR032,2023-07-12,233852.46,Inactive
ACC002768,CUST04832,Current,BR002,2025-09-22,490436.4,Active
ACC002769,CUST04353,Savings,BR010,2018-08-18,496426.23,Active
ACC002770,CUST04929,Savings,BR037,2019-12-04,216790.96,Active
ACC002771,CUST04797,Salary,BR027,2018-04-28,446633.45,Active
ACC002772,CUST00699,Savings,BR041,2023-10-02,296404.16,Inactive
ACC002773,CUST00438,Savings,BR019,2020-08-05,255205.25,Active
ACC002774,CUST01685,Savings,BR041,2019-07-26,206559.3,Active
ACC002775,CUST02154,Current,BR016,2023-05-15,446172.89,Active
ACC002776,CUST04711,Savings,BR020,2019-06-07,310942.21,Active
ACC002777,CUST02915,Current,BR036,2020-02-11,167565.02,Active
ACC002778,CUST03218,Savings,BR005,2025-09-30,246474.29,Active
ACC002779,CUST00960,Savings,BR018,2025-05-26,222595.57,Active
ACC002780,CUST01840,Current,BR008,2018-04-23,226125.9,Active
ACC002781,CUST00278,Current,BR013,2021-07-11,156493.29,Inactive
ACC002782,CUST04221,Salary,BR041,2021-09-29,316845.68,Active
ACC002783,CUST03757,Savings,BR010,2018-04-09,27066.46,Active
ACC002784,CUST01344,Savings,BR036,2024-11-25,443195.49,Inactive
ACC002785,CUST04771,Current,BR019,2020-11-12,208283.09,Active
ACC002786,CUST00715,Savings,BR031,2018-08-27,400630.37,Active
ACC002787,CUST01506,Savings,BR036,2025-04-22,365016.42,Active
ACC002788,CUST03922,Savings,BR029,2021-07-10,236453.97,Active
ACC002789,CUST02715,Savings,BR045,2021-09-10,100156.57,Active
ACC002790,CUST01348,Savings,BR023,2025-06-12,281543.63,Active
ACC002791,CUST02443,Salary,BR032,2019-01-22,474088.06,Active
ACC002792,CUST04869,Salary,BR049,2019-08-29,93700.46,Active
ACC002793,CUST03961,Salary,BR011,2023-12-10,128750.21,Active
ACC002794,CUST01753,Salary,BR002,2021-08-16,496509.72,Active
ACC002795,CUST02506,Savings,BR032,2019-07-17,446392.92,Active
ACC002796,CUST01738,Savings,BR005,2024-06-22,275225.38,Active
ACC002797,CUST04170,Savings,BR031,2023-01-17,347675.85,Active
ACC002798,CUST01109,Salary,BR013,2018-01-20,222088.1,Active
ACC002799,CUST02680,Savings,BR022,2019-06-26,202642.25,Active
ACC002800,CUST01038,Savings,BR035,2021-08-16,222150.58,Active
ACC002801,CUST00912,Savings,BR019,2022-11-01,207793.86,Active
ACC002802,CUST04890,Savings,BR029,2024-09-18,338101.95,Active
ACC002803,CUST02097,Savings,BR023,2025-07-03,165897.86,Active
ACC002804,CUST03014,Savings,BR019,2023-11-30,86217.43,Active
ACC002805,CUST00359,Salary,BR016,2021-08-07,353577.2,Active
ACC002806,CUST01077,Savings,BR031,2023-04-30,16617.47,Active
ACC002807,CUST02104,Salary,BR016,2024-08-23,359657.92,Active
ACC002808,CUST04975,Savings,BR026,2020-07-28,132358.6,Active
ACC002809,CUST03528,Salary,BR003,2018-08-26,95936.19,Active
ACC002810,CUST02303,Savings,BR023,2019-10-06,190099.38,Active
ACC002811,CUST04101,Current,BR009,2024-07-05,59632.48,Active
ACC002812,CUST01605,Savings,BR024,2018-07-04,192860.32,Active
ACC002813,CUST01076,Current,BR033,2023-01-05,52058.54,Active
ACC002814,CUST04049,Salary,BR014,2022-11-21,242260.88,Active
ACC002815,CUST00329,Savings,BR028,2021-12-19,88908.7,Active
ACC002816,CUST03233,Savings,BR024,2019-04-27,65868.3,Active
ACC002817,CUST03478,Savings,BR043,2025-04-02,289975.71,Active
ACC002818,CUST01003,Savings,BR050,2021-10-13,312997.28,Active
ACC002819,CUST04879,Savings,BR007,2018-12-28,3753.25,Active
ACC002820,CUST00577,Current,BR038,2020-11-25,194451.03,Active
ACC002821,CUST00327,Savings,BR044,2019-05-31,39900.09,Active
ACC002822,CUST01528,Current,BR025,2022-11-05,369583.59,Active
ACC002823,CUST02822,Salary,BR002,2018-11-26,341079.94,Active
ACC002824,CUST01466,Current,BR045,2024-05-05,25814.84,Inactive
ACC002825,CUST03226,Savings,BR001,2022-03-23,470684.04,Active
ACC002826,CUST02282,Savings,BR023,2020-08-12,480020.22,Active
ACC002827,CUST04748,Savings,BR047,2024-08-22,168001.14,Active
ACC002828,CUST02381,Savings,BR040,2018-10-20,66175.7,Active
ACC002829,CUST00495,Savings,BR018,2023-04-19,58057.28,Active
ACC002830,CUST01139,Salary,BR047,2021-08-02,420519.54,Active
ACC002831,CUST02417,Current,BR008,2018-12-26,230122.28,Active
ACC002832,CUST01357,Savings,BR034,2022-05-29,5744.71,Active
ACC002833,CUST01154,Savings,BR043,2025-01-15,462750.69,Active
ACC002834,CUST03250,Savings,BR008,2021-09-22,296775.93,Active
ACC002835,CUST02143,Salary,BR029,2019-09-16,345508.1,Active
ACC002836,CUST03389,Salary,BR013,2022-04-15,411953.41,Active
ACC002837,CUST01125,Savings,BR001,2023-04-05,409470.77,Active
ACC002838,CUST00802,Savings,BR029,2022-02-20,38826.63,Active
ACC002839,CUST02043,Savings,BR050,2024-07-19,287422.15,Active
ACC002840,CUST00208,Savings,BR037,2021-06-07,348426.07,Active
ACC002841,CUST02655,Savings,BR001,2019-09-10,43724.6,Active
ACC002842,CUST00473,Current,BR044,2022-12-29,111978.05,Active
ACC002843,CUST01639,Savings,BR005,2019-07-29,198511.41,Active
ACC002844,CUST00136,Current,BR048,2023-06-25,443376.01,Active
ACC002845,CUST04357,Savings,BR050,2019-02-01,425466.07,Active
ACC002846,CUST01171,Current,BR002,2024-10-04,391269.4,Active
ACC002847,CUST00458,Current,BR047,2022-04-29,495148.08,Active
ACC002848,CUST01437,Savings,BR022,2025-06-01,122085.67,Active
ACC002849,CUST03572,Current,BR030,2019-02-06,234439.59,Inactive
ACC002850,CUST02149,Savings,BR011,2022-02-20,223914.78,Active
ACC002851,CUST04243,Savings,BR029,2023-09-25,339789.77,Active
ACC002852,CUST04813,Savings,BR042,2019-11-18,425226.49,Active
ACC002853,CUST00507,Savings,BR003,2018-06-03,246349.69,Active
ACC002854,CUST02606,Savings,BR045,2018-09-18,246274.36,Active
ACC002855,CUST02384,Current,BR013,2025-05-16,304550.59,Active
ACC002856,CUST00446,Savings,BR003,2024-05-23,371494.8,Active
ACC002857,CUST02782,Savings,BR010,2023-07-26,101449.09,Active
ACC002858,CUST00444,Salary,BR004,2025-12-02,480967.92,Active
ACC002859,CUST00118,Current,BR014,2022-11-12,46934.69,Active
ACC002860,CUST01541,Savings,BR023,2021-09-16,12526.94,Active
ACC002861,CUST02771,Savings,BR017,2019-10-01,180036.91,Inactive
ACC002862,CUST00567,Savings,BR001,2025-07-15,351016.03,Active
ACC002863,CUST03603,Savings,BR015,2021-07-16,489059.41,Active
ACC002864,CUST01937,Salary,BR002,2018-06-06,466447.47,Active
ACC002865,CUST04184,Savings,BR018,2019-09-06,344555.24,Active
ACC002866,CUST01653,Savings,BR039,2024-10-12,218836.31,Active
ACC002867,CUST04572,Salary,BR022,2023-03-24,298305.09,Active
ACC002868,CUST04391,Current,BR028,2020-09-08,484359.99,Active
ACC002869,CUST04816,Savings,BR030,2025-12-09,133485.03,Active
ACC002870,CUST04782,Current,BR013,2021-06-29,239662.08,Active
ACC002871,CUST02687,Salary,BR003,2018-09-24,346757.94,Active
ACC002872,CUST01204,Savings,BR003,2018-02-28,6139.14,Active
ACC002873,CUST02938,Salary,BR045,2019-09-09,191249.45,Active
ACC002874,CUST00406,Savings,BR026,2022-12-10,284388.19,Active
ACC002875,CUST03908,Salary,BR004,2022-05-02,450558.22,Active
ACC002876,CUST04215,Salary,BR016,2024-01-28,496006.83,Active
ACC002877,CUST04080,Savings,BR028,2022-08-15,278605.88,Active
ACC002878,CUST00313,Current,BR008,2022-09-08,472345.56,Active
ACC002879,CUST00163,Current,BR040,2021-09-04,50533.49,Active
ACC002880,CUST01529,Current,BR016,2019-10-19,350934.14,Active
ACC002881,CUST04389,Salary,BR031,2020-04-16,200876.63,Active
ACC002882,CUST04786,Savings,BR023,2020-10-20,375735.76,Active
ACC002883,CUST01566,Current,BR002,2025-11-09,433994.05,Active
ACC002884,CUST04769,Current,BR009,2020-01-04,27808.42,Active
ACC002885,CUST00399,Current,BR027,2019-02-02,467801.3,Active
ACC002886,CUST03587,Current,BR045,2020-08-26,35009.94,Active
ACC002887,CUST01048,Savings,BR022,2019-04-07,376945.79,Active
ACC002888,CUST01943,Savings,BR044,2018-05-18,35465.81,Active
ACC002889,CUST03131,Salary,BR034,2020-02-01,430979.4,Active
ACC002890,CUST02797,Salary,BR009,2024-01-07,103285.76,Active
ACC002891,CUST00240,Savings,BR033,2020-05-12,217601.1,Active
ACC002892,CUST02359,Savings,BR038,2020-02-20,466377.83,Active
ACC002893,CUST00672,Salary,BR034,2019-08-16,396241.6,Active
ACC002894,CUST02620,Current,BR035,2022-05-20,393101.85,Inactive
ACC002895,CUST02462,Current,BR047,2024-06-05,381901.7,Active
ACC002896,CUST03394,Savings,BR026,2021-12-17,285148.11,Active
ACC002897,CUST00402,Current,BR007,2021-12-13,475763.59,Active
ACC002898,CUST02107,Current,BR045,2025-09-07,415986.23,Active
ACC002899,CUST04149,Current,BR048,2024-12-26,220703.76,Active
ACC002900,CUST01088,Current,BR045,2021-08-29,371535.42,Inactive
ACC002901,CUST01143,Savings,BR027,2021-07-25,499055.63,Active
ACC002902,CUST04382,Salary,BR012,2020-03-12,435629.23,Active
ACC002903,CUST02066,Current,BR017,2025-11-05,1610.27,Active
ACC002904,CUST03909,Savings,BR021,2024-06-15,369205.21,Active
ACC002905,CUST04256,Salary,BR043,2019-07-28,449042.95,Active
ACC002906,CUST03960,Salary,BR022,2019-08-19,164548.55,Active
ACC002907,CUST00142,Salary,BR026,2023-08-10,488768.44,Active
ACC002908,CUST00397,Savings,BR039,2018-01-27,201248.38,Active
ACC002909,CUST02628,Savings,BR013,2024-08-25,211167.29,Active
ACC002910,CUST04630,Savings,BR042,2021-09-05,81275.17,Active
ACC002911,CUST01556,Savings,BR042,2018-05-11,49200.7,Active
ACC002912,CUST02509,Savings,BR045,2025-05-10,268761.25,Active
ACC002913,CUST04382,Savings,BR023,2022-03-27,301784.98,Active
ACC002914,CUST01029,Savings,BR030,2024-05-21,184081.36,Active
ACC002915,CUST02177,Salary,BR017,2021-05-05,303698.09,Active
ACC002916,CUST00671,Savings,BR027,2020-01-07,197940.76,Active
ACC002917,CUST04595,Savings,BR020,2021-07-22,434224.31,Inactive
ACC002918,CUST01856,Savings,BR007,2020-12-27,476957.75,Active
ACC002919,CUST03430,Savings,BR004,2018-08-21,297176.81,Active
ACC002920,CUST02079,Salary,BR049,2025-04-12,421294.97,Active
ACC002921,CUST02007,Savings,BR031,2018-08-10,427017.01,Active
ACC002922,CUST01689,Current,BR030,2019-03-29,357167.58,Active
ACC002923,CUST04432,Current,BR031,2022-07-18,96808.94,Active
ACC002924,CUST00570,Savings,BR004,2018-10-31,78314.1,Inactive
ACC002925,CUST04695,Savings,BR018,2020-07-24,459822.64,Active
ACC002926,CUST01147,Savings,BR020,2022-06-26,133265.59,Active
ACC002927,CUST03775,Savings,BR040,2021-09-05,123919.09,Active
ACC002928,CUST00865,Savings,BR040,2024-04-30,83898.24,Active
ACC002929,CUST04901,Current,BR048,2018-12-31,264199.57,Active
ACC002930,CUST04410,Savings,BR047,2021-11-13,338821.75,Active
ACC002931,CUST00028,Savings,BR050,2025-08-21,338404.57,Active
ACC002932,CUST01030,Savings,BR023,2021-06-04,131265.3,Active
ACC002933,CUST01997,Current,BR038,2019-04-01,48297.92,Active
ACC002934,CUST01342,Savings,BR009,2022-10-30,155794.54,Active
ACC002935,CUST01249,Savings,BR016,2021-08-21,252213.96,Active
ACC002936,CUST02137,Current,BR021,2024-12-27,306607.56,Inactive
ACC002937,CUST02088,Savings,BR009,2018-11-24,136029.58,Active
ACC002938,CUST00681,Savings,BR025,2020-03-29,92396.05,Active
ACC002939,CUST00375,Savings,BR049,2023-05-20,420946.28,Active
ACC002940,CUST03370,Salary,BR036,2020-01-06,429105.04,Active
ACC002941,CUST03046,Savings,BR047,2024-12-14,140698.19,Inactive
ACC002942,CUST02338,Savings,BR043,2024-11-13,280496.31,Active
ACC002943,CUST00806,Salary,BR014,2022-01-07,220473.4,Inactive
ACC002944,CUST03040,Savings,BR017,2019-07-20,71841.63,Active
ACC002945,CUST00279,Current,BR028,2022-06-16,470352.53,Active
ACC002946,CUST01406,Savings,BR045,2020-03-30,5881.68,Active
ACC002947,CUST00788,Savings,BR041,2022-09-11,94600.61,Inactive
ACC002948,CUST01333,Current,BR048,2019-05-31,173436.9,Active
ACC002949,CUST04373,Salary,BR008,2024-10-01,428374.17,Active
ACC002950,CUST03148,Savings,BR014,2021-01-29,394538.18,Active
ACC002951,CUST02346,Current,BR015,2024-09-21,290362.15,Active
ACC002952,CUST03450,Current,BR039,2021-11-29,347815.46,Active
ACC002953,CUST00433,Savings,BR025,2021-02-27,171114.89,Active
ACC002954,CUST01010,Current,BR011,2020-04-23,470330.23,Active
ACC002955,CUST03850,Savings,BR029,2018-02-04,14366.86,Active
ACC002956,CUST00317,Savings,BR003,2023-08-09,51363.41,Active
ACC002957,CUST04217,Savings,BR039,2022-11-03,462851.36,Active
ACC002958,CUST01366,Salary,BR022,2024-01-11,472580.76,Active
ACC002959,CUST04400,Savings,BR037,2022-11-18,245794.93,Active
ACC002960,CUST00936,Current,BR041,2025-02-28,288653.93,Active
ACC002961,CUST03519,Savings,BR020,2018-08-17,451366.39,Active
ACC002962,CUST03788,Savings,BR019,2020-09-02,426863.74,Active
ACC002963,CUST02769,Current,BR013,2023-01-21,431113.99,Active
ACC002964,CUST00496,Current,BR027,2021-06-30,186521.02,Active
ACC002965,CUST03593,Savings,BR019,2022-02-20,415443.37,Active
ACC002966,CUST02233,Savings,BR016,2020-03-15,35585.99,Active
ACC002967,CUST04019,Salary,BR002,2019-07-18,243995.27,Active
ACC002968,CUST02936,Savings,BR001,2023-08-25,119466.06,Active
ACC002969,CUST04809,Current,BR003,2020-06-13,18863.09,Active
ACC002970,CUST04446,Current,BR024,2020-05-03,308988.22,Active
ACC002971,CUST02368,Current,BR044,2018-12-06,39013.77,Active
ACC002972,CUST02585,Salary,BR038,2024-08-07,60959.46,Active
ACC002973,CUST00906,Current,BR002,2018-06-29,41790.8,Active
ACC002974,CUST03228,Savings,BR016,2019-08-12,487548.73,Active
ACC002975,CUST01828,Savings,BR029,2024-03-12,20580.11,Active
ACC002976,CUST03723,Savings,BR037,2023-08-08,135608.47,Active
ACC002977,CUST02581,Savings,BR044,2022-10-25,326347.24,Active
ACC002978,CUST04598,Salary,BR004,2024-07-27,411868.22,Active
ACC002979,CUST01516,Savings,BR014,2023-08-31,304493.56,Active
ACC002980,CUST04623,Current,BR017,2022-06-05,488274.38,Active
ACC002981,CUST04807,Current,BR044,2019-07-19,169516.4,Active
ACC002982,CUST03004,Salary,BR045,2019-10-31,236530.74,Active
ACC002983,CUST00112,Savings,BR017,2019-01-04,410829.42,Active
ACC002984,CUST01673,Current,BR020,2025-05-30,341167.0,Inactive
ACC002985,CUST02303,Savings,BR047,2019-11-25,107819.46,Active
ACC002986,CUST01651,Current,BR029,2021-01-06,249835.2,Active
ACC002987,CUST04396,Savings,BR041,2021-02-16,488003.7,Active
ACC002988,CUST02475,Salary,BR026,2018-12-25,431648.56,Inactive
ACC002989,CUST03996,Savings,BR042,2022-06-29,96709.9,Active
ACC002990,CUST01891,Savings,BR038,2022-03-18,90713.16,Active
ACC002991,CUST00307,Savings,BR017,2022-07-09,414368.86,Inactive
ACC002992,CUST00121,Current,BR012,2019-05-18,100248.36,Active
ACC002993,CUST03102,Current,BR028,2023-09-11,226941.91,Active
ACC002994,CUST01278,Savings,BR009,2024-08-02,91198.56,Inactive
ACC002995,CUST01428,Savings,BR032,2018-03-03,8316.77,Active
ACC002996,CUST03103,Savings,BR034,2021-01-25,437826.42,Active
ACC002997,CUST01186,Savings,BR016,2022-07-29,389723.22,Active
ACC002998,CUST01456,Savings,BR048,2022-02-28,235823.63,Active
ACC002999,CUST01180,Savings,BR031,2022-06-22,80629.92,Active
ACC003000,CUST01347,Current,BR027,2019-03-28,403402.44,Active
ACC003001,CUST00629,Savings,BR029,2024-09-19,180324.27,Active
ACC003002,CUST01215,Salary,BR001,2022-08-20,331312.63,Active
ACC003003,CUST01962,Savings,BR027,2018-12-23,159030.53,Active
ACC003004,CUST02996,Current,BR032,2023-12-19,216711.27,Active
ACC003005,CUST04613,Current,BR011,2020-11-11,268200.44,Active
ACC003006,CUST04941,Savings,BR035,2019-08-19,381246.12,Active
ACC003007,CUST01548,Savings,BR002,2022-06-13,416202.23,Active
ACC003008,CUST04916,Savings,BR046,2024-03-23,222329.83,Active
ACC003009,CUST02859,Savings,BR001,2021-02-03,117287.03,Active
ACC003010,CUST00762,Savings,BR006,2023-05-27,77671.01,Active
ACC003011,CUST02367,Savings,BR007,2024-09-07,171033.19,Active
ACC003012,CUST04207,Savings,BR002,2020-05-20,401089.96,Active
ACC003013,CUST01842,Savings,BR002,2023-07-24,137716.93,Active
ACC003014,CUST04903,Savings,BR047,2023-01-06,24712.46,Active
ACC003015,CUST01497,Savings,BR005,2023-11-05,282573.77,Active
ACC003016,CUST03920,Savings,BR013,2025-01-14,17773.2,Active
ACC003017,CUST03089,Current,BR019,2018-04-03,442577.65,Active
ACC003018,CUST01244,Current,BR019,2020-03-14,339352.18,Active
ACC003019,CUST04583,Salary,BR047,2024-01-10,129165.83,Active
ACC003020,CUST04907,Savings,BR001,2018-12-20,235076.66,Active
ACC003021,CUST02044,Savings,BR035,2020-05-28,369869.2,Active
ACC003022,CUST03377,Savings,BR018,2019-08-31,457926.23,Active
ACC003023,CUST00517,Savings,BR049,2023-03-12,437352.43,Active
ACC003024,CUST00835,Current,BR032,2020-09-09,35696.23,Active
ACC003025,CUST00624,Savings,BR032,2024-09-22,41489.51,Active
ACC003026,CUST01048,Current,BR008,2021-01-15,299264.13,Inactive
ACC003027,CUST01565,Current,BR011,2024-03-08,248751.54,Active
ACC003028,CUST03983,Salary,BR020,2019-01-18,147175.6,Active
ACC003029,CUST00497,Savings,BR008,2022-06-07,488110.37,Active
ACC003030,CUST02430,Savings,BR028,2022-03-28,373387.27,Active
ACC003031,CUST02264,Savings,BR021,2025-12-28,343971.41,Active
ACC003032,CUST00543,Savings,BR038,2020-10-25,91483.52,Active
ACC003033,CUST00916,Salary,BR038,2021-01-04,142681.51,Active
ACC003034,CUST01802,Savings,BR006,2024-09-24,302904.32,Active
ACC003035,CUST03083,Savings,BR002,2023-08-14,398002.64,Active
ACC003036,CUST00082,Savings,BR010,2021-01-11,465599.11,Active
ACC003037,CUST01180,Savings,BR042,2020-07-29,349165.71,Active
ACC003038,CUST00166,Savings,BR009,2019-03-07,209899.89,Active
ACC003039,CUST02256,Savings,BR003,2024-09-25,345847.86,Active
ACC003040,CUST02072,Current,BR002,2023-07-10,35518.49,Active
ACC003041,CUST00807,Salary,BR036,2023-09-14,300441.32,Active
ACC003042,CUST02739,Savings,BR008,2021-06-19,447417.81,Active
ACC003043,CUST00332,Savings,BR009,2020-06-26,318836.31,Active
ACC003044,CUST03591,Savings,BR026,2023-10-29,4762.6,Active
ACC003045,CUST01535,Salary,BR034,2023-10-24,347565.04,Active
ACC003046,CUST00181,Savings,BR048,2025-10-29,363495.62,Active
ACC003047,CUST01317,Salary,BR030,2018-10-11,271073.35,Active
ACC003048,CUST01107,Savings,BR038,2019-12-28,408228.03,Active
ACC003049,CUST01590,Savings,BR008,2022-11-17,101943.34,Active
ACC003050,CUST02487,Savings,BR003,2018-12-03,205080.45,Active
ACC003051,CUST02591,Salary,BR011,2023-06-18,403985.42,Active
ACC003052,CUST02241,Savings,BR025,2023-06-11,302241.21,Active
ACC003053,CUST00488,Savings,BR005,2019-08-09,497188.26,Active
ACC003054,CUST00612,Savings,BR012,2023-03-30,35562.9,Active
ACC003055,CUST03421,Savings,BR030,2019-07-21,122911.25,Active
ACC003056,CUST03195,Savings,BR027,2023-11-01,100363.55,Active
ACC003057,CUST01398,Current,BR043,2022-08-27,488219.72,Active
ACC003058,CUST01457,Salary,BR005,2024-06-23,434762.07,Active
ACC003059,CUST02194,Salary,BR020,2020-05-24,67428.65,Active
ACC003060,CUST03075,Savings,BR021,2025-06-19,177548.15,Active
ACC003061,CUST01338,Savings,BR003,2022-07-10,27246.01,Active
ACC003062,CUST04423,Savings,BR041,2021-08-13,316651.09,Active
ACC003063,CUST02201,Savings,BR050,2025-07-10,166266.16,Active
ACC003064,CUST04498,Salary,BR044,2022-11-26,129524.57,Active
ACC003065,CUST02868,Savings,BR004,2021-09-27,262035.48,Active
ACC003066,CUST04584,Salary,BR024,2025-11-21,397980.24,Active
ACC003067,CUST03883,Salary,BR007,2020-08-12,202554.89,Active
ACC003068,CUST02115,Savings,BR024,2023-03-04,378967.0,Active
ACC003069,CUST02137,Current,BR011,2021-12-18,223620.0,Inactive
ACC003070,CUST00079,Savings,BR002,2023-08-29,108046.5,Active
ACC003071,CUST00378,Savings,BR044,2023-01-21,223656.7,Active
ACC003072,CUST00165,Savings,BR041,2025-11-01,269489.2,Active
ACC003073,CUST04845,Salary,BR006,2023-08-14,231328.11,Active
ACC003074,CUST01721,Savings,BR007,2024-11-19,137887.82,Active
ACC003075,CUST02985,Current,BR038,2024-02-16,93365.99,Active
ACC003076,CUST00155,Current,BR018,2021-07-28,473529.15,Active
ACC003077,CUST01147,Current,BR045,2018-03-04,149445.64,Active
ACC003078,CUST01064,Current,BR009,2020-10-10,352979.44,Active
ACC003079,CUST02217,Savings,BR028,2023-07-31,171006.5,Active
ACC003080,CUST02840,Current,BR019,2023-06-13,484851.87,Active
ACC003081,CUST01464,Savings,BR004,2023-03-18,494151.1,Active
ACC003082,CUST03471,Savings,BR004,2022-12-10,412723.08,Active
ACC003083,CUST01517,Savings,BR013,2023-02-21,291155.29,Active
ACC003084,CUST03051,Savings,BR028,2022-12-01,271491.59,Active
ACC003085,CUST04424,Salary,BR011,2020-10-22,165151.74,Active
ACC003086,CUST01527,Savings,BR002,2023-10-16,61892.25,Active
ACC003087,CUST03611,Savings,BR006,2020-05-27,40451.51,Active
ACC003088,CUST02393,Savings,BR012,2018-05-12,233258.31,Active
ACC003089,CUST00789,Savings,BR040,2020-12-07,489415.57,Active
ACC003090,CUST02549,Savings,BR037,2025-04-06,124192.08,Active
ACC003091,CUST04658,Savings,BR024,2020-09-19,206065.25,Active
ACC003092,CUST04609,Salary,BR009,2022-08-04,321068.34,Active
ACC003093,CUST00516,Savings,BR026,2020-12-06,176180.85,Active
ACC003094,CUST03063,Savings,BR004,2022-10-26,2811.25,Active
ACC003095,CUST04763,Savings,BR041,2024-05-20,198712.35,Active
ACC003096,CUST01568,Savings,BR044,2025-02-09,402516.08,Active
ACC003097,CUST01449,Salary,BR004,2021-12-05,472036.02,Active
ACC003098,CUST00967,Savings,BR049,2021-05-30,138270.31,Active
ACC003099,CUST00364,Savings,BR034,2021-10-31,460901.18,Active
ACC003100,CUST00108,Savings,BR022,2020-10-29,433707.13,Active
ACC003101,CUST03095,Current,BR013,2020-06-20,203955.2,Active
ACC003102,CUST00623,Savings,BR015,2022-02-03,3334.23,Active
ACC003103,CUST04417,Savings,BR040,2018-12-08,422593.09,Active
ACC003104,CUST00510,Savings,BR038,2018-03-07,144099.49,Active
ACC003105,CUST01065,Salary,BR041,2019-08-30,378187.4,Active
ACC003106,CUST03866,Salary,BR043,2025-08-25,286185.76,Active
ACC003107,CUST00304,Savings,BR044,2025-01-23,111610.6,Active
ACC003108,CUST00969,Salary,BR002,2021-11-20,324457.63,Active
ACC003109,CUST01439,Savings,BR002,2021-10-13,382655.28,Active
ACC003110,CUST03522,Savings,BR043,2018-12-24,237748.13,Active
ACC003111,CUST03872,Savings,BR008,2021-11-16,374207.23,Active
ACC003112,CUST03501,Current,BR038,2019-01-11,203080.95,Active
ACC003113,CUST02200,Savings,BR018,2021-04-24,490145.53,Active
ACC003114,CUST04355,Current,BR029,2021-08-21,120664.44,Active
ACC003115,CUST03902,Savings,BR011,2023-10-13,389149.5,Active
ACC003116,CUST02271,Current,BR006,2018-06-27,375051.43,Active
ACC003117,CUST00230,Savings,BR009,2018-08-23,265192.01,Active
ACC003118,CUST02487,Savings,BR022,2025-12-22,175818.79,Active
ACC003119,CUST00150,Savings,BR046,2020-02-01,223434.2,Active
ACC003120,CUST00910,Savings,BR025,2023-09-19,315114.23,Active
ACC003121,CUST03529,Savings,BR031,2021-08-03,265644.47,Active
ACC003122,CUST00978,Savings,BR021,2021-07-06,381008.54,Active
ACC003123,CUST00635,Salary,BR038,2021-06-17,180980.22,Active
ACC003124,CUST04718,Savings,BR019,2022-05-27,54515.27,Active
ACC003125,CUST02191,Savings,BR010,2018-12-17,253292.03,Active
ACC003126,CUST04150,Savings,BR046,2019-06-25,130246.87,Active
ACC003127,CUST04940,Savings,BR037,2022-06-11,308702.4,Inactive
ACC003128,CUST03475,Savings,BR012,2025-11-18,260641.13,Active
ACC003129,CUST03781,Current,BR019,2018-01-30,389595.53,Inactive
ACC003130,CUST01866,Savings,BR002,2018-11-05,288038.38,Active
ACC003131,CUST00299,Current,BR015,2022-02-18,215949.01,Active
ACC003132,CUST02740,Savings,BR038,2023-09-25,60808.14,Active
ACC003133,CUST03726,Salary,BR008,2018-05-17,60950.54,Active
ACC003134,CUST03392,Savings,BR046,2020-02-14,320535.16,Active
ACC003135,CUST04541,Savings,BR035,2022-05-18,440495.9,Inactive
ACC003136,CUST00098,Savings,BR038,2021-12-25,207979.04,Active
ACC003137,CUST03198,Salary,BR043,2025-02-16,265863.83,Active
ACC003138,CUST02106,Current,BR030,2024-10-16,296015.05,Active
ACC003139,CUST04273,Savings,BR009,2020-04-26,239171.52,Active
ACC003140,CUST04815,Savings,BR030,2018-07-26,30722.24,Active
ACC003141,CUST03523,Salary,BR049,2023-06-28,294980.52,Active
ACC003142,CUST04419,Savings,BR019,2024-10-29,69414.12,Active
ACC003143,CUST00846,Savings,BR029,2021-05-14,278346.2,Active
ACC003144,CUST04186,Salary,BR002,2024-07-06,387913.26,Active
ACC003145,CUST04227,Salary,BR028,2019-08-19,3718.57,Active
ACC003146,CUST03882,Current,BR008,2025-01-16,215807.68,Active
ACC003147,CUST01053,Salary,BR025,2025-08-28,373099.46,Active
ACC003148,CUST03849,Savings,BR010,2021-02-01,264739.57,Active
ACC003149,CUST03616,Savings,BR022,2024-08-03,118418.1,Active
ACC003150,CUST03158,Current,BR035,2020-05-01,349086.14,Active
ACC003151,CUST02106,Current,BR042,2019-07-09,391952.71,Active
ACC003152,CUST00994,Current,BR024,2021-04-17,181900.09,Active
ACC003153,CUST03097,Salary,BR026,2024-08-02,149402.92,Active
ACC003154,CUST00190,Savings,BR031,2021-07-11,273023.94,Active
ACC003155,CUST02124,Savings,BR023,2020-01-25,183346.1,Active
ACC003156,CUST02419,Savings,BR002,2019-07-03,418132.53,Active
ACC003157,CUST04995,Current,BR039,2021-10-08,389746.01,Active
ACC003158,CUST02899,Savings,BR033,2021-10-19,156632.06,Active
ACC003159,CUST04602,Salary,BR024,2021-06-27,229032.3,Active
ACC003160,CUST01967,Savings,BR012,2021-02-17,444854.47,Active
ACC003161,CUST04279,Savings,BR037,2020-03-17,74540.94,Active
ACC003162,CUST04250,Savings,BR009,2023-04-12,377361.81,Active
ACC003163,CUST03412,Current,BR044,2021-05-18,159085.15,Active
ACC003164,CUST03947,Savings,BR043,2023-10-01,60619.03,Active
ACC003165,CUST01047,Current,BR044,2022-10-12,59372.45,Active
ACC003166,CUST02574,Savings,BR003,2018-11-09,138867.38,Active
ACC003167,CUST00606,Savings,BR044,2021-07-26,274491.71,Active
ACC003168,CUST01367,Savings,BR023,2019-01-23,454037.06,Active
ACC003169,CUST02927,Current,BR024,2021-05-10,152194.43,Active
ACC003170,CUST01959,Savings,BR033,2023-12-27,100414.68,Active
ACC003171,CUST01065,Salary,BR030,2023-02-19,239848.84,Active
ACC003172,CUST00518,Savings,BR038,2023-08-29,79157.78,Active
ACC003173,CUST02455,Savings,BR043,2024-06-26,136573.71,Active
ACC003174,CUST04234,Savings,BR002,2018-04-05,493329.0,Active
ACC003175,CUST03808,Savings,BR040,2018-05-10,279467.24,Active
ACC003176,CUST02590,Savings,BR022,2023-05-08,392170.97,Active
ACC003177,CUST02273,Savings,BR011,2024-04-26,106693.25,Active
ACC003178,CUST02309,Current,BR012,2020-09-13,260514.13,Active
ACC003179,CUST01103,Savings,BR019,2020-03-27,255753.98,Active
ACC003180,CUST04793,Savings,BR020,2024-01-11,406521.26,Active
ACC003181,CUST00811,Savings,BR009,2025-02-13,11764.13,Active
ACC003182,CUST03764,Savings,BR043,2023-12-10,430379.37,Active
ACC003183,CUST04569,Savings,BR018,2022-11-15,40717.87,Active
ACC003184,CUST00077,Salary,BR041,2020-01-27,458381.58,Active
ACC003185,CUST02310,Current,BR047,2021-03-13,72276.94,Active
ACC003186,CUST01026,Current,BR018,2025-02-07,266586.96,Inactive
ACC003187,CUST02065,Savings,BR040,2021-05-19,50596.02,Active
ACC003188,CUST04440,Savings,BR036,2024-09-13,224148.48,Active
ACC003189,CUST02742,Savings,BR027,2019-02-10,150340.14,Active
ACC003190,CUST04942,Savings,BR013,2023-01-27,210627.5,Active
ACC003191,CUST04000,Savings,BR047,2024-08-08,272971.71,Active
ACC003192,CUST03229,Savings,BR008,2023-06-13,230259.88,Active
ACC003193,CUST04270,Salary,BR048,2018-06-12,12558.25,Active
ACC003194,CUST03559,Salary,BR043,2025-09-12,431863.12,Active
ACC003195,CUST00846,Savings,BR023,2019-07-05,48382.26,Active
ACC003196,CUST00693,Current,BR013,2018-05-11,490333.07,Active
ACC003197,CUST04049,Current,BR007,2025-05-24,425807.98,Active
ACC003198,CUST01333,Savings,BR050,2024-05-06,281126.25,Active
ACC003199,CUST03038,Salary,BR040,2022-09-01,123351.44,Active
ACC003200,CUST04333,Savings,BR002,2020-02-26,44036.83,Active
ACC003201,CUST01275,Current,BR003,2024-08-09,336245.74,Active
ACC003202,CUST01245,Savings,BR042,2023-04-18,101553.19,Active
ACC003203,CUST00338,Savings,BR039,2025-04-12,366876.92,Active
ACC003204,CUST03295,Savings,BR023,2021-09-08,416421.63,Inactive
ACC003205,CUST00337,Salary,BR007,2025-03-21,494493.6,Active
ACC003206,CUST01868,Savings,BR004,2024-03-05,252603.56,Active
ACC003207,CUST04006,Savings,BR008,2024-07-23,487361.31,Active
ACC003208,CUST00495,Savings,BR032,2018-02-14,75510.53,Active
ACC003209,CUST04643,Savings,BR019,2018-12-13,418287.25,Active
ACC003210,CUST03887,Current,BR012,2019-12-15,180541.2,Active
ACC003211,CUST00161,Current,BR010,2019-10-09,183041.32,Active
ACC003212,CUST02037,Salary,BR014,2024-08-13,135055.11,Active
ACC003213,CUST01742,Current,BR027,2025-01-25,87531.85,Active
ACC003214,CUST01508,Salary,BR044,2018-12-24,221665.86,Active
ACC003215,CUST03561,Current,BR021,2024-12-17,493656.1,Active
ACC003216,CUST01376,Salary,BR020,2020-06-23,165623.62,Active
ACC003217,CUST01554,Savings,BR004,2018-03-01,231079.8,Active
ACC003218,CUST02282,Savings,BR019,2024-06-03,115023.67,Active
ACC003219,CUST01869,Salary,BR029,2023-10-08,169222.97,Active
ACC003220,CUST01602,Current,BR007,2018-08-19,28515.45,Active
ACC003221,CUST03828,Salary,BR033,2025-10-15,478061.25,Active
ACC003222,CUST03481,Savings,BR008,2019-03-24,255391.3,Active
ACC003223,CUST01300,Salary,BR011,2025-04-14,366742.63,Active
ACC003224,CUST00711,Current,BR033,2024-08-12,257131.47,Active
ACC003225,CUST04168,Savings,BR025,2019-07-08,385328.24,Active
ACC003226,CUST02047,Savings,BR033,2020-11-18,267511.11,Active
ACC003227,CUST02882,Savings,BR036,2024-05-13,351070.8,Active
ACC003228,CUST01818,Salary,BR026,2025-04-10,342715.7,Active
ACC003229,CUST02199,Current,BR036,2025-07-13,267247.92,Active
ACC003230,CUST03333,Salary,BR011,2021-11-03,116062.96,Active
ACC003231,CUST01104,Savings,BR030,2020-04-10,106712.04,Active
ACC003232,CUST03178,Salary,BR033,2018-02-07,437278.25,Active
ACC003233,CUST03595,Savings,BR010,2021-05-15,61222.6,Active
ACC003234,CUST03475,Savings,BR029,2022-09-26,280061.62,Active
ACC003235,CUST04816,Savings,BR025,2018-10-16,251764.98,Active
ACC003236,CUST02178,Salary,BR032,2022-02-25,399401.65,Active
ACC003237,CUST01195,Savings,BR004,2021-06-02,68560.94,Active
ACC003238,CUST04502,Savings,BR039,2024-11-04,343961.8,Active
ACC003239,CUST00536,Savings,BR034,2023-09-07,303319.72,Active
ACC003240,CUST01070,Savings,BR022,2019-12-03,350897.06,Active
ACC003241,CUST04370,Salary,BR013,2025-09-05,310991.62,Active
ACC003242,CUST00133,Savings,BR036,2024-07-09,281711.15,Active
ACC003243,CUST00264,Current,BR006,2021-10-28,463207.86,Active
ACC003244,CUST04463,Salary,BR017,2023-01-25,174980.13,Active
ACC003245,CUST02053,Savings,BR026,2025-02-21,93159.13,Active
ACC003246,CUST04947,Salary,BR024,2018-07-23,397907.66,Active
ACC003247,CUST04090,Savings,BR009,2024-08-23,65716.04,Active
ACC003248,CUST02848,Salary,BR002,2021-02-12,340181.58,Active
ACC003249,CUST00358,Savings,BR020,2020-11-09,275230.54,Active
ACC003250,CUST04421,Current,BR027,2020-10-04,1640.4,Inactive
ACC003251,CUST00751,Current,BR006,2022-06-09,120691.26,Active
ACC003252,CUST03251,Savings,BR050,2024-09-09,248456.05,Active
ACC003253,CUST04352,Savings,BR027,2018-12-19,165527.75,Active
ACC003254,CUST02259,Savings,BR024,2021-02-11,214019.0,Active
ACC003255,CUST00911,Savings,BR015,2025-01-05,301033.75,Active
ACC003256,CUST03811,Savings,BR048,2019-06-30,365681.94,Active
ACC003257,CUST00584,Salary,BR033,2018-10-09,76452.52,Active
ACC003258,CUST03439,Savings,BR042,2019-11-04,142173.35,Active
ACC003259,CUST00577,Savings,BR010,2025-04-07,318608.75,Active
ACC003260,CUST02577,Savings,BR021,2020-01-30,294631.89,Active
ACC003261,CUST01872,Savings,BR006,2021-09-06,368687.24,Active
ACC003262,CUST01153,Savings,BR030,2024-08-10,320614.45,Active
ACC003263,CUST04991,Salary,BR023,2019-06-04,165745.11,Active
ACC003264,CUST01784,Salary,BR036,2018-04-20,250118.68,Inactive
ACC003265,CUST01094,Savings,BR046,2020-08-10,442486.15,Active
ACC003266,CUST02100,Savings,BR049,2019-11-11,93858.8,Active
ACC003267,CUST04533,Savings,BR003,2022-05-21,188995.65,Active
ACC003268,CUST02142,Current,BR026,2020-08-16,421022.67,Active
ACC003269,CUST02134,Current,BR034,2024-06-29,182732.92,Active
ACC003270,CUST00518,Current,BR030,2023-05-30,206700.34,Active
ACC003271,CUST00742,Savings,BR018,2023-08-22,160292.2,Active
ACC003272,CUST02478,Salary,BR017,2022-12-28,449863.24,Inactive
ACC003273,CUST04959,Savings,BR045,2023-07-18,332007.28,Inactive
ACC003274,CUST02877,Savings,BR042,2021-03-30,105180.69,Active
ACC003275,CUST00043,Salary,BR021,2024-04-30,375067.47,Active
ACC003276,CUST03442,Savings,BR024,2019-01-15,20219.28,Active
ACC003277,CUST00404,Savings,BR004,2023-10-29,198807.84,Active
ACC003278,CUST01327,Savings,BR049,2021-07-18,454975.11,Active
ACC003279,CUST02217,Savings,BR048,2024-10-08,345202.94,Active
ACC003280,CUST02150,Savings,BR025,2019-09-08,396754.77,Active
ACC003281,CUST02394,Savings,BR024,2019-03-12,465726.25,Active
ACC003282,CUST02651,Savings,BR046,2020-07-10,387501.23,Active
ACC003283,CUST04538,Salary,BR027,2022-03-28,45203.4,Active
ACC003284,CUST04346,Savings,BR031,2020-03-05,116090.54,Active
ACC003285,CUST00878,Current,BR047,2021-02-08,250497.13,Active
ACC003286,CUST01887,Savings,BR035,2019-03-28,7915.04,Active
ACC003287,CUST01304,Savings,BR020,2018-09-17,312674.14,Active
ACC003288,CUST01741,Savings,BR016,2025-11-09,328965.08,Active
ACC003289,CUST01113,Current,BR031,2025-07-18,348527.78,Active
ACC003290,CUST03877,Current,BR007,2025-12-09,278306.67,Active
ACC003291,CUST01899,Savings,BR018,2021-04-22,226737.27,Active
ACC003292,CUST00248,Salary,BR008,2025-05-29,427918.54,Active
ACC003293,CUST03261,Salary,BR027,2024-02-01,383899.03,Active
ACC003294,CUST00568,Savings,BR014,2019-12-13,306566.85,Active
ACC003295,CUST03810,Current,BR018,2022-09-20,23960.83,Active
ACC003296,CUST01189,Savings,BR001,2023-06-02,347270.56,Active
ACC003297,CUST02596,Savings,BR031,2021-11-10,279522.33,Active
ACC003298,CUST01354,Savings,BR020,2025-03-17,347051.13,Inactive
ACC003299,CUST03613,Salary,BR006,2024-02-12,156393.48,Active
ACC003300,CUST00981,Savings,BR045,2025-05-23,388715.75,Active
ACC003301,CUST04966,Salary,BR001,2023-04-09,209550.69,Active
ACC003302,CUST00169,Current,BR019,2018-06-16,447339.77,Active
ACC003303,CUST03165,Savings,BR039,2023-12-31,52901.2,Active
ACC003304,CUST02672,Savings,BR027,2019-05-08,242790.09,Active
ACC003305,CUST00379,Current,BR016,2023-10-21,103663.1,Active
ACC003306,CUST01933,Savings,BR014,2024-12-21,227281.45,Active
ACC003307,CUST00194,Savings,BR034,2024-01-04,177528.36,Active
ACC003308,CUST00264,Current,BR007,2021-09-23,401913.63,Active
ACC003309,CUST01472,Salary,BR020,2021-01-13,84417.47,Inactive
ACC003310,CUST02016,Current,BR031,2023-01-15,299760.1,Active
ACC003311,CUST04617,Savings,BR022,2025-10-25,203835.74,Active
ACC003312,CUST01301,Savings,BR020,2025-12-03,259519.5,Active
ACC003313,CUST03201,Salary,BR015,2020-06-09,357487.34,Active
ACC003314,CUST03374,Salary,BR025,2021-08-27,179193.49,Active
ACC003315,CUST00574,Savings,BR046,2022-09-27,184159.4,Active
ACC003316,CUST01538,Salary,BR001,2022-09-16,39324.54,Active
ACC003317,CUST01384,Savings,BR017,2025-10-31,276422.19,Active
ACC003318,CUST01381,Savings,BR016,2020-08-28,209035.22,Inactive
ACC003319,CUST03538,Savings,BR037,2018-03-08,406332.33,Active
ACC003320,CUST03160,Savings,BR021,2020-04-17,220192.83,Inactive
ACC003321,CUST01524,Salary,BR027,2020-07-15,485427.81,Active
ACC003322,CUST04992,Savings,BR035,2018-12-07,86720.97,Active
ACC003323,CUST04613,Savings,BR024,2018-04-12,134263.63,Active
ACC003324,CUST03933,Salary,BR002,2020-08-09,196564.85,Active
ACC003325,CUST03623,Salary,BR046,2021-02-07,86040.0,Active
ACC003326,CUST00896,Savings,BR025,2020-06-25,486186.21,Active
ACC003327,CUST03394,Current,BR019,2021-12-26,320839.24,Active
ACC003328,CUST00465,Current,BR045,2024-07-17,6588.32,Active
ACC003329,CUST01611,Current,BR013,2020-04-07,289676.44,Active
ACC003330,CUST00613,Current,BR029,2021-04-17,390843.3,Active
ACC003331,CUST03213,Savings,BR032,2025-06-19,26598.74,Active
ACC003332,CUST00605,Savings,BR006,2023-12-22,289383.66,Active
ACC003333,CUST00621,Salary,BR009,2020-11-19,187781.65,Active
ACC003334,CUST02603,Salary,BR001,2020-09-22,291156.94,Active
ACC003335,CUST02184,Savings,BR024,2019-01-20,127050.36,Active
ACC003336,CUST03801,Savings,BR010,2019-08-21,333342.26,Active
ACC003337,CUST00156,Salary,BR035,2018-01-09,335995.06,Active
ACC003338,CUST03354,Savings,BR006,2018-05-16,270213.24,Active
ACC003339,CUST03912,Savings,BR048,2021-08-06,461953.15,Active
ACC003340,CUST02918,Savings,BR020,2020-09-02,454830.27,Active
ACC003341,CUST03118,Savings,BR038,2020-09-05,24719.81,Active
ACC003342,CUST02716,Savings,BR012,2022-07-30,145657.04,Active
ACC003343,CUST04340,Savings,BR003,2023-09-22,182765.17,Active
ACC003344,CUST00450,Savings,BR018,2023-01-22,28578.97,Active
ACC003345,CUST04850,Salary,BR021,2025-10-05,262295.06,Active
ACC003346,CUST04502,Salary,BR035,2022-11-24,13266.24,Active
ACC003347,CUST03962,Salary,BR037,2021-05-27,339356.32,Active
ACC003348,CUST01070,Salary,BR019,2023-07-01,2341.54,Active
ACC003349,CUST04018,Current,BR025,2018-04-23,16936.36,Active
ACC003350,CUST04845,Savings,BR018,2025-08-11,417042.83,Active
ACC003351,CUST03592,Savings,BR040,2023-08-22,127052.05,Active
ACC003352,CUST02820,Savings,BR030,2021-09-25,41533.24,Active
ACC003353,CUST02286,Savings,BR042,2025-12-29,200333.8,Active
ACC003354,CUST02036,Savings,BR042,2024-04-12,26423.41,Active
ACC003355,CUST01191,Salary,BR034,2024-12-31,375454.68,Active
ACC003356,CUST01400,Savings,BR010,2022-03-17,247579.49,Active
ACC003357,CUST03741,Savings,BR022,2023-09-23,276414.31,Active
ACC003358,CUST02249,Current,BR050,2021-09-04,376753.09,Active
ACC003359,CUST02794,Savings,BR004,2025-04-08,392444.79,Active
ACC003360,CUST00724,Salary,BR003,2022-02-21,68992.97,Active
ACC003361,CUST01442,Savings,BR049,2024-12-31,140859.53,Active
ACC003362,CUST04821,Savings,BR049,2022-12-03,88657.39,Active
ACC003363,CUST00087,Salary,BR028,2021-09-11,27965.3,Inactive
ACC003364,CUST04150,Current,BR022,2021-06-30,269221.18,Active
ACC003365,CUST01752,Savings,BR012,2018-11-04,125649.99,Active
ACC003366,CUST03421,Savings,BR049,2021-09-08,77836.51,Active
ACC003367,CUST04838,Current,BR013,2022-06-20,255563.49,Inactive
ACC003368,CUST02484,Savings,BR041,2020-05-16,317373.5,Active
ACC003369,CUST03213,Salary,BR033,2023-09-15,386279.04,Active
ACC003370,CUST03923,Salary,BR047,2022-06-29,9729.22,Active
ACC003371,CUST02490,Savings,BR019,2019-12-12,263615.99,Active
ACC003372,CUST01487,Current,BR041,2021-08-07,134268.47,Inactive
ACC003373,CUST03528,Salary,BR017,2022-06-17,495803.78,Active
ACC003374,CUST00073,Savings,BR047,2022-02-21,79311.41,Active
ACC003375,CUST00725,Salary,BR034,2024-04-02,219485.04,Active
ACC003376,CUST03755,Current,BR004,2024-08-05,485043.13,Active
ACC003377,CUST02996,Savings,BR039,2021-07-03,107335.5,Active
ACC003378,CUST04366,Current,BR008,2020-05-17,403641.9,Active
ACC003379,CUST00219,Savings,BR033,2021-10-14,122276.65,Active
ACC003380,CUST00547,Savings,BR001,2023-09-04,38556.55,Active
ACC003381,CUST03730,Current,BR005,2025-11-02,22334.84,Active
ACC003382,CUST01969,Savings,BR032,2020-09-10,474420.65,Inactive
ACC003383,CUST04517,Current,BR040,2020-10-21,107233.81,Active
ACC003384,CUST01260,Savings,BR001,2024-08-02,146685.54,Active
ACC003385,CUST02934,Savings,BR035,2018-04-28,483488.06,Active
ACC003386,CUST02510,Current,BR022,2024-12-01,329038.21,Active
ACC003387,CUST04009,Salary,BR029,2025-06-17,244575.35,Active
ACC003388,CUST04073,Salary,BR017,2024-11-11,218275.41,Active
ACC003389,CUST04681,Salary,BR030,2023-12-01,25233.56,Active
ACC003390,CUST01563,Savings,BR035,2021-05-03,419633.47,Active
ACC003391,CUST02086,Salary,BR001,2020-11-09,381256.02,Active
ACC003392,CUST01790,Savings,BR004,2024-11-10,46258.07,Active
ACC003393,CUST03670,Savings,BR009,2025-05-11,177375.12,Active
ACC003394,CUST02482,Savings,BR045,2019-07-30,442819.55,Active
ACC003395,CUST03431,Salary,BR032,2025-10-18,118984.28,Active
ACC003396,CUST00205,Savings,BR005,2019-02-07,306005.68,Inactive
ACC003397,CUST00742,Savings,BR014,2018-09-10,244480.02,Inactive
ACC003398,CUST02889,Savings,BR026,2022-06-18,409442.34,Inactive
ACC003399,CUST03495,Savings,BR023,2025-06-02,18990.7,Active
ACC003400,CUST04264,Salary,BR046,2019-10-31,408257.4,Active
ACC003401,CUST04738,Savings,BR022,2019-12-29,68723.87,Active
ACC003402,CUST01106,Savings,BR027,2021-12-28,8521.18,Active
ACC003403,CUST01824,Savings,BR025,2025-04-13,298154.9,Active
ACC003404,CUST02648,Savings,BR036,2021-02-19,130061.9,Active
ACC003405,CUST04198,Savings,BR004,2022-03-21,354929.39,Active
ACC003406,CUST00089,Savings,BR032,2020-09-05,235421.81,Active
ACC003407,CUST03382,Savings,BR009,2025-06-19,303156.5,Active
ACC003408,CUST04704,Savings,BR002,2019-07-23,345163.46,Active
ACC003409,CUST03512,Salary,BR042,2019-06-27,463537.03,Active
ACC003410,CUST02207,Salary,BR050,2019-06-03,411732.08,Active
ACC003411,CUST03186,Savings,BR039,2023-08-22,248060.89,Inactive
ACC003412,CUST04382,Savings,BR046,2018-01-10,219569.93,Active
ACC003413,CUST00865,Current,BR025,2018-06-06,327683.37,Active
ACC003414,CUST00055,Savings,BR047,2025-08-04,367033.53,Active
ACC003415,CUST04672,Savings,BR010,2018-05-21,87154.12,Active
ACC003416,CUST02081,Savings,BR037,2025-05-10,17229.72,Active
ACC003417,CUST00558,Salary,BR025,2018-05-17,227871.77,Inactive
ACC003418,CUST04827,Current,BR040,2019-11-22,50627.11,Active
ACC003419,CUST00993,Savings,BR029,2022-06-12,137094.03,Active
ACC003420,CUST04897,Savings,BR037,2021-11-24,292785.06,Active
ACC003421,CUST04292,Savings,BR005,2024-10-26,76574.56,Active
ACC003422,CUST00448,Savings,BR014,2022-01-05,15218.03,Active
ACC003423,CUST01822,Savings,BR033,2019-11-07,277745.8,Active
ACC003424,CUST03820,Salary,BR027,2022-03-17,233647.55,Inactive
ACC003425,CUST02973,Savings,BR005,2024-05-13,153845.23,Active
ACC003426,CUST00092,Savings,BR044,2021-10-11,234924.12,Active
ACC003427,CUST00608,Savings,BR015,2020-07-21,342077.8,Active
ACC003428,CUST01252,Savings,BR003,2025-05-12,55391.37,Active
ACC003429,CUST00286,Salary,BR001,2023-11-29,128589.03,Active
ACC003430,CUST02922,Savings,BR024,2020-12-03,397685.26,Active
ACC003431,CUST03307,Savings,BR012,2018-07-30,335391.22,Active
ACC003432,CUST00102,Savings,BR045,2024-07-18,133860.51,Active
ACC003433,CUST03836,Savings,BR014,2024-08-05,199677.12,Active
ACC003434,CUST04236,Salary,BR042,2024-09-24,60755.08,Active
ACC003435,CUST04931,Savings,BR020,2025-09-07,127310.68,Active
ACC003436,CUST01679,Savings,BR014,2019-05-23,420734.77,Active
ACC003437,CUST03824,Savings,BR014,2018-08-20,220764.91,Active
ACC003438,CUST00535,Current,BR045,2020-03-14,320506.13,Active
ACC003439,CUST00016,Current,BR035,2021-04-08,80710.99,Active
ACC003440,CUST00561,Current,BR019,2018-08-22,92469.53,Inactive
ACC003441,CUST02926,Savings,BR020,2025-01-11,470519.64,Active
ACC003442,CUST02384,Salary,BR042,2024-06-07,420875.36,Active
ACC003443,CUST00910,Savings,BR044,2023-11-18,395375.05,Active
ACC003444,CUST01414,Savings,BR023,2024-04-19,165465.55,Active
ACC003445,CUST00119,Current,BR034,2024-06-13,281815.24,Active
ACC003446,CUST04063,Savings,BR001,2025-10-12,246678.19,Active
ACC003447,CUST03114,Savings,BR004,2025-10-21,478159.1,Active
ACC003448,CUST03061,Savings,BR040,2022-09-20,120577.58,Active
ACC003449,CUST01492,Savings,BR017,2019-01-22,473669.26,Inactive
ACC003450,CUST02097,Savings,BR026,2021-02-20,353718.37,Inactive
ACC003451,CUST02255,Current,BR014,2018-05-12,207432.08,Active
ACC003452,CUST00514,Savings,BR046,2024-03-18,133911.08,Active
ACC003453,CUST01234,Current,BR032,2023-10-11,378919.33,Active
ACC003454,CUST04133,Salary,BR036,2020-04-11,411644.53,Active
ACC003455,CUST01480,Savings,BR020,2020-01-02,179406.16,Active
ACC003456,CUST03350,Savings,BR016,2019-02-07,86768.08,Active
ACC003457,CUST01541,Salary,BR019,2024-01-28,246630.04,Active
ACC003458,CUST00130,Current,BR045,2022-02-08,234782.66,Active
ACC003459,CUST03717,Savings,BR039,2022-06-06,362975.89,Active
ACC003460,CUST03744,Savings,BR024,2018-01-14,486619.24,Active
ACC003461,CUST01772,Current,BR014,2018-09-27,266109.82,Active
ACC003462,CUST04455,Savings,BR029,2020-12-13,366127.92,Active
ACC003463,CUST03076,Current,BR042,2021-02-28,175939.25,Active
ACC003464,CUST00506,Savings,BR014,2025-07-23,300187.8,Active
ACC003465,CUST04914,Current,BR011,2025-12-29,58548.64,Active
ACC003466,CUST04890,Savings,BR011,2022-12-02,407652.11,Active
ACC003467,CUST00839,Current,BR047,2022-03-21,172817.79,Active
ACC003468,CUST03872,Salary,BR040,2025-04-30,40940.63,Active
ACC003469,CUST04719,Savings,BR024,2024-06-06,495290.13,Active
ACC003470,CUST02677,Current,BR022,2025-07-14,450992.33,Active
ACC003471,CUST00097,Savings,BR049,2023-06-07,99519.24,Active
ACC003472,CUST01964,Savings,BR021,2023-05-17,182237.72,Active
ACC003473,CUST02867,Salary,BR006,2019-03-03,468422.13,Active
ACC003474,CUST04027,Savings,BR014,2023-12-04,398368.04,Active
ACC003475,CUST00599,Savings,BR009,2024-04-02,453299.7,Active
ACC003476,CUST02982,Savings,BR035,2022-05-06,281712.34,Active
ACC003477,CUST03964,Savings,BR044,2023-08-23,122314.99,Active
ACC003478,CUST00429,Current,BR036,2021-09-14,114299.71,Active
ACC003479,CUST03782,Savings,BR025,2018-03-09,263309.42,Active
ACC003480,CUST01325,Savings,BR015,2025-08-22,462075.99,Active
ACC003481,CUST02591,Savings,BR045,2025-11-24,316161.9,Active
ACC003482,CUST02415,Savings,BR028,2019-01-26,18160.87,Active
ACC003483,CUST01768,Savings,BR050,2021-01-20,280677.39,Active
ACC003484,CUST01517,Current,BR014,2023-11-22,304612.0,Inactive
ACC003485,CUST01340,Savings,BR013,2023-07-01,291195.96,Active
ACC003486,CUST04095,Savings,BR041,2021-12-20,345847.01,Active
ACC003487,CUST04660,Current,BR031,2025-04-15,147463.41,Active
ACC003488,CUST03404,Savings,BR005,2020-02-12,72738.89,Active
ACC003489,CUST02547,Savings,BR019,2023-05-21,375274.27,Active
ACC003490,CUST00977,Current,BR008,2024-06-09,98980.19,Active
ACC003491,CUST01615,Savings,BR013,2024-08-23,57965.32,Inactive
ACC003492,CUST01585,Savings,BR041,2021-11-16,180329.22,Active
ACC003493,CUST04062,Savings,BR017,2018-03-29,416544.3,Active
ACC003494,CUST04652,Savings,BR032,2025-05-01,41972.05,Active
ACC003495,CUST01271,Savings,BR005,2022-12-21,98585.12,Active
ACC003496,CUST00219,Salary,BR009,2022-08-04,238154.43,Active
ACC003497,CUST00534,Savings,BR043,2019-09-17,144535.84,Active
ACC003498,CUST01496,Current,BR034,2023-04-19,361108.84,Active
ACC003499,CUST01374,Salary,BR045,2021-06-26,337776.31,Active
ACC003500,CUST04140,Current,BR001,2024-08-10,421415.67,Active
ACC003501,CUST03824,Savings,BR040,2021-01-17,102717.74,Active
ACC003502,CUST03950,Savings,BR015,2025-08-11,324810.46,Active
ACC003503,CUST00065,Savings,BR032,2020-09-25,387592.52,Active
ACC003504,CUST04342,Salary,BR034,2024-11-08,32270.89,Active
ACC003505,CUST03143,Savings,BR035,2024-09-28,19374.65,Active
ACC003506,CUST01725,Salary,BR049,2019-03-31,280069.91,Active
ACC003507,CUST02206,Savings,BR050,2025-01-02,294339.53,Active
ACC003508,CUST02986,Salary,BR028,2020-07-23,197011.57,Active
ACC003509,CUST03914,Savings,BR017,2018-07-28,19000.58,Active
ACC003510,CUST01049,Salary,BR046,2024-08-15,201558.99,Active
ACC003511,CUST03655,Savings,BR011,2021-08-29,321402.18,Active
ACC003512,CUST02873,Current,BR023,2025-10-21,351238.33,Active
ACC003513,CUST04256,Savings,BR026,2022-03-08,246902.95,Active
ACC003514,CUST01005,Current,BR046,2023-11-04,262987.46,Active
ACC003515,CUST02123,Current,BR005,2019-10-09,336664.46,Active
ACC003516,CUST04575,Savings,BR026,2025-11-08,225201.89,Active
ACC003517,CUST03982,Savings,BR006,2021-05-28,132493.96,Active
ACC003518,CUST04483,Savings,BR043,2024-05-31,112261.97,Active
ACC003519,CUST00472,Savings,BR034,2022-09-18,376623.7,Active
ACC003520,CUST03406,Current,BR042,2023-07-20,244286.77,Active
ACC003521,CUST00309,Savings,BR013,2024-12-28,312418.91,Active
ACC003522,CUST02935,Savings,BR025,2023-07-06,236081.79,Active
ACC003523,CUST04797,Current,BR002,2021-04-01,409599.87,Active
ACC003524,CUST03048,Savings,BR014,2021-02-24,248926.83,Active
ACC003525,CUST01922,Salary,BR017,2025-11-14,494039.26,Active
ACC003526,CUST03000,Savings,BR041,2018-04-27,122059.7,Active
ACC003527,CUST02018,Savings,BR040,2021-11-30,70124.82,Active
ACC003528,CUST04882,Savings,BR040,2019-10-11,187424.66,Active
ACC003529,CUST01479,Savings,BR039,2018-12-22,459409.65,Inactive
ACC003530,CUST02353,Savings,BR025,2025-09-24,426303.99,Active
ACC003531,CUST04198,Savings,BR027,2020-10-19,124429.13,Active
ACC003532,CUST04871,Savings,BR048,2021-03-19,300249.09,Active
ACC003533,CUST03460,Savings,BR024,2024-04-02,294880.93,Active
ACC003534,CUST03755,Savings,BR049,2021-04-06,147405.05,Active
ACC003535,CUST01232,Savings,BR033,2022-02-27,118455.46,Active
ACC003536,CUST03121,Current,BR027,2018-03-10,195634.69,Active
ACC003537,CUST00572,Salary,BR045,2022-10-11,394520.78,Active
ACC003538,CUST03590,Salary,BR031,2018-09-24,96665.81,Active
ACC003539,CUST00148,Salary,BR048,2020-03-25,223416.0,Active
ACC003540,CUST03444,Salary,BR038,2023-02-24,241367.58,Inactive
ACC003541,CUST00597,Savings,BR015,2022-03-29,469623.24,Active
ACC003542,CUST01071,Savings,BR044,2019-01-17,152457.71,Active
ACC003543,CUST03746,Savings,BR040,2022-06-24,10803.64,Active
ACC003544,CUST04251,Current,BR001,2019-01-09,347171.89,Active
ACC003545,CUST04326,Salary,BR011,2019-11-16,378139.96,Active
ACC003546,CUST03372,Savings,BR015,2019-05-21,351813.16,Active
ACC003547,CUST00158,Savings,BR033,2024-04-03,350668.75,Active
ACC003548,CUST00923,Current,BR048,2024-06-30,242130.48,Active
ACC003549,CUST03319,Savings,BR032,2025-03-22,10311.74,Active
ACC003550,CUST02347,Savings,BR025,2025-10-08,365229.07,Active
ACC003551,CUST04051,Savings,BR039,2022-01-14,468323.57,Active
ACC003552,CUST01247,Salary,BR033,2020-01-24,79535.79,Active
ACC003553,CUST00766,Savings,BR029,2023-05-09,34889.22,Active
ACC003554,CUST03652,Savings,BR034,2023-05-06,133337.44,Active
ACC003555,CUST02613,Savings,BR008,2021-12-16,425047.13,Active
ACC003556,CUST04563,Savings,BR011,2023-01-24,53967.44,Active
ACC003557,CUST03829,Savings,BR013,2021-05-24,357869.03,Active
ACC003558,CUST04582,Savings,BR005,2020-01-02,32410.77,Active
ACC003559,CUST00444,Savings,BR050,2018-01-21,17361.72,Active
ACC003560,CUST00905,Savings,BR019,2018-11-01,445759.64,Active
ACC003561,CUST02911,Savings,BR021,2019-08-27,385509.56,Active
ACC003562,CUST03210,Savings,BR003,2025-10-25,299693.94,Active
ACC003563,CUST01802,Salary,BR026,2020-10-06,86825.63,Active
ACC003564,CUST00926,Savings,BR033,2019-03-21,140145.46,Active
ACC003565,CUST03722,Savings,BR030,2024-05-02,25253.64,Active
ACC003566,CUST04388,Salary,BR022,2021-04-06,323036.06,Active
ACC003567,CUST00752,Savings,BR005,2020-12-17,343356.82,Active
ACC003568,CUST01235,Savings,BR019,2025-04-02,164077.57,Active
ACC003569,CUST02923,Savings,BR009,2022-09-05,169869.74,Active
ACC003570,CUST00663,Salary,BR024,2025-05-04,314859.85,Active
ACC003571,CUST03196,Salary,BR039,2020-01-27,472886.72,Active
ACC003572,CUST01585,Savings,BR012,2018-11-20,197960.0,Active
ACC003573,CUST00920,Current,BR046,2021-07-13,247301.6,Active
ACC003574,CUST04220,Savings,BR048,2020-12-21,349439.71,Active
ACC003575,CUST00068,Salary,BR045,2023-11-07,171818.16,Active
ACC003576,CUST04571,Savings,BR027,2024-09-29,434560.3,Active
ACC003577,CUST04454,Salary,BR050,2022-05-27,423244.59,Active
ACC003578,CUST01767,Savings,BR042,2025-06-22,337467.21,Active
ACC003579,CUST01954,Savings,BR021,2021-01-04,268924.88,Inactive
ACC003580,CUST02569,Savings,BR038,2024-09-18,491776.94,Active
ACC003581,CUST03709,Current,BR035,2024-08-09,351487.88,Active
ACC003582,CUST04929,Current,BR032,2019-01-20,321970.08,Active
ACC003583,CUST02672,Savings,BR036,2018-01-09,438532.15,Active
ACC003584,CUST03400,Current,BR033,2025-01-06,277940.35,Inactive
ACC003585,CUST01354,Current,BR043,2024-06-14,122218.85,Active
ACC003586,CUST00443,Current,BR017,2024-01-27,69748.37,Active
ACC003587,CUST00601,Savings,BR005,2018-05-27,236045.04,Active
ACC003588,CUST03167,Savings,BR044,2023-04-11,258311.42,Active
ACC003589,CUST03943,Savings,BR020,2018-03-21,414019.42,Active
ACC003590,CUST02810,Savings,BR023,2020-03-14,70597.78,Active
ACC003591,CUST03389,Current,BR039,2024-11-04,340933.88,Active
ACC003592,CUST04583,Current,BR004,2022-10-26,152759.34,Active
ACC003593,CUST02787,Current,BR026,2020-09-04,469576.09,Active
ACC003594,CUST02696,Savings,BR030,2020-03-17,235740.25,Active
ACC003595,CUST03649,Current,BR048,2022-04-28,311576.71,Active
ACC003596,CUST02053,Savings,BR047,2023-05-11,325403.99,Active
ACC003597,CUST00632,Salary,BR046,2025-09-05,46411.53,Active
ACC003598,CUST03443,Savings,BR029,2022-05-05,426245.34,Active
ACC003599,CUST01755,Current,BR034,2018-10-22,82953.97,Active
ACC003600,CUST03034,Current,BR010,2021-02-27,199312.14,Active
ACC003601,CUST01579,Salary,BR020,2023-04-01,336609.28,Active
ACC003602,CUST00026,Savings,BR024,2022-11-23,28554.73,Active
ACC003603,CUST02210,Savings,BR034,2021-04-03,290631.5,Active
ACC003604,CUST02903,Savings,BR037,2019-09-05,205548.15,Active
ACC003605,CUST01130,Savings,BR013,2024-11-02,32862.45,Active
ACC003606,CUST04997,Current,BR023,2022-12-16,363469.17,Active
ACC003607,CUST04105,Salary,BR010,2018-03-10,251165.36,Active
ACC003608,CUST04146,Savings,BR022,2019-07-10,152416.65,Active
ACC003609,CUST00442,Savings,BR045,2022-08-13,43079.57,Active
ACC003610,CUST03896,Salary,BR014,2019-05-15,274189.63,Active
ACC003611,CUST04798,Savings,BR025,2020-04-09,153675.38,Active
ACC003612,CUST04850,Savings,BR018,2019-05-17,473395.43,Active
ACC003613,CUST01829,Salary,BR020,2020-08-31,296166.57,Active
ACC003614,CUST01536,Salary,BR028,2019-12-31,143247.49,Active
ACC003615,CUST04326,Savings,BR008,2020-06-19,264780.41,Active
ACC003616,CUST00560,Savings,BR005,2019-10-22,270208.2,Active
ACC003617,CUST01174,Savings,BR021,2020-01-31,363654.04,Active
ACC003618,CUST01879,Savings,BR020,2023-10-03,451198.96,Active
ACC003619,CUST02256,Savings,BR044,2018-11-28,481334.22,Active
ACC003620,CUST01085,Savings,BR016,2020-08-16,359227.49,Inactive
ACC003621,CUST03915,Current,BR020,2022-10-25,273410.71,Active
ACC003622,CUST00239,Current,BR025,2022-10-11,113241.11,Active
ACC003623,CUST02915,Salary,BR007,2025-05-27,202111.68,Active
ACC003624,CUST02096,Savings,BR025,2018-11-09,244905.71,Active
ACC003625,CUST01472,Savings,BR036,2023-01-30,65057.21,Active
ACC003626,CUST02046,Salary,BR010,2018-12-21,128945.5,Active
ACC003627,CUST04613,Current,BR040,2022-03-06,492241.85,Active
ACC003628,CUST03684,Salary,BR016,2024-03-22,378588.34,Active
ACC003629,CUST00205,Salary,BR004,2019-09-06,241521.34,Active
ACC003630,CUST03601,Salary,BR010,2018-04-09,113790.25,Active
ACC003631,CUST02138,Savings,BR048,2024-06-12,287150.38,Active
ACC003632,CUST01214,Savings,BR031,2020-03-05,116705.71,Active
ACC003633,CUST03835,Savings,BR012,2024-09-04,97361.27,Active
ACC003634,CUST03092,Current,BR020,2024-08-18,47784.43,Active
ACC003635,CUST01383,Savings,BR032,2018-07-23,173580.67,Active
ACC003636,CUST03681,Current,BR002,2022-11-09,271319.87,Active
ACC003637,CUST01680,Savings,BR011,2019-09-01,80504.48,Active
ACC003638,CUST00007,Current,BR020,2025-05-04,101017.3,Inactive
ACC003639,CUST01886,Savings,BR023,2021-02-14,196178.47,Active
ACC003640,CUST03499,Savings,BR013,2018-03-07,245276.29,Active
ACC003641,CUST00296,Salary,BR035,2023-12-19,381379.31,Active
ACC003642,CUST00264,Savings,BR017,2020-02-18,283747.45,Active
ACC003643,CUST02138,Savings,BR010,2020-06-19,309232.83,Active
ACC003644,CUST04949,Savings,BR040,2020-04-07,348409.02,Active
ACC003645,CUST03866,Salary,BR038,2021-11-10,226040.48,Active
ACC003646,CUST04497,Salary,BR014,2023-11-10,172223.53,Inactive
ACC003647,CUST04453,Salary,BR019,2021-01-05,400409.95,Active
ACC003648,CUST02547,Salary,BR032,2020-01-09,414331.89,Active
ACC003649,CUST04930,Current,BR033,2023-03-11,77837.06,Active
ACC003650,CUST04531,Savings,BR043,2025-05-24,476731.39,Active
ACC003651,CUST00119,Savings,BR025,2023-10-03,465031.45,Active
ACC003652,CUST02396,Savings,BR025,2019-10-20,435568.03,Active
ACC003653,CUST03368,Savings,BR014,2025-06-19,211906.55,Active
ACC003654,CUST01703,Current,BR045,2021-01-14,421247.03,Active
ACC003655,CUST00530,Savings,BR044,2023-09-24,314401.22,Active
ACC003656,CUST03675,Savings,BR038,2022-07-22,103491.97,Active
ACC003657,CUST00303,Savings,BR036,2023-12-05,387666.63,Active
ACC003658,CUST04068,Savings,BR024,2018-05-27,203641.4,Active
ACC003659,CUST04252,Current,BR041,2025-05-30,146790.12,Active
ACC003660,CUST03969,Savings,BR039,2020-11-10,439267.82,Active
ACC003661,CUST00014,Current,BR039,2019-06-20,431276.36,Active
ACC003662,CUST02804,Savings,BR013,2022-02-08,432322.25,Active
ACC003663,CUST00889,Salary,BR002,2020-12-07,429902.26,Active
ACC003664,CUST03529,Savings,BR034,2019-02-23,277560.32,Active
ACC003665,CUST01197,Savings,BR015,2021-02-07,308843.24,Active
ACC003666,CUST04541,Current,BR048,2025-03-03,474483.92,Active
ACC003667,CUST02170,Savings,BR002,2020-09-24,65541.23,Active
ACC003668,CUST03569,Savings,BR025,2024-12-04,403324.43,Active
ACC003669,CUST02232,Savings,BR005,2021-01-05,263607.6,Active
ACC003670,CUST01844,Savings,BR034,2024-05-06,489225.36,Active
ACC003671,CUST03652,Salary,BR039,2020-07-10,319972.65,Active
ACC003672,CUST03877,Savings,BR005,2019-11-23,82109.55,Active
ACC003673,CUST02719,Current,BR043,2021-01-13,407930.0,Active
ACC003674,CUST00049,Savings,BR008,2020-03-22,336663.11,Active
ACC003675,CUST00181,Savings,BR049,2022-08-02,75314.97,Active
ACC003676,CUST03879,Savings,BR014,2018-08-30,5487.09,Active
ACC003677,CUST01418,Salary,BR029,2020-12-23,272280.0,Active
ACC003678,CUST03465,Savings,BR030,2021-06-17,121503.07,Active
ACC003679,CUST03420,Salary,BR037,2022-08-09,433753.5,Active
ACC003680,CUST00530,Savings,BR004,2024-09-11,126214.04,Active
ACC003681,CUST04680,Current,BR035,2023-09-28,331765.22,Active
ACC003682,CUST01287,Salary,BR007,2022-01-16,173219.92,Active
ACC003683,CUST02191,Savings,BR026,2024-01-02,175808.71,Active
ACC003684,CUST00707,Current,BR032,2020-07-05,91725.6,Active
ACC003685,CUST03218,Savings,BR043,2019-02-02,251858.14,Active
ACC003686,CUST00294,Savings,BR033,2020-02-10,290056.58,Active
ACC003687,CUST01562,Savings,BR024,2019-11-02,290925.83,Active
ACC003688,CUST04518,Salary,BR050,2022-10-19,428448.47,Active
ACC003689,CUST02612,Savings,BR001,2021-08-19,326521.3,Active
ACC003690,CUST00661,Savings,BR029,2019-03-04,370378.68,Active
ACC003691,CUST03179,Salary,BR048,2018-03-22,162400.65,Active
ACC003692,CUST03390,Savings,BR045,2024-02-10,210922.13,Active
ACC003693,CUST02107,Savings,BR038,2024-11-19,10128.01,Active
ACC003694,CUST03064,Salary,BR038,2024-05-19,40475.56,Active
ACC003695,CUST02841,Savings,BR021,2023-11-08,193174.7,Active
ACC003696,CUST03497,Savings,BR023,2019-12-10,105657.13,Active
ACC003697,CUST02579,Salary,BR046,2025-05-13,406666.74,Active
ACC003698,CUST02052,Savings,BR005,2023-06-05,338566.76,Active
ACC003699,CUST02410,Savings,BR030,2021-10-20,485182.43,Active
ACC003700,CUST02954,Savings,BR040,2018-07-22,443629.95,Active
ACC003701,CUST00369,Current,BR018,2019-08-22,488852.85,Active
ACC003702,CUST00539,Savings,BR006,2018-01-06,183272.29,Active
ACC003703,CUST02928,Savings,BR005,2024-08-01,242703.78,Active
ACC003704,CUST02394,Savings,BR042,2023-10-04,186940.25,Active
ACC003705,CUST00731,Savings,BR018,2020-12-26,482188.56,Active
ACC003706,CUST00897,Current,BR013,2022-09-17,201951.64,Active
ACC003707,CUST04660,Savings,BR020,2018-05-27,59264.19,Active
ACC003708,CUST02369,Current,BR038,2019-08-09,126004.44,Active
ACC003709,CUST04560,Savings,BR021,2020-09-06,212985.26,Active
ACC003710,CUST02681,Savings,BR004,2020-01-06,301894.0,Active
ACC003711,CUST02381,Savings,BR013,2019-11-26,309425.15,Active
ACC003712,CUST00015,Savings,BR018,2021-01-24,379633.03,Active
ACC003713,CUST03129,Savings,BR013,2023-05-11,324285.54,Active
ACC003714,CUST01354,Current,BR013,2020-05-03,246275.47,Active
ACC003715,CUST03136,Current,BR039,2018-09-05,16055.6,Active
ACC003716,CUST02278,Savings,BR037,2023-12-20,347819.16,Active
ACC003717,CUST00011,Current,BR035,2022-03-29,43643.59,Active
ACC003718,CUST01657,Salary,BR038,2024-07-24,234936.87,Active
ACC003719,CUST01248,Savings,BR040,2019-03-18,448301.71,Active
ACC003720,CUST01661,Savings,BR027,2024-04-22,298842.57,Active
ACC003721,CUST01764,Current,BR026,2021-11-10,100283.41,Active
ACC003722,CUST00542,Savings,BR012,2024-12-27,404171.15,Active
ACC003723,CUST01530,Current,BR002,2022-06-13,150904.15,Active
ACC003724,CUST01181,Salary,BR043,2024-09-29,289058.15,Active
ACC003725,CUST02689,Savings,BR020,2024-06-24,318288.59,Active
ACC003726,CUST02618,Salary,BR035,2024-06-21,365829.63,Active
ACC003727,CUST02755,Savings,BR010,2020-09-12,33426.3,Active
ACC003728,CUST00929,Savings,BR008,2020-09-24,427279.3,Active
ACC003729,CUST01427,Savings,BR040,2022-08-13,57811.31,Active
ACC003730,CUST03660,Savings,BR046,2024-07-05,48172.43,Active
ACC003731,CUST02234,Savings,BR036,2021-06-24,228985.39,Active
ACC003732,CUST03910,Savings,BR031,2023-04-17,186718.62,Active
ACC003733,CUST04991,Current,BR015,2021-11-21,28252.22,Active
ACC003734,CUST02062,Savings,BR042,2020-03-11,83834.26,Active
ACC003735,CUST04098,Savings,BR018,2018-05-03,220167.51,Active
ACC003736,CUST02564,Savings,BR015,2024-05-06,414707.02,Active
ACC003737,CUST02804,Savings,BR019,2023-08-18,61530.89,Active
ACC003738,CUST02294,Savings,BR024,2025-08-09,53160.66,Active
ACC003739,CUST01626,Current,BR035,2024-07-17,402609.87,Active
ACC003740,CUST00572,Savings,BR002,2019-11-17,246665.44,Active
ACC003741,CUST04532,Current,BR013,2022-07-20,180764.37,Active
ACC003742,CUST02401,Savings,BR045,2023-04-05,231215.47,Inactive
ACC003743,CUST01712,Current,BR009,2025-11-15,206012.5,Active
ACC003744,CUST00383,Savings,BR035,2018-12-02,391165.19,Active
ACC003745,CUST01084,Savings,BR002,2025-08-27,5654.35,Active
ACC003746,CUST01950,Current,BR046,2020-05-10,217146.13,Active
ACC003747,CUST02518,Savings,BR016,2024-04-22,80268.48,Active
ACC003748,CUST04170,Salary,BR046,2023-12-04,154834.64,Active
ACC003749,CUST03498,Current,BR036,2025-10-09,56973.43,Active
ACC003750,CUST03315,Savings,BR002,2023-04-04,214067.06,Active
ACC003751,CUST04931,Salary,BR016,2023-09-29,322004.27,Active
ACC003752,CUST02676,Salary,BR008,2021-04-02,331135.02,Active
ACC003753,CUST03395,Savings,BR001,2021-03-17,398575.12,Active
ACC003754,CUST01204,Savings,BR018,2019-07-09,407690.69,Active
ACC003755,CUST00774,Savings,BR041,2019-05-21,299268.99,Inactive
ACC003756,CUST03057,Savings,BR026,2022-12-22,177221.85,Inactive
ACC003757,CUST02314,Savings,BR044,2024-03-31,26606.43,Active
ACC003758,CUST02598,Current,BR005,2025-09-23,18899.12,Active
ACC003759,CUST01404,Current,BR021,2023-02-21,57518.29,Inactive
ACC003760,CUST04173,Current,BR035,2018-07-08,491931.88,Active
ACC003761,CUST03062,Current,BR040,2021-12-11,393202.74,Active
ACC003762,CUST03326,Savings,BR028,2021-05-05,203031.25,Active
ACC003763,CUST01404,Savings,BR026,2025-02-10,233634.38,Active
ACC003764,CUST03321,Current,BR032,2025-01-15,368953.29,Active
ACC003765,CUST00870,Savings,BR048,2022-07-18,257685.92,Active
ACC003766,CUST01084,Current,BR050,2022-04-29,180847.71,Active
ACC003767,CUST00974,Savings,BR044,2025-11-08,175430.77,Active
ACC003768,CUST01226,Savings,BR044,2023-08-24,105611.19,Active
ACC003769,CUST01803,Savings,BR021,2020-08-24,442920.19,Active
ACC003770,CUST02965,Savings,BR004,2025-12-17,207662.76,Active
ACC003771,CUST01189,Savings,BR042,2022-05-07,376429.11,Active
ACC003772,CUST03444,Savings,BR041,2022-09-12,287307.29,Active
ACC003773,CUST03935,Savings,BR036,2023-05-15,377292.73,Active
ACC003774,CUST04410,Savings,BR024,2024-10-16,161134.06,Active
ACC003775,CUST01322,Savings,BR033,2023-07-08,376252.37,Active
ACC003776,CUST02024,Savings,BR005,2019-09-04,395194.18,Active
ACC003777,CUST04732,Salary,BR003,2024-11-14,53035.76,Active
ACC003778,CUST04513,Savings,BR011,2018-10-11,46640.43,Active
ACC003779,CUST00439,Savings,BR045,2025-04-24,492762.36,Inactive
ACC003780,CUST00165,Current,BR032,2025-10-18,59859.05,Active
ACC003781,CUST03338,Salary,BR022,2022-06-16,342735.59,Active
ACC003782,CUST03351,Savings,BR011,2022-05-31,374158.8,Active
ACC003783,CUST00988,Savings,BR038,2019-12-18,32691.9,Active
ACC003784,CUST02530,Savings,BR022,2019-06-18,373508.96,Active
ACC003785,CUST04613,Savings,BR004,2019-11-13,210337.96,Active
ACC003786,CUST04178,Current,BR039,2025-08-13,138062.33,Active
ACC003787,CUST04215,Salary,BR003,2023-03-11,332999.99,Active
ACC003788,CUST03846,Current,BR010,2022-05-23,416729.12,Active
ACC003789,CUST01327,Salary,BR037,2018-06-10,286824.46,Active
ACC003790,CUST03287,Savings,BR019,2018-06-23,435443.17,Active
ACC003791,CUST00028,Salary,BR018,2022-03-03,12155.62,Active
ACC003792,CUST02025,Savings,BR028,2021-09-21,369563.79,Active
ACC003793,CUST04594,Savings,BR031,2023-09-05,85531.84,Active
ACC003794,CUST00194,Current,BR017,2022-11-25,143750.9,Active
ACC003795,CUST00592,Savings,BR024,2024-10-20,286553.94,Active
ACC003796,CUST02490,Savings,BR001,2022-12-24,137948.11,Active
ACC003797,CUST01858,Current,BR005,2025-09-07,84908.77,Active
ACC003798,CUST00113,Savings,BR032,2023-08-21,442863.61,Active
ACC003799,CUST01318,Savings,BR017,2025-04-20,453455.0,Active
ACC003800,CUST01738,Savings,BR021,2021-12-04,19149.34,Active
ACC003801,CUST02062,Current,BR041,2019-06-07,250560.45,Active
ACC003802,CUST01691,Savings,BR043,2022-08-21,102635.74,Active
ACC003803,CUST03669,Savings,BR022,2018-03-29,431840.99,Active
ACC003804,CUST01395,Savings,BR039,2024-04-08,231798.11,Active
ACC003805,CUST03169,Current,BR039,2021-03-01,239750.41,Active
ACC003806,CUST03560,Current,BR034,2019-08-21,314108.86,Active
ACC003807,CUST02237,Savings,BR014,2023-08-09,28756.41,Active
ACC003808,CUST03884,Savings,BR016,2022-07-04,64521.74,Active
ACC003809,CUST03252,Savings,BR005,2023-11-29,249694.2,Active
ACC003810,CUST03933,Savings,BR018,2024-05-25,483386.75,Active
ACC003811,CUST03015,Savings,BR004,2023-10-23,421959.18,Active
ACC003812,CUST03487,Savings,BR044,2023-02-01,444791.22,Active
ACC003813,CUST01129,Current,BR028,2023-11-26,69440.36,Active
ACC003814,CUST01697,Salary,BR045,2022-09-11,479353.33,Active
ACC003815,CUST00133,Savings,BR027,2020-03-11,365266.27,Inactive
ACC003816,CUST04666,Savings,BR006,2025-08-16,163516.83,Active
ACC003817,CUST04221,Savings,BR011,2022-06-08,432369.11,Active
ACC003818,CUST03540,Savings,BR047,2023-10-26,373907.62,Active
ACC003819,CUST02989,Savings,BR021,2018-07-22,368518.37,Active
ACC003820,CUST04303,Savings,BR017,2025-12-08,367575.62,Active
ACC003821,CUST03294,Savings,BR031,2021-06-18,400625.96,Active
ACC003822,CUST00312,Savings,BR034,2025-10-18,474316.05,Active
ACC003823,CUST02430,Current,BR013,2025-07-17,69298.99,Active
ACC003824,CUST01786,Savings,BR023,2024-09-25,499761.69,Active
ACC003825,CUST04392,Savings,BR001,2021-05-22,436297.47,Active
ACC003826,CUST00402,Savings,BR004,2024-10-24,221371.98,Active
ACC003827,CUST01597,Salary,BR030,2022-04-04,79561.5,Active
ACC003828,CUST00122,Savings,BR031,2018-02-22,227440.4,Active
ACC003829,CUST00751,Savings,BR047,2019-11-03,389527.26,Active
ACC003830,CUST00106,Current,BR016,2018-01-09,301624.28,Active
ACC003831,CUST01060,Salary,BR043,2019-11-22,140495.91,Active
ACC003832,CUST04168,Current,BR003,2018-03-24,203990.56,Active
ACC003833,CUST04664,Savings,BR012,2020-11-14,477195.13,Active
ACC003834,CUST03239,Salary,BR012,2018-08-13,402106.61,Active
ACC003835,CUST01245,Current,BR011,2024-10-13,62910.62,Active
ACC003836,CUST00076,Current,BR016,2021-12-22,273150.59,Active
ACC003837,CUST01010,Savings,BR029,2021-05-02,465561.45,Active
ACC003838,CUST03283,Savings,BR021,2021-02-15,18120.09,Active
ACC003839,CUST02276,Current,BR045,2025-11-22,22231.14,Active
ACC003840,CUST03809,Salary,BR044,2023-05-02,358649.63,Active
ACC003841,CUST00453,Current,BR042,2025-09-08,288197.27,Active
ACC003842,CUST00766,Salary,BR043,2023-07-14,23953.73,Active
ACC003843,CUST04583,Savings,BR050,2023-10-27,498012.23,Active
ACC003844,CUST02716,Savings,BR005,2021-03-21,290467.55,Active
ACC003845,CUST01498,Current,BR013,2020-12-15,246472.94,Active
ACC003846,CUST03947,Current,BR017,2024-08-01,224400.82,Active
ACC003847,CUST03733,Current,BR012,2021-07-06,350641.28,Active
ACC003848,CUST04926,Salary,BR017,2019-06-19,229720.16,Active
ACC003849,CUST02839,Savings,BR001,2025-06-14,329879.31,Active
ACC003850,CUST00490,Savings,BR008,2019-07-25,244678.77,Active
ACC003851,CUST02424,Salary,BR016,2019-08-01,305748.16,Active
ACC003852,CUST01936,Savings,BR015,2024-09-19,402787.88,Active
ACC003853,CUST02750,Current,BR019,2023-12-03,408766.88,Active
ACC003854,CUST03297,Salary,BR025,2023-01-01,424675.06,Active
ACC003855,CUST04571,Savings,BR031,2024-11-26,102281.89,Active
ACC003856,CUST03692,Salary,BR042,2025-09-02,31498.83,Active
ACC003857,CUST01104,Savings,BR002,2023-01-14,418233.1,Active
ACC003858,CUST01600,Current,BR025,2018-11-27,22106.62,Active
ACC003859,CUST03282,Savings,BR031,2022-04-17,107531.88,Active
ACC003860,CUST03161,Current,BR004,2025-08-04,263573.2,Active
ACC003861,CUST03946,Current,BR004,2020-09-09,427861.28,Active
ACC003862,CUST00226,Savings,BR012,2022-03-08,448493.86,Active
ACC003863,CUST04804,Current,BR017,2018-03-29,314397.28,Active
ACC003864,CUST01715,Salary,BR021,2019-07-28,483412.59,Active
ACC003865,CUST04150,Current,BR029,2023-08-13,365241.52,Active
ACC003866,CUST02244,Salary,BR022,2022-12-03,264334.48,Active
ACC003867,CUST02893,Savings,BR036,2019-06-08,68050.92,Active
ACC003868,CUST02346,Savings,BR040,2022-05-08,214963.97,Active
ACC003869,CUST00579,Savings,BR016,2021-03-17,411348.08,Active
ACC003870,CUST01699,Salary,BR015,2024-12-28,142539.95,Active
ACC003871,CUST04596,Savings,BR030,2025-05-17,289557.3,Active
ACC003872,CUST02672,Savings,BR046,2018-03-25,491733.82,Active
ACC003873,CUST04302,Savings,BR011,2021-11-22,88037.54,Active
ACC003874,CUST02928,Savings,BR013,2024-02-10,51627.17,Active
ACC003875,CUST00279,Salary,BR023,2024-01-26,398002.74,Active
ACC003876,CUST01469,Savings,BR040,2023-11-26,13435.99,Inactive
ACC003877,CUST04773,Salary,BR041,2024-02-19,321984.71,Inactive
ACC003878,CUST00941,Savings,BR034,2020-05-01,168536.75,Active
ACC003879,CUST02319,Salary,BR020,2021-10-15,362183.09,Active
ACC003880,CUST04537,Savings,BR002,2021-01-23,61006.33,Active
ACC003881,CUST01784,Savings,BR008,2021-03-25,165691.93,Active
ACC003882,CUST01876,Savings,BR018,2018-09-29,9501.41,Active
ACC003883,CUST04644,Savings,BR007,2022-10-27,118310.41,Active
ACC003884,CUST03227,Savings,BR043,2025-02-16,242146.07,Inactive
ACC003885,CUST03729,Savings,BR031,2023-02-03,89629.09,Active
ACC003886,CUST00986,Savings,BR022,2020-06-24,300228.11,Active
ACC003887,CUST02820,Savings,BR028,2020-01-08,59955.16,Active
ACC003888,CUST03971,Current,BR025,2025-09-13,372866.55,Active
ACC003889,CUST02067,Savings,BR001,2025-08-24,460910.72,Active
ACC003890,CUST00425,Current,BR032,2025-09-19,193576.81,Active
ACC003891,CUST02106,Salary,BR025,2020-03-09,264574.83,Active
ACC003892,CUST02471,Savings,BR048,2021-04-18,244768.17,Active
ACC003893,CUST03795,Savings,BR016,2021-05-31,392912.34,Active
ACC003894,CUST02892,Savings,BR029,2023-12-04,497101.32,Active
ACC003895,CUST01684,Savings,BR042,2020-08-18,368107.3,Active
ACC003896,CUST03174,Current,BR024,2025-09-21,108050.58,Active
ACC003897,CUST03148,Savings,BR017,2018-03-07,348344.0,Active
ACC003898,CUST04062,Savings,BR042,2019-06-11,308266.23,Active
ACC003899,CUST04052,Savings,BR006,2019-03-25,105849.82,Active
ACC003900,CUST03652,Salary,BR014,2023-11-19,121239.96,Active
ACC003901,CUST04162,Current,BR026,2025-08-09,326740.62,Active
ACC003902,CUST04911,Salary,BR028,2025-02-14,404101.51,Active
ACC003903,CUST01175,Salary,BR047,2018-03-07,381439.63,Active
ACC003904,CUST02950,Savings,BR036,2021-10-05,303599.53,Active
ACC003905,CUST01810,Savings,BR031,2023-01-26,468833.6,Active
ACC003906,CUST00437,Savings,BR027,2018-04-30,365791.72,Active
ACC003907,CUST04886,Savings,BR002,2024-04-11,271416.06,Active
ACC003908,CUST00235,Savings,BR019,2019-01-24,408286.29,Active
ACC003909,CUST04771,Savings,BR028,2018-10-14,145951.51,Active
ACC003910,CUST02146,Savings,BR045,2025-10-18,132482.88,Active
ACC003911,CUST03576,Savings,BR044,2025-11-12,485756.09,Active
ACC003912,CUST04857,Salary,BR021,2022-11-26,474961.03,Active
ACC003913,CUST03562,Salary,BR045,2019-02-22,440377.57,Active
ACC003914,CUST02475,Savings,BR015,2018-12-17,107970.18,Active
ACC003915,CUST00227,Savings,BR034,2024-01-12,294256.8,Active
ACC003916,CUST02611,Savings,BR040,2021-09-23,267989.99,Active
ACC003917,CUST02276,Salary,BR003,2022-04-02,102351.13,Active
ACC003918,CUST04802,Salary,BR001,2024-02-29,224446.3,Active
ACC003919,CUST01816,Savings,BR024,2020-08-22,233107.78,Active
ACC003920,CUST03855,Savings,BR043,2023-03-24,121070.7,Active
ACC003921,CUST03996,Savings,BR027,2024-10-23,477485.53,Active
ACC003922,CUST01411,Savings,BR009,2024-08-23,246864.78,Active
ACC003923,CUST04765,Current,BR024,2018-02-17,262921.04,Active
ACC003924,CUST03380,Savings,BR017,2024-03-26,299690.87,Active
ACC003925,CUST01846,Salary,BR028,2022-10-18,443589.27,Active
ACC003926,CUST01338,Savings,BR039,2020-09-16,267121.53,Inactive
ACC003927,CUST00118,Current,BR004,2023-06-23,270941.92,Active
ACC003928,CUST01869,Savings,BR029,2023-01-15,120856.47,Active
ACC003929,CUST02098,Savings,BR045,2025-06-21,301805.78,Active
ACC003930,CUST01814,Current,BR028,2021-07-22,191193.62,Active
ACC003931,CUST01588,Salary,BR037,2023-03-08,323743.97,Inactive
ACC003932,CUST03253,Current,BR029,2020-06-16,151072.43,Active
ACC003933,CUST00543,Current,BR044,2022-10-05,358148.46,Inactive
ACC003934,CUST02375,Current,BR029,2022-04-18,309832.49,Active
ACC003935,CUST01527,Savings,BR005,2020-08-26,237767.5,Active
ACC003936,CUST03568,Current,BR011,2019-10-08,49239.54,Active
ACC003937,CUST01270,Current,BR002,2018-01-11,313857.11,Active
ACC003938,CUST00602,Savings,BR004,2024-11-08,429780.2,Active
ACC003939,CUST03615,Savings,BR010,2023-05-19,86366.12,Active
ACC003940,CUST02150,Current,BR039,2020-11-20,43275.01,Active
ACC003941,CUST03302,Salary,BR044,2025-04-04,20744.82,Active
ACC003942,CUST00388,Savings,BR008,2022-01-10,16877.55,Active
ACC003943,CUST03681,Salary,BR023,2020-08-22,421192.52,Active
ACC003944,CUST01603,Salary,BR027,2025-03-23,364079.86,Active
ACC003945,CUST03283,Savings,BR023,2025-01-05,101946.87,Active
ACC003946,CUST02697,Current,BR048,2019-02-03,458641.65,Active
ACC003947,CUST04435,Savings,BR034,2019-01-22,68534.57,Active
ACC003948,CUST04152,Savings,BR035,2025-04-19,187707.21,Active
ACC003949,CUST03834,Savings,BR017,2021-09-15,226602.04,Active
ACC003950,CUST01306,Salary,BR047,2018-05-18,38871.98,Active
ACC003951,CUST00717,Savings,BR050,2025-05-24,174389.63,Active
ACC003952,CUST03656,Salary,BR010,2022-10-15,51838.47,Active
ACC003953,CUST02992,Savings,BR002,2019-04-27,395097.42,Inactive
ACC003954,CUST00314,Salary,BR017,2018-10-27,24367.23,Active
ACC003955,CUST02281,Salary,BR031,2018-02-01,9551.15,Active
ACC003956,CUST02623,Salary,BR016,2024-11-09,366516.84,Active
ACC003957,CUST00888,Current,BR024,2019-06-26,390643.31,Active
ACC003958,CUST04343,Salary,BR007,2023-01-19,248319.38,Active
ACC003959,CUST02490,Savings,BR019,2023-09-23,159618.42,Active
ACC003960,CUST01923,Savings,BR016,2019-07-01,118990.11,Active
ACC003961,CUST04030,Savings,BR033,2020-09-10,59396.92,Active
ACC003962,CUST03064,Current,BR036,2024-10-07,242630.85,Active
ACC003963,CUST00161,Savings,BR045,2018-02-14,246053.48,Active
ACC003964,CUST02188,Savings,BR010,2023-06-03,228524.41,Active
ACC003965,CUST02352,Salary,BR043,2019-01-15,389353.04,Active
ACC003966,CUST01484,Current,BR015,2019-05-12,50788.65,Active
ACC003967,CUST03893,Salary,BR043,2023-03-31,335335.0,Active
ACC003968,CUST01738,Savings,BR003,2020-08-16,201382.09,Active
ACC003969,CUST04221,Savings,BR002,2023-12-26,121233.99,Active
ACC003970,CUST01909,Savings,BR043,2019-02-12,341115.46,Inactive
ACC003971,CUST01371,Savings,BR042,2018-07-04,99641.27,Active
ACC003972,CUST01978,Savings,BR035,2019-05-04,116227.58,Active
ACC003973,CUST03396,Savings,BR027,2023-08-28,499274.28,Active
ACC003974,CUST02455,Savings,BR005,2022-09-17,444445.69,Active
ACC003975,CUST04260,Savings,BR015,2020-12-31,348872.42,Active
ACC003976,CUST04958,Savings,BR036,2025-05-06,158565.62,Active
ACC003977,CUST02288,Savings,BR049,2018-06-20,268822.46,Active
ACC003978,CUST01237,Current,BR033,2019-02-04,64181.28,Active
ACC003979,CUST03175,Current,BR001,2022-11-14,167641.81,Active
ACC003980,CUST01207,Salary,BR012,2018-08-27,34917.3,Active
ACC003981,CUST00505,Savings,BR042,2021-09-02,305548.85,Active
ACC003982,CUST03768,Salary,BR041,2022-03-27,428890.38,Active
ACC003983,CUST04621,Salary,BR009,2018-11-16,404966.1,Active
ACC003984,CUST01404,Savings,BR020,2025-01-13,428184.55,Active
ACC003985,CUST01768,Savings,BR030,2025-01-19,88125.26,Active
ACC003986,CUST03734,Savings,BR014,2024-11-29,325392.22,Active
ACC003987,CUST00701,Current,BR023,2021-09-10,478414.28,Active
ACC003988,CUST03205,Savings,BR029,2022-01-29,391842.33,Inactive
ACC003989,CUST04146,Salary,BR042,2020-01-29,2691.8,Active
ACC003990,CUST03006,Savings,BR035,2023-09-21,441271.0,Active
ACC003991,CUST04791,Salary,BR027,2018-08-22,353184.15,Active
ACC003992,CUST04122,Salary,BR049,2019-07-10,61908.97,Active
ACC003993,CUST04083,Salary,BR027,2024-10-20,157597.47,Active
ACC003994,CUST00011,Savings,BR030,2023-05-09,59639.89,Active
ACC003995,CUST04904,Savings,BR003,2019-11-07,365175.44,Active
ACC003996,CUST02059,Current,BR012,2021-07-27,2758.42,Active
ACC003997,CUST03678,Current,BR047,2025-08-22,232796.57,Active
ACC003998,CUST02820,Savings,BR031,2020-06-26,499904.68,Active
ACC003999,CUST00973,Current,BR037,2020-03-13,425714.14,Inactive
ACC004000,CUST03793,Savings,BR027,2020-04-30,294023.64,Active
ACC004001,CUST02455,Savings,BR047,2020-09-23,347273.14,Active
ACC004002,CUST00842,Savings,BR024,2020-04-25,302215.76,Active
ACC004003,CUST04455,Salary,BR048,2023-06-30,405612.13,Active
ACC004004,CUST00285,Savings,BR041,2025-01-01,443106.43,Active
ACC004005,CUST02436,Current,BR040,2021-08-12,383529.6,Active
ACC004006,CUST02832,Savings,BR011,2018-01-22,91799.3,Active
ACC004007,CUST04521,Current,BR027,2022-09-07,186888.18,Active
ACC004008,CUST01030,Salary,BR009,2020-10-04,392419.7,Active
ACC004009,CUST04452,Savings,BR016,2023-08-07,411765.61,Active
ACC004010,CUST02967,Savings,BR014,2018-08-30,314772.56,Active
ACC004011,CUST00554,Current,BR047,2025-11-30,357358.47,Active
ACC004012,CUST00268,Salary,BR030,2025-03-10,88074.78,Inactive
ACC004013,CUST01241,Savings,BR046,2021-11-18,186960.24,Active
ACC004014,CUST04160,Savings,BR024,2019-03-29,267783.5,Active
ACC004015,CUST02490,Savings,BR042,2024-12-29,491870.49,Active
ACC004016,CUST02589,Savings,BR013,2022-06-18,399808.58,Active
ACC004017,CUST00470,Savings,BR033,2024-03-10,97117.27,Active
ACC004018,CUST03288,Salary,BR009,2024-09-22,176850.86,Active
ACC004019,CUST03937,Savings,BR049,2019-09-14,109232.25,Active
ACC004020,CUST02020,Savings,BR026,2019-07-13,76977.29,Active
ACC004021,CUST02024,Salary,BR049,2020-05-21,60870.07,Active
ACC004022,CUST01590,Savings,BR042,2025-06-08,482885.82,Active
ACC004023,CUST04974,Current,BR045,2025-03-24,453410.15,Active
ACC004024,CUST02061,Current,BR050,2020-12-04,242138.89,Active
ACC004025,CUST04318,Savings,BR013,2025-07-17,274723.77,Inactive
ACC004026,CUST01420,Savings,BR021,2021-06-14,419472.75,Active
ACC004027,CUST00881,Savings,BR029,2025-08-02,324770.34,Active
ACC004028,CUST00839,Savings,BR028,2025-09-28,366596.3,Active
ACC004029,CUST00752,Savings,BR024,2022-12-08,395779.79,Active
ACC004030,CUST00270,Salary,BR013,2019-05-22,242031.35,Active
ACC004031,CUST03370,Savings,BR042,2019-03-26,487421.65,Active
ACC004032,CUST04828,Salary,BR020,2023-03-29,314554.12,Active
ACC004033,CUST04712,Savings,BR039,2025-08-29,317109.14,Active
ACC004034,CUST03504,Salary,BR007,2019-06-22,71381.52,Active
ACC004035,CUST03961,Current,BR041,2023-02-21,493880.87,Active
ACC004036,CUST02076,Salary,BR048,2021-05-17,36316.99,Active
ACC004037,CUST01313,Savings,BR015,2021-08-06,492832.54,Active
ACC004038,CUST02285,Savings,BR025,2024-12-20,455372.23,Active
ACC004039,CUST00384,Savings,BR035,2019-12-17,428353.72,Active
ACC004040,CUST04181,Current,BR013,2019-02-04,337125.75,Active
ACC004041,CUST04342,Salary,BR043,2021-05-16,304820.19,Active
ACC004042,CUST02809,Savings,BR008,2021-12-17,498313.39,Active
ACC004043,CUST00804,Salary,BR021,2025-03-16,487024.75,Active
ACC004044,CUST04336,Salary,BR006,2021-12-30,406104.71,Active
ACC004045,CUST01097,Savings,BR010,2020-07-09,44343.88,Active
ACC004046,CUST03743,Savings,BR049,2024-07-14,186711.14,Active
ACC004047,CUST04484,Salary,BR041,2023-08-06,433097.98,Active
ACC004048,CUST03720,Savings,BR021,2022-10-06,351557.64,Active
ACC004049,CUST04772,Salary,BR014,2019-04-02,61880.1,Active
ACC004050,CUST02697,Salary,BR045,2023-02-28,174776.02,Active
ACC004051,CUST04267,Savings,BR033,2021-12-05,10693.33,Active
ACC004052,CUST00809,Current,BR025,2019-10-07,446508.83,Active
ACC004053,CUST02152,Savings,BR019,2024-05-18,373755.64,Active
ACC004054,CUST03294,Salary,BR009,2019-02-18,218494.57,Active
ACC004055,CUST01306,Savings,BR049,2022-06-02,380433.66,Active
ACC004056,CUST03460,Savings,BR047,2024-01-20,466777.67,Active
ACC004057,CUST02420,Salary,BR037,2020-04-22,140665.95,Active
ACC004058,CUST04225,Savings,BR036,2021-12-31,143622.6,Active
ACC004059,CUST01197,Current,BR036,2022-07-10,241843.09,Active
ACC004060,CUST04568,Savings,BR015,2018-06-10,353742.91,Active
ACC004061,CUST03525,Savings,BR005,2018-09-12,496525.68,Active
ACC004062,CUST01526,Current,BR017,2020-12-29,82302.8,Active
ACC004063,CUST01600,Savings,BR030,2024-09-25,171725.65,Active
ACC004064,CUST01045,Salary,BR007,2025-07-24,182356.55,Active
ACC004065,CUST02154,Savings,BR006,2023-08-05,363186.16,Active
ACC004066,CUST01868,Savings,BR015,2018-02-05,443412.3,Inactive
ACC004067,CUST01376,Savings,BR046,2025-08-09,92713.77,Active
ACC004068,CUST00612,Current,BR010,2023-07-07,357111.53,Active
ACC004069,CUST03317,Savings,BR006,2019-04-15,454901.39,Active
ACC004070,CUST01599,Savings,BR042,2018-11-05,61526.54,Active
ACC004071,CUST04950,Salary,BR041,2023-04-06,317894.93,Active
ACC004072,CUST01978,Savings,BR013,2019-04-26,101989.65,Active
ACC004073,CUST04398,Savings,BR014,2023-02-06,221129.32,Active
ACC004074,CUST00639,Savings,BR001,2025-07-14,64277.56,Active
ACC004075,CUST04167,Savings,BR033,2020-02-28,342125.98,Active
ACC004076,CUST01923,Savings,BR019,2018-10-18,201286.31,Inactive
ACC004077,CUST00646,Savings,BR009,2019-03-06,284059.09,Active
ACC004078,CUST04270,Savings,BR037,2019-08-21,262247.62,Active
ACC004079,CUST01999,Savings,BR049,2019-03-08,347298.42,Active
ACC004080,CUST00090,Savings,BR048,2022-04-07,447893.59,Active
ACC004081,CUST03279,Current,BR012,2025-05-17,140594.92,Active
ACC004082,CUST02367,Current,BR005,2019-05-20,297988.24,Active
ACC004083,CUST00824,Savings,BR006,2019-11-04,287309.42,Active
ACC004084,CUST00551,Salary,BR011,2025-10-25,158257.51,Active
ACC004085,CUST00060,Salary,BR038,2022-04-28,250293.49,Active
ACC004086,CUST04223,Salary,BR010,2021-12-03,21186.13,Active
ACC004087,CUST04179,Savings,BR015,2021-11-26,214039.6,Inactive
ACC004088,CUST01244,Current,BR050,2018-02-10,135992.92,Active
ACC004089,CUST03480,Savings,BR039,2019-01-19,432123.85,Active
ACC004090,CUST00946,Salary,BR028,2021-08-07,179538.05,Active
ACC004091,CUST01641,Savings,BR003,2022-12-21,96912.65,Active
ACC004092,CUST01953,Savings,BR016,2018-07-02,265305.94,Active
ACC004093,CUST02634,Savings,BR045,2025-09-12,405671.26,Active
ACC004094,CUST03502,Savings,BR017,2023-03-11,177668.83,Active
ACC004095,CUST00890,Savings,BR036,2020-11-29,423568.38,Active
ACC004096,CUST00574,Savings,BR019,2022-06-11,163738.65,Active
ACC004097,CUST00513,Savings,BR004,2021-08-01,368063.42,Active
ACC004098,CUST04161,Salary,BR025,2018-05-18,58510.34,Active
ACC004099,CUST01965,Salary,BR027,2018-12-01,32038.08,Active
ACC004100,CUST04052,Savings,BR012,2018-05-18,369050.38,Inactive
ACC004101,CUST02231,Savings,BR027,2022-02-06,184830.71,Inactive
ACC004102,CUST02284,Savings,BR004,2019-05-03,197104.64,Active
ACC004103,CUST04985,Savings,BR024,2019-07-30,287502.17,Active
ACC004104,CUST00612,Savings,BR017,2025-04-30,493448.21,Active
ACC004105,CUST00438,Savings,BR026,2022-06-22,86583.39,Active
ACC004106,CUST01460,Current,BR018,2021-03-15,150627.19,Active
ACC004107,CUST00524,Savings,BR022,2020-06-16,324703.12,Active
ACC004108,CUST03578,Savings,BR006,2024-09-22,350780.69,Active
ACC004109,CUST04896,Savings,BR019,2022-03-14,353366.48,Active
ACC004110,CUST03399,Savings,BR037,2021-01-13,298107.23,Active
ACC004111,CUST02262,Current,BR034,2022-05-06,294553.65,Inactive
ACC004112,CUST01024,Savings,BR011,2020-10-29,74905.37,Active
ACC004113,CUST01580,Savings,BR024,2020-05-08,417478.06,Active
ACC004114,CUST00322,Current,BR045,2021-01-17,5439.01,Active
ACC004115,CUST03127,Savings,BR037,2021-01-17,209371.05,Active
ACC004116,CUST02832,Savings,BR023,2024-03-16,108489.22,Active
ACC004117,CUST04276,Savings,BR040,2025-11-29,53065.62,Active
ACC004118,CUST02428,Savings,BR043,2018-12-16,160425.91,Active
ACC004119,CUST02981,Savings,BR004,2023-04-08,328936.46,Inactive
ACC004120,CUST03758,Current,BR018,2019-02-09,249044.37,Active
ACC004121,CUST00450,Savings,BR030,2018-02-12,436889.41,Active
ACC004122,CUST01285,Savings,BR015,2022-11-17,300243.04,Inactive
ACC004123,CUST03519,Salary,BR037,2024-04-24,127313.88,Active
ACC004124,CUST01661,Savings,BR023,2023-02-22,258095.25,Inactive
ACC004125,CUST00904,Salary,BR012,2020-05-01,114465.52,Active
ACC004126,CUST01178,Savings,BR004,2020-12-04,90149.58,Active
ACC004127,CUST00330,Current,BR004,2020-10-10,477555.24,Active
ACC004128,CUST00637,Current,BR041,2021-05-02,234548.38,Active
ACC004129,CUST01890,Salary,BR041,2022-03-22,325952.84,Active
ACC004130,CUST01868,Savings,BR014,2021-07-10,436842.71,Active
ACC004131,CUST02516,Savings,BR008,2024-10-18,161766.65,Active
ACC004132,CUST00413,Savings,BR023,2019-06-14,394723.59,Active
ACC004133,CUST03834,Salary,BR001,2023-03-26,394624.64,Active
ACC004134,CUST02416,Savings,BR011,2023-10-18,412181.94,Active
ACC004135,CUST02587,Salary,BR027,2020-11-14,95542.81,Active
ACC004136,CUST01565,Savings,BR004,2025-02-28,481457.28,Active
ACC004137,CUST04611,Savings,BR029,2019-05-28,138115.87,Active
ACC004138,CUST00481,Savings,BR017,2023-07-11,388630.57,Active
ACC004139,CUST02276,Savings,BR049,2018-07-02,81990.64,Active
ACC004140,CUST03841,Salary,BR019,2023-10-03,462189.3,Active
ACC004141,CUST03312,Savings,BR045,2021-01-09,214494.8,Active
ACC004142,CUST02883,Salary,BR049,2018-06-09,334658.07,Inactive
ACC004143,CUST03744,Savings,BR024,2023-07-01,425245.72,Active
ACC004144,CUST02520,Current,BR044,2022-01-12,141910.87,Active
ACC004145,CUST04614,Current,BR046,2020-01-08,195109.01,Active
ACC004146,CUST04401,Savings,BR041,2024-04-30,157381.21,Active
ACC004147,CUST00655,Savings,BR044,2025-04-22,142152.39,Active
ACC004148,CUST01978,Savings,BR032,2023-06-01,255640.42,Active
ACC004149,CUST00181,Savings,BR031,2018-07-20,273825.75,Active
ACC004150,CUST04126,Salary,BR049,2021-07-31,39334.55,Active
ACC004151,CUST03020,Salary,BR016,2024-01-04,336973.14,Active
ACC004152,CUST00765,Current,BR032,2022-01-03,210580.65,Active
ACC004153,CUST04136,Current,BR044,2019-12-12,444875.14,Active
ACC004154,CUST02367,Savings,BR042,2022-11-05,442875.69,Active
ACC004155,CUST03299,Savings,BR034,2025-02-07,360326.3,Active
ACC004156,CUST02780,Salary,BR035,2023-04-23,427037.81,Active
ACC004157,CUST04988,Savings,BR037,2021-05-17,461334.53,Active
ACC004158,CUST02372,Current,BR016,2020-05-21,289087.11,Active
ACC004159,CUST03391,Current,BR021,2019-07-29,485981.27,Active
ACC004160,CUST01783,Savings,BR013,2018-03-23,477744.03,Active
ACC004161,CUST04781,Savings,BR018,2018-09-20,55831.45,Active
ACC004162,CUST01065,Current,BR002,2018-10-13,261854.76,Active
ACC004163,CUST02457,Savings,BR033,2018-01-23,58119.26,Active
ACC004164,CUST01347,Salary,BR041,2023-07-25,342382.65,Active
ACC004165,CUST02228,Savings,BR018,2024-06-08,382872.62,Active
ACC004166,CUST01183,Savings,BR028,2018-07-25,442454.31,Active
ACC004167,CUST04133,Savings,BR037,2021-12-26,325354.76,Active
ACC004168,CUST02454,Current,BR035,2018-04-05,227542.39,Active
ACC004169,CUST00539,Savings,BR037,2024-11-27,78812.56,Active
ACC004170,CUST02424,Savings,BR012,2021-10-31,63426.89,Active
ACC004171,CUST02304,Savings,BR040,2018-05-17,243347.98,Active
ACC004172,CUST00249,Savings,BR008,2024-01-08,416441.3,Active
ACC004173,CUST04789,Savings,BR025,2023-07-31,375608.65,Active
ACC004174,CUST01041,Savings,BR007,2025-07-13,440520.08,Active
ACC004175,CUST01392,Savings,BR002,2024-02-28,405684.12,Active
ACC004176,CUST02173,Savings,BR033,2020-07-31,103527.81,Active
ACC004177,CUST01336,Savings,BR033,2018-03-15,100961.88,Active
ACC004178,CUST02260,Savings,BR040,2021-09-07,229548.64,Active
ACC004179,CUST00500,Savings,BR049,2019-07-03,96386.71,Active
ACC004180,CUST00811,Savings,BR023,2025-05-08,94549.66,Inactive
ACC004181,CUST04985,Savings,BR005,2020-09-26,134621.69,Inactive
ACC004182,CUST03714,Salary,BR014,2020-10-21,12261.03,Active
ACC004183,CUST03705,Savings,BR008,2023-05-22,286099.99,Active
ACC004184,CUST01211,Current,BR020,2021-09-23,198906.78,Active
ACC004185,CUST03746,Savings,BR018,2018-10-18,119460.51,Active
ACC004186,CUST01987,Salary,BR023,2018-03-12,67977.73,Active
ACC004187,CUST01492,Salary,BR029,2018-04-18,228469.28,Active
ACC004188,CUST04271,Savings,BR007,2025-03-30,301377.24,Active
ACC004189,CUST03049,Salary,BR024,2021-04-19,486665.39,Inactive
ACC004190,CUST04920,Savings,BR046,2023-01-08,127658.11,Active
ACC004191,CUST02935,Savings,BR025,2021-07-12,14141.12,Active
ACC004192,CUST04365,Savings,BR014,2024-02-29,368271.54,Active
ACC004193,CUST01818,Savings,BR038,2022-02-07,118349.62,Active
ACC004194,CUST04320,Savings,BR003,2023-07-17,242647.57,Active
ACC004195,CUST01276,Savings,BR046,2021-05-28,404304.37,Active
ACC004196,CUST03023,Savings,BR014,2019-07-23,19451.45,Active
ACC004197,CUST02878,Current,BR003,2021-01-10,71618.11,Active
ACC004198,CUST04015,Savings,BR042,2018-06-13,49989.85,Active
ACC004199,CUST04088,Savings,BR009,2020-07-18,117629.46,Active
ACC004200,CUST01148,Savings,BR007,2021-07-16,87342.91,Active
ACC004201,CUST00238,Savings,BR026,2021-04-21,158984.31,Active
ACC004202,CUST02123,Savings,BR007,2023-05-20,373405.99,Active
ACC004203,CUST04596,Savings,BR007,2018-06-29,22129.53,Active
ACC004204,CUST01546,Savings,BR044,2025-03-30,37808.18,Active
ACC004205,CUST03984,Savings,BR036,2019-04-17,282597.59,Active
ACC004206,CUST04364,Salary,BR013,2021-02-08,260609.62,Active
ACC004207,CUST00987,Savings,BR003,2019-06-16,237563.46,Active
ACC004208,CUST01624,Savings,BR020,2023-06-13,258438.56,Active
ACC004209,CUST03122,Savings,BR009,2019-09-01,371277.41,Active
ACC004210,CUST03727,Salary,BR022,2024-10-14,288480.91,Active
ACC004211,CUST03902,Current,BR045,2020-12-18,229029.6,Active
ACC004212,CUST00723,Savings,BR033,2020-09-01,41793.75,Active
ACC004213,CUST01096,Savings,BR023,2020-09-01,487410.79,Active
ACC004214,CUST03828,Savings,BR023,2018-08-12,120427.49,Active
ACC004215,CUST04286,Savings,BR038,2025-10-28,434709.8,Active
ACC004216,CUST00996,Current,BR026,2018-07-08,190109.88,Active
ACC004217,CUST04662,Savings,BR032,2018-02-28,342284.31,Active
ACC004218,CUST00993,Savings,BR028,2020-10-28,227610.73,Active
ACC004219,CUST02784,Savings,BR030,2022-02-16,177727.21,Active
ACC004220,CUST00156,Current,BR040,2020-04-04,307538.22,Active
ACC004221,CUST01896,Savings,BR017,2019-02-10,268517.1,Active
ACC004222,CUST01777,Salary,BR018,2019-09-06,116983.77,Active
ACC004223,CUST04769,Savings,BR025,2023-02-19,168784.66,Active
ACC004224,CUST02117,Current,BR004,2020-11-10,18154.02,Active
ACC004225,CUST02421,Savings,BR026,2019-01-19,97598.23,Active
ACC004226,CUST00055,Savings,BR031,2019-02-16,168580.67,Active
ACC004227,CUST00085,Current,BR012,2023-04-27,486088.53,Active
ACC004228,CUST02889,Salary,BR048,2025-08-07,264017.38,Active
ACC004229,CUST04688,Savings,BR018,2024-03-28,350697.32,Inactive
ACC004230,CUST02780,Current,BR010,2024-04-02,337126.58,Inactive
ACC004231,CUST02670,Current,BR036,2019-10-25,490463.08,Active
ACC004232,CUST03837,Savings,BR002,2022-05-23,278276.97,Active
ACC004233,CUST01009,Salary,BR025,2018-02-15,293161.72,Active
ACC004234,CUST02365,Savings,BR047,2018-08-10,150735.02,Active
ACC004235,CUST03687,Current,BR009,2020-01-22,313432.8,Active
ACC004236,CUST04348,Savings,BR047,2024-01-13,379104.49,Active
ACC004237,CUST02200,Savings,BR032,2020-03-28,52523.44,Active
ACC004238,CUST01360,Salary,BR005,2021-06-22,240582.24,Active
ACC004239,CUST00910,Savings,BR003,2025-03-07,211528.2,Active
ACC004240,CUST03440,Savings,BR017,2018-01-10,57678.67,Active
ACC004241,CUST02914,Salary,BR013,2023-11-07,171302.61,Active
ACC004242,CUST04696,Salary,BR003,2024-07-01,268054.14,Active
ACC004243,CUST01007,Savings,BR028,2024-05-22,325284.82,Active
ACC004244,CUST03053,Savings,BR004,2018-08-03,145158.3,Active
ACC004245,CUST01144,Current,BR018,2020-09-22,238673.5,Active
ACC004246,CUST04399,Savings,BR035,2023-02-15,367305.65,Active
ACC004247,CUST03221,Savings,BR014,2020-12-31,211701.63,Active
ACC004248,CUST01225,Savings,BR016,2021-05-16,470445.79,Active
ACC004249,CUST03879,Savings,BR012,2022-07-23,16322.37,Active
ACC004250,CUST04496,Savings,BR011,2020-09-08,130853.4,Active
ACC004251,CUST00068,Current,BR002,2019-02-06,67562.23,Active
ACC004252,CUST04250,Current,BR033,2019-09-04,271104.05,Active
ACC004253,CUST01015,Savings,BR013,2025-01-14,89509.38,Inactive
ACC004254,CUST00182,Savings,BR030,2024-07-15,371178.37,Active
ACC004255,CUST04621,Savings,BR026,2020-04-08,459256.66,Active
ACC004256,CUST04116,Savings,BR050,2020-06-24,104392.63,Active
ACC004257,CUST04947,Savings,BR018,2018-12-23,453474.79,Active
ACC004258,CUST02946,Current,BR013,2024-08-22,316245.86,Active
ACC004259,CUST02058,Savings,BR004,2021-09-01,98889.15,Active
ACC004260,CUST02748,Current,BR033,2023-03-21,368536.19,Active
ACC004261,CUST01881,Current,BR015,2023-10-24,46345.96,Active
ACC004262,CUST03603,Savings,BR017,2021-01-27,346381.96,Active
ACC004263,CUST00655,Savings,BR006,2018-09-22,430769.4,Active
ACC004264,CUST03687,Salary,BR005,2022-11-14,475237.63,Active
ACC004265,CUST02289,Current,BR033,2021-01-11,28211.03,Inactive
ACC004266,CUST02200,Salary,BR016,2023-01-03,31905.86,Active
ACC004267,CUST02832,Savings,BR046,2022-05-25,465272.04,Active
ACC004268,CUST03409,Salary,BR024,2018-08-16,395006.69,Active
ACC004269,CUST02236,Savings,BR005,2023-06-12,387359.32,Active
ACC004270,CUST02512,Savings,BR003,2023-12-19,371568.24,Active
ACC004271,CUST00722,Savings,BR035,2023-04-08,358947.48,Active
ACC004272,CUST03249,Savings,BR027,2022-05-11,306998.22,Active
ACC004273,CUST01201,Current,BR012,2019-06-29,406557.28,Active
ACC004274,CUST04977,Savings,BR050,2018-09-01,18052.03,Active
ACC004275,CUST02463,Salary,BR041,2021-06-03,370410.75,Active
ACC004276,CUST04674,Savings,BR025,2024-03-25,291875.83,Active
ACC004277,CUST00310,Salary,BR017,2024-04-11,453822.09,Active
ACC004278,CUST01026,Savings,BR049,2023-05-07,468250.55,Active
ACC004279,CUST04413,Current,BR020,2019-03-20,121423.92,Active
ACC004280,CUST01533,Savings,BR028,2019-09-07,394940.58,Inactive
ACC004281,CUST03644,Savings,BR050,2023-01-11,478542.36,Active
ACC004282,CUST00368,Current,BR035,2020-04-04,134058.11,Active
ACC004283,CUST04651,Savings,BR050,2020-07-24,425691.29,Active
ACC004284,CUST02653,Savings,BR015,2022-10-11,293678.3,Active
ACC004285,CUST01250,Current,BR033,2019-01-17,198102.6,Active
ACC004286,CUST02984,Savings,BR003,2025-05-10,411981.09,Active
ACC004287,CUST04576,Savings,BR007,2019-06-06,435279.23,Active
ACC004288,CUST03029,Savings,BR010,2020-04-21,142040.76,Active
ACC004289,CUST03135,Savings,BR041,2022-05-21,397437.02,Active
ACC004290,CUST04096,Current,BR026,2023-02-20,25781.08,Active
ACC004291,CUST00940,Savings,BR041,2024-01-15,209413.63,Active
ACC004292,CUST04110,Savings,BR040,2019-07-01,35822.85,Active
ACC004293,CUST04238,Current,BR006,2024-12-28,147623.98,Active
ACC004294,CUST04024,Current,BR033,2025-11-08,475232.11,Active
ACC004295,CUST03692,Salary,BR016,2018-06-16,367633.99,Active
ACC004296,CUST00590,Savings,BR024,2023-09-01,378044.16,Active
ACC004297,CUST01783,Savings,BR030,2023-10-16,68108.7,Active
ACC004298,CUST04569,Savings,BR010,2025-07-20,289764.27,Active
ACC004299,CUST01208,Savings,BR011,2025-04-13,195028.88,Active
ACC004300,CUST04413,Savings,BR044,2020-04-27,367355.9,Active
ACC004301,CUST04541,Salary,BR022,2025-03-19,79385.77,Active
ACC004302,CUST02344,Salary,BR003,2018-01-17,141678.7,Active
ACC004303,CUST00847,Savings,BR038,2025-05-30,449387.81,Active
ACC004304,CUST02425,Savings,BR040,2025-09-10,85720.03,Active
ACC004305,CUST04681,Savings,BR023,2018-09-12,316573.59,Active
ACC004306,CUST00799,Salary,BR045,2018-11-24,158260.79,Active
ACC004307,CUST00471,Salary,BR019,2023-06-21,41860.76,Active
ACC004308,CUST03910,Savings,BR040,2018-12-12,112617.51,Active
ACC004309,CUST04828,Current,BR013,2024-04-06,434835.26,Active
ACC004310,CUST02095,Savings,BR036,2022-02-05,455364.24,Active
ACC004311,CUST02995,Savings,BR003,2024-06-12,210496.96,Active
ACC004312,CUST03130,Savings,BR022,2018-06-25,310829.57,Active
ACC004313,CUST01314,Savings,BR025,2024-06-18,260728.55,Inactive
ACC004314,CUST02879,Savings,BR020,2019-06-28,140567.33,Active
ACC004315,CUST03516,Savings,BR028,2024-07-10,173052.86,Active
ACC004316,CUST01048,Savings,BR003,2025-11-23,263883.42,Active
ACC004317,CUST01088,Savings,BR022,2025-07-11,347985.66,Active
ACC004318,CUST03682,Current,BR044,2021-09-18,175578.23,Active
ACC004319,CUST00283,Savings,BR037,2021-03-09,349758.52,Active
ACC004320,CUST03649,Salary,BR038,2022-12-12,480529.43,Active
ACC004321,CUST01399,Savings,BR018,2021-08-01,13254.02,Active
ACC004322,CUST02734,Savings,BR020,2021-09-28,82754.68,Inactive
ACC004323,CUST04068,Savings,BR046,2024-05-05,458219.33,Active
ACC004324,CUST02358,Savings,BR005,2025-10-24,36713.29,Active
ACC004325,CUST02936,Savings,BR043,2018-07-05,382758.33,Inactive
ACC004326,CUST03819,Savings,BR009,2018-04-20,312365.15,Active
ACC004327,CUST03239,Salary,BR029,2020-02-06,24802.75,Active
ACC004328,CUST01773,Current,BR017,2018-02-04,1363.01,Active
ACC004329,CUST04078,Salary,BR012,2021-05-30,251497.57,Active
ACC004330,CUST04103,Savings,BR026,2022-07-04,59555.37,Active
ACC004331,CUST00788,Savings,BR033,2022-11-05,436235.56,Inactive
ACC004332,CUST03225,Savings,BR033,2020-03-08,240906.55,Active
ACC004333,CUST00043,Current,BR036,2025-05-02,117987.54,Active
ACC004334,CUST04297,Salary,BR029,2018-01-10,84934.24,Active
ACC004335,CUST02943,Salary,BR022,2024-03-06,418050.54,Active
ACC004336,CUST04644,Savings,BR018,2022-07-18,359650.64,Active
ACC004337,CUST04322,Savings,BR017,2018-02-07,359263.42,Active
ACC004338,CUST03906,Savings,BR044,2023-06-02,43568.07,Active
ACC004339,CUST04729,Savings,BR024,2023-11-12,312634.38,Inactive
ACC004340,CUST03411,Savings,BR022,2020-06-05,434871.81,Active
ACC004341,CUST01359,Savings,BR044,2021-04-01,383184.41,Active
ACC004342,CUST01205,Savings,BR005,2025-11-26,59960.19,Inactive
ACC004343,CUST03605,Savings,BR001,2025-05-23,474690.41,Active
ACC004344,CUST02994,Savings,BR019,2024-04-08,35797.45,Active
ACC004345,CUST02242,Current,BR030,2025-06-22,278895.25,Active
ACC004346,CUST00538,Savings,BR039,2023-11-16,472561.15,Active
ACC004347,CUST04012,Savings,BR015,2019-08-02,411306.11,Active
ACC004348,CUST03869,Current,BR046,2025-04-17,340733.67,Active
ACC004349,CUST04577,Savings,BR035,2018-05-21,428315.49,Active
ACC004350,CUST04526,Savings,BR005,2018-07-22,336967.38,Active
ACC004351,CUST03584,Salary,BR006,2022-02-20,28419.46,Inactive
ACC004352,CUST01351,Savings,BR025,2023-07-08,176085.1,Active
ACC004353,CUST00945,Savings,BR011,2024-09-30,214134.14,Active
ACC004354,CUST03857,Savings,BR022,2025-10-20,273642.25,Active
ACC004355,CUST01824,Savings,BR034,2020-08-03,115590.58,Active
ACC004356,CUST02626,Savings,BR044,2023-12-25,440705.04,Active
ACC004357,CUST03899,Savings,BR014,2020-02-14,115121.63,Active
ACC004358,CUST03488,Savings,BR009,2020-06-23,329139.24,Active
ACC004359,CUST04207,Salary,BR020,2019-09-10,438427.11,Active
ACC004360,CUST04308,Savings,BR016,2020-07-10,366673.72,Active
ACC004361,CUST00851,Current,BR017,2022-12-02,68870.3,Active
ACC004362,CUST02926,Savings,BR017,2025-04-26,475745.7,Active
ACC004363,CUST00996,Savings,BR034,2025-11-21,46866.37,Active
ACC004364,CUST04762,Savings,BR042,2021-02-13,100833.55,Active
ACC004365,CUST00350,Current,BR011,2018-05-18,70482.3,Active
ACC004366,CUST01538,Current,BR035,2024-09-28,333791.61,Active
ACC004367,CUST02978,Savings,BR034,2025-04-21,403897.63,Active
ACC004368,CUST02729,Savings,BR036,2018-09-05,119769.92,Active
ACC004369,CUST04347,Salary,BR008,2019-06-10,489645.0,Active
ACC004370,CUST02367,Salary,BR019,2022-06-02,70482.65,Active
ACC004371,CUST02237,Savings,BR050,2018-08-13,158618.39,Active
ACC004372,CUST03876,Savings,BR033,2021-02-18,245664.31,Active
ACC004373,CUST03095,Salary,BR023,2020-01-05,404614.95,Active
ACC004374,CUST03602,Savings,BR002,2019-12-22,188894.72,Active
ACC004375,CUST04175,Current,BR008,2019-04-08,90768.28,Active
ACC004376,CUST04642,Savings,BR029,2024-04-06,233003.19,Active
ACC004377,CUST00924,Current,BR042,2018-01-21,238771.15,Active
ACC004378,CUST00619,Savings,BR007,2024-10-31,9086.4,Active
ACC004379,CUST04401,Savings,BR049,2022-12-26,11423.31,Active
ACC004380,CUST03263,Savings,BR029,2023-06-02,139541.76,Active
ACC004381,CUST03304,Salary,BR031,2019-03-24,370869.19,Active
ACC004382,CUST02602,Current,BR030,2023-05-18,183629.16,Active
ACC004383,CUST01048,Salary,BR035,2018-09-12,106390.99,Active
ACC004384,CUST01699,Salary,BR025,2021-03-31,57374.34,Active
ACC004385,CUST02231,Savings,BR047,2018-10-30,140980.59,Active
ACC004386,CUST01869,Savings,BR004,2022-11-23,241238.17,Active
ACC004387,CUST02655,Current,BR049,2020-02-16,47596.36,Active
ACC004388,CUST00083,Salary,BR043,2019-09-16,8452.03,Active
ACC004389,CUST00093,Savings,BR038,2020-11-19,64526.21,Active
ACC004390,CUST03157,Savings,BR017,2021-12-30,369251.78,Active
ACC004391,CUST03049,Savings,BR010,2024-09-01,233688.56,Active
ACC004392,CUST01468,Savings,BR001,2019-11-11,223138.46,Active
ACC004393,CUST02025,Current,BR018,2019-04-25,10856.56,Active
ACC004394,CUST04870,Current,BR046,2025-04-09,355761.3,Active
ACC004395,CUST03818,Current,BR019,2018-05-15,101752.54,Active
ACC004396,CUST02699,Salary,BR050,2020-11-27,46341.89,Active
ACC004397,CUST00792,Savings,BR032,2018-10-15,421174.42,Active
ACC004398,CUST00476,Savings,BR031,2020-12-28,243318.37,Active
ACC004399,CUST00504,Salary,BR033,2025-08-25,374717.61,Active
ACC004400,CUST00231,Savings,BR022,2024-02-18,411120.56,Active
ACC004401,CUST01587,Savings,BR001,2021-02-17,482343.87,Active
ACC004402,CUST01775,Current,BR041,2024-09-14,312226.05,Active
ACC004403,CUST03091,Salary,BR046,2021-11-24,35070.74,Active
ACC004404,CUST02257,Current,BR035,2020-06-27,279286.41,Active
ACC004405,CUST03971,Current,BR044,2019-10-20,255251.8,Active
ACC004406,CUST04227,Savings,BR049,2022-10-06,29724.34,Active
ACC004407,CUST04839,Savings,BR017,2022-06-10,153844.73,Active
ACC004408,CUST00384,Salary,BR034,2024-11-21,206676.82,Active
ACC004409,CUST03164,Current,BR029,2020-06-11,81326.69,Inactive
ACC004410,CUST02410,Savings,BR006,2024-01-11,5372.06,Active
ACC004411,CUST00761,Savings,BR001,2021-04-08,378732.14,Active
ACC004412,CUST03953,Current,BR027,2019-11-10,425965.57,Active
ACC004413,CUST00943,Savings,BR012,2025-07-07,115321.72,Active
ACC004414,CUST02696,Current,BR004,2024-06-11,2896.37,Active
ACC004415,CUST01297,Savings,BR016,2022-07-07,445078.54,Active
ACC004416,CUST02403,Savings,BR011,2022-08-07,67846.03,Active
ACC004417,CUST02148,Current,BR020,2024-07-29,202211.48,Active
ACC004418,CUST01640,Savings,BR026,2020-06-25,183617.16,Inactive
ACC004419,CUST04397,Savings,BR028,2021-05-19,82966.44,Active
ACC004420,CUST00609,Salary,BR042,2022-09-23,299806.47,Active
ACC004421,CUST00882,Current,BR008,2025-10-16,459352.5,Active
ACC004422,CUST02251,Savings,BR002,2025-07-04,257347.94,Active
ACC004423,CUST03093,Savings,BR040,2022-01-18,486483.28,Active
ACC004424,CUST02160,Savings,BR026,2022-08-18,96195.11,Active
ACC004425,CUST02429,Savings,BR027,2020-05-03,424402.67,Active
ACC004426,CUST04851,Savings,BR033,2024-02-18,129197.13,Active
ACC004427,CUST03002,Savings,BR007,2019-08-16,126020.21,Inactive
ACC004428,CUST04892,Savings,BR046,2020-08-25,59728.04,Active
ACC004429,CUST01995,Savings,BR036,2020-10-16,431952.87,Inactive
ACC004430,CUST01324,Savings,BR021,2020-06-16,362804.31,Inactive
ACC004431,CUST04318,Savings,BR049,2022-05-04,171486.76,Active
ACC004432,CUST01012,Salary,BR034,2020-03-26,175358.99,Active
ACC004433,CUST04039,Salary,BR023,2025-02-27,422552.51,Active
ACC004434,CUST00689,Savings,BR034,2023-02-15,463863.29,Active
ACC004435,CUST04069,Current,BR040,2020-12-26,301610.53,Active
ACC004436,CUST04214,Current,BR007,2019-09-19,204012.84,Active
ACC004437,CUST04270,Savings,BR026,2018-04-22,27518.67,Active
ACC004438,CUST01243,Savings,BR040,2019-11-02,64155.94,Active
ACC004439,CUST03448,Savings,BR049,2018-01-26,71752.12,Active
ACC004440,CUST02045,Savings,BR017,2019-09-14,139124.87,Active
ACC004441,CUST00441,Savings,BR031,2020-12-25,129258.88,Active
ACC004442,CUST01225,Salary,BR039,2019-12-18,271897.94,Active
ACC004443,CUST02463,Current,BR025,2025-04-14,472105.84,Active
ACC004444,CUST04179,Salary,BR037,2022-10-08,430968.85,Active
ACC004445,CUST02753,Salary,BR015,2025-03-14,255072.34,Active
ACC004446,CUST01753,Salary,BR002,2024-11-11,9631.83,Active
ACC004447,CUST04443,Savings,BR011,2019-01-04,35131.05,Active
ACC004448,CUST04630,Savings,BR032,2025-08-06,430315.1,Active
ACC004449,CUST03003,Savings,BR030,2023-01-20,142531.38,Active
ACC004450,CUST04547,Current,BR017,2018-05-22,159727.12,Active
ACC004451,CUST03217,Savings,BR024,2018-01-14,70748.95,Active
ACC004452,CUST03360,Salary,BR045,2025-07-21,112333.59,Active
ACC004453,CUST03943,Salary,BR004,2019-06-15,124346.9,Active
ACC004454,CUST03297,Savings,BR050,2025-11-14,206634.64,Active
ACC004455,CUST04310,Savings,BR046,2025-11-18,311949.61,Active
ACC004456,CUST04015,Salary,BR032,2019-03-14,177224.89,Inactive
ACC004457,CUST00900,Savings,BR019,2019-01-18,225481.77,Active
ACC004458,CUST01190,Savings,BR003,2020-07-03,91768.15,Active
ACC004459,CUST00653,Salary,BR004,2021-07-13,29138.46,Active
ACC004460,CUST00983,Current,BR025,2025-10-23,174771.95,Active
ACC004461,CUST00576,Savings,BR009,2020-08-30,32183.24,Active
ACC004462,CUST00333,Salary,BR021,2022-08-08,150560.35,Active
ACC004463,CUST04308,Savings,BR023,2023-07-31,418961.8,Active
ACC004464,CUST00289,Current,BR046,2024-09-18,184098.49,Active
ACC004465,CUST02214,Current,BR029,2020-06-04,97437.62,Active
ACC004466,CUST02174,Savings,BR030,2022-08-11,451131.7,Active
ACC004467,CUST03834,Savings,BR025,2018-03-20,320035.32,Active
ACC004468,CUST01056,Salary,BR049,2018-11-05,494137.65,Inactive
ACC004469,CUST04370,Savings,BR029,2019-12-28,150825.46,Active
ACC004470,CUST01325,Savings,BR034,2021-12-22,100984.17,Active
ACC004471,CUST03596,Savings,BR014,2022-09-26,149672.2,Active
ACC004472,CUST03828,Savings,BR022,2022-09-10,406433.69,Active
ACC004473,CUST02663,Salary,BR048,2021-09-20,76612.74,Active
ACC004474,CUST02324,Savings,BR016,2019-12-14,121298.07,Active
ACC004475,CUST01883,Current,BR011,2020-08-08,351114.85,Active
ACC004476,CUST03064,Savings,BR014,2021-12-06,369262.22,Active
ACC004477,CUST01154,Salary,BR007,2019-04-15,479461.83,Active
ACC004478,CUST03371,Savings,BR005,2022-03-19,490095.69,Active
ACC004479,CUST00097,Savings,BR040,2025-02-25,332102.03,Active
ACC004480,CUST00277,Salary,BR029,2020-07-26,182034.52,Active
ACC004481,CUST02848,Savings,BR017,2023-12-09,227054.07,Active
ACC004482,CUST00332,Savings,BR030,2024-01-07,220194.59,Active
ACC004483,CUST02253,Salary,BR025,2024-01-10,194301.61,Active
ACC004484,CUST04199,Current,BR014,2022-10-19,169784.37,Active
ACC004485,CUST03052,Current,BR042,2023-05-06,84782.26,Active
ACC004486,CUST03697,Savings,BR022,2022-07-29,183713.36,Inactive
ACC004487,CUST02408,Savings,BR044,2021-07-03,484645.64,Active
ACC004488,CUST03203,Savings,BR005,2019-07-28,441196.02,Active
ACC004489,CUST02087,Salary,BR040,2023-10-17,309045.99,Active
ACC004490,CUST00307,Salary,BR028,2018-08-13,97210.18,Active
ACC004491,CUST00884,Savings,BR012,2020-04-26,439453.71,Active
ACC004492,CUST04290,Savings,BR036,2025-02-18,156621.13,Active
ACC004493,CUST03590,Savings,BR013,2024-04-13,273311.72,Active
ACC004494,CUST03642,Savings,BR021,2021-09-01,455985.6,Active
ACC004495,CUST04345,Savings,BR032,2018-10-19,168010.36,Active
ACC004496,CUST02163,Current,BR049,2024-03-11,456758.02,Active
ACC004497,CUST03148,Salary,BR021,2025-09-16,118329.05,Active
ACC004498,CUST02784,Current,BR037,2022-05-03,464422.85,Inactive
ACC004499,CUST03142,Current,BR038,2025-04-06,179974.07,Active
ACC004500,CUST04604,Current,BR009,2020-08-28,187926.0,Active
ACC004501,CUST00155,Current,BR037,2021-05-01,276950.95,Active
ACC004502,CUST03631,Savings,BR002,2020-10-07,174166.21,Active
ACC004503,CUST00461,Savings,BR003,2022-06-27,225541.22,Active
ACC004504,CUST01397,Savings,BR043,2021-12-28,251160.66,Active
ACC004505,CUST00791,Current,BR010,2023-10-23,246018.75,Active
ACC004506,CUST03710,Salary,BR035,2019-09-17,480593.62,Active
ACC004507,CUST01868,Savings,BR009,2025-06-04,141612.44,Active
ACC004508,CUST01689,Salary,BR040,2021-07-10,143005.21,Active
ACC004509,CUST00577,Savings,BR048,2018-02-27,419122.92,Inactive
ACC004510,CUST03765,Current,BR032,2022-08-12,196612.41,Active
ACC004511,CUST02544,Salary,BR021,2025-08-05,37525.37,Active
ACC004512,CUST00362,Current,BR034,2021-07-28,241145.74,Active
ACC004513,CUST00457,Salary,BR025,2022-06-19,275564.23,Active
ACC004514,CUST03250,Savings,BR042,2018-07-27,309228.67,Active
ACC004515,CUST04225,Savings,BR032,2023-03-23,118311.54,Inactive
ACC004516,CUST03562,Savings,BR046,2021-03-12,486656.46,Active
ACC004517,CUST03111,Savings,BR037,2019-02-17,368772.12,Active
ACC004518,CUST03530,Salary,BR022,2022-06-07,360350.21,Active
ACC004519,CUST04908,Savings,BR025,2020-12-11,436563.36,Active
ACC004520,CUST04969,Current,BR001,2020-11-06,14037.65,Active
ACC004521,CUST00350,Current,BR045,2025-08-09,306957.97,Active
ACC004522,CUST02693,Savings,BR036,2020-01-10,409100.62,Active
ACC004523,CUST04548,Savings,BR021,2020-03-14,18152.5,Active
ACC004524,CUST04084,Savings,BR041,2019-02-23,378316.71,Active
ACC004525,CUST00109,Savings,BR016,2020-07-07,494858.93,Active
ACC004526,CUST01232,Savings,BR032,2024-02-27,297111.76,Active
ACC004527,CUST00577,Savings,BR021,2022-01-05,212921.5,Active
ACC004528,CUST00241,Savings,BR028,2022-03-06,227350.57,Active
ACC004529,CUST02639,Current,BR019,2018-03-21,340060.91,Active
ACC004530,CUST02042,Current,BR014,2024-02-15,285407.92,Active
ACC004531,CUST00371,Current,BR023,2022-02-12,393997.55,Active
ACC004532,CUST02153,Savings,BR024,2020-04-07,211397.14,Active
ACC004533,CUST00098,Salary,BR020,2025-09-02,209245.0,Active
ACC004534,CUST04192,Salary,BR032,2025-11-13,373236.72,Active
ACC004535,CUST01949,Salary,BR040,2022-06-06,323113.82,Active
ACC004536,CUST01496,Savings,BR010,2020-12-03,389270.92,Active
ACC004537,CUST02094,Salary,BR001,2021-03-31,443694.7,Active
ACC004538,CUST02938,Current,BR031,2022-10-23,132439.52,Inactive
ACC004539,CUST02079,Savings,BR037,2022-08-12,158202.9,Active
ACC004540,CUST02456,Savings,BR015,2022-07-18,263948.42,Active
ACC004541,CUST03447,Current,BR040,2019-05-25,465295.94,Active
ACC004542,CUST01406,Savings,BR031,2022-03-17,417509.26,Active
ACC004543,CUST04812,Savings,BR028,2019-11-26,234754.41,Active
ACC004544,CUST02692,Savings,BR010,2021-01-25,286986.32,Active
ACC004545,CUST02746,Current,BR006,2023-08-31,356442.75,Active
ACC004546,CUST00973,Salary,BR015,2021-10-10,261817.36,Inactive
ACC004547,CUST02749,Savings,BR047,2023-05-29,50125.91,Active
ACC004548,CUST01513,Current,BR027,2022-03-09,177015.66,Inactive
ACC004549,CUST02924,Savings,BR010,2021-11-28,24758.52,Active
ACC004550,CUST00809,Current,BR021,2021-05-31,335262.81,Active
ACC004551,CUST04695,Savings,BR019,2019-02-04,169224.77,Active
ACC004552,CUST04231,Salary,BR004,2023-07-30,369442.98,Active
ACC004553,CUST00328,Savings,BR022,2025-02-20,215425.37,Active
ACC004554,CUST04295,Savings,BR038,2019-05-04,23748.58,Active
ACC004555,CUST00683,Savings,BR015,2018-10-15,190428.4,Active
ACC004556,CUST03332,Salary,BR006,2021-11-04,110128.58,Active
ACC004557,CUST00124,Salary,BR050,2019-03-13,107931.08,Active
ACC004558,CUST00754,Savings,BR011,2023-12-18,189427.31,Active
ACC004559,CUST01607,Savings,BR044,2019-03-17,489184.83,Inactive
ACC004560,CUST03579,Current,BR030,2022-02-25,480074.56,Active
ACC004561,CUST04667,Salary,BR040,2020-02-29,401923.66,Active
ACC004562,CUST01469,Savings,BR024,2020-09-23,123488.16,Inactive
ACC004563,CUST02846,Savings,BR022,2021-06-22,382200.62,Active
ACC004564,CUST02939,Savings,BR030,2025-07-31,8666.36,Active
ACC004565,CUST01927,Savings,BR046,2025-12-21,29118.18,Active
ACC004566,CUST02428,Savings,BR004,2024-03-27,418030.65,Inactive
ACC004567,CUST00165,Savings,BR050,2024-11-17,282554.06,Active
ACC004568,CUST01510,Savings,BR006,2018-07-05,187280.53,Active
ACC004569,CUST04711,Current,BR038,2018-06-11,370488.72,Active
ACC004570,CUST04093,Salary,BR026,2024-09-14,58067.13,Active
ACC004571,CUST02811,Salary,BR019,2022-01-19,144056.54,Active
ACC004572,CUST01201,Current,BR002,2020-03-01,364076.67,Active
ACC004573,CUST03282,Salary,BR004,2019-06-29,104377.24,Active
ACC004574,CUST00619,Savings,BR005,2024-09-26,300720.67,Active
ACC004575,CUST02713,Current,BR047,2025-01-22,224383.96,Active
ACC004576,CUST04955,Savings,BR035,2021-02-18,101979.55,Active
ACC004577,CUST03724,Current,BR029,2018-03-10,444302.97,Active
ACC004578,CUST01687,Salary,BR016,2024-05-29,218328.25,Active
ACC004579,CUST01607,Salary,BR045,2022-10-17,299821.15,Active
ACC004580,CUST04733,Savings,BR012,2019-09-27,127265.78,Active
ACC004581,CUST03933,Current,BR021,2021-07-27,174055.67,Active
ACC004582,CUST03893,Salary,BR009,2019-07-20,25442.94,Active
ACC004583,CUST03804,Savings,BR011,2019-06-17,242123.95,Active
ACC004584,CUST04311,Current,BR008,2022-06-21,173078.19,Active
ACC004585,CUST01354,Savings,BR026,2023-02-25,165372.48,Active
ACC004586,CUST04240,Salary,BR032,2025-05-21,445081.7,Active
ACC004587,CUST00619,Savings,BR039,2019-07-08,352231.08,Active
ACC004588,CUST00354,Savings,BR004,2023-05-03,229187.47,Active
ACC004589,CUST00281,Current,BR034,2020-08-10,98480.25,Active
ACC004590,CUST03378,Savings,BR028,2025-09-06,486652.45,Active
ACC004591,CUST04933,Savings,BR025,2023-09-07,38307.88,Active
ACC004592,CUST03551,Savings,BR044,2021-11-20,68916.91,Active
ACC004593,CUST01960,Salary,BR035,2019-07-24,135890.45,Active
ACC004594,CUST00390,Savings,BR019,2025-05-10,477309.65,Active
ACC004595,CUST03868,Salary,BR035,2019-03-04,140162.17,Active
ACC004596,CUST04361,Salary,BR039,2025-09-23,246221.73,Active
ACC004597,CUST02054,Savings,BR029,2020-09-06,380821.2,Active
ACC004598,CUST00168,Current,BR014,2021-01-21,464663.63,Active
ACC004599,CUST04946,Savings,BR021,2018-02-04,302939.91,Active
ACC004600,CUST02167,Savings,BR036,2025-01-17,192754.42,Active
ACC004601,CUST04270,Savings,BR038,2025-11-17,492768.82,Active
ACC004602,CUST03007,Savings,BR014,2022-10-04,14055.15,Active
ACC004603,CUST00187,Savings,BR040,2024-08-20,416254.41,Active
ACC004604,CUST04047,Savings,BR050,2025-11-21,139437.48,Active
ACC004605,CUST02941,Current,BR015,2025-05-27,408908.45,Inactive
ACC004606,CUST01298,Savings,BR050,2025-12-24,81921.27,Active
ACC004607,CUST02646,Salary,BR030,2020-10-03,174062.39,Active
ACC004608,CUST01217,Savings,BR047,2024-12-10,28929.69,Active
ACC004609,CUST04628,Savings,BR012,2023-06-18,100611.51,Active
ACC004610,CUST03000,Savings,BR050,2021-10-31,301793.38,Active
ACC004611,CUST01206,Savings,BR005,2021-08-15,380989.53,Active
ACC004612,CUST00228,Current,BR027,2024-07-28,455702.17,Active
ACC004613,CUST02614,Savings,BR015,2018-12-20,60723.08,Active
ACC004614,CUST04710,Savings,BR026,2020-09-05,71145.85,Active
ACC004615,CUST02137,Savings,BR009,2024-09-17,469449.0,Active
ACC004616,CUST03732,Savings,BR040,2021-11-18,383221.36,Active
ACC004617,CUST00250,Savings,BR040,2019-02-07,270335.98,Active
ACC004618,CUST02273,Savings,BR035,2025-09-05,238886.06,Active
ACC004619,CUST02951,Savings,BR013,2022-02-23,79700.24,Active
ACC004620,CUST03019,Savings,BR045,2022-03-28,190271.37,Active
ACC004621,CUST04769,Savings,BR044,2019-01-29,186929.78,Active
ACC004622,CUST02216,Current,BR047,2025-03-15,324524.9,Active
ACC004623,CUST02158,Savings,BR046,2022-09-16,299853.57,Active
ACC004624,CUST01797,Savings,BR033,2018-04-14,30795.8,Inactive
ACC004625,CUST03245,Savings,BR034,2023-08-21,424391.59,Active
ACC004626,CUST00297,Savings,BR004,2020-10-06,468836.32,Active
ACC004627,CUST01928,Savings,BR013,2022-10-10,390323.98,Active
ACC004628,CUST02257,Savings,BR010,2021-06-02,90013.81,Active
ACC004629,CUST01458,Savings,BR045,2021-09-02,86912.0,Inactive
ACC004630,CUST03547,Savings,BR001,2023-04-02,363329.97,Active
ACC004631,CUST03128,Salary,BR011,2019-02-26,220992.94,Active
ACC004632,CUST02309,Salary,BR050,2024-05-09,389623.12,Active
ACC004633,CUST03665,Savings,BR009,2023-10-03,38664.03,Active
ACC004634,CUST01590,Savings,BR038,2021-04-11,358501.81,Inactive
ACC004635,CUST00096,Current,BR023,2024-04-13,212623.88,Active
ACC004636,CUST03933,Salary,BR013,2025-06-05,16461.46,Inactive
ACC004637,CUST01360,Salary,BR005,2019-09-10,273033.82,Active
ACC004638,CUST01740,Savings,BR025,2021-03-28,349818.89,Inactive
ACC004639,CUST03795,Savings,BR010,2018-10-22,264591.53,Active
ACC004640,CUST01353,Current,BR005,2018-10-03,62317.09,Active
ACC004641,CUST04925,Salary,BR022,2025-03-17,408138.65,Active
ACC004642,CUST01543,Savings,BR042,2018-07-13,159225.33,Active
ACC004643,CUST02668,Current,BR025,2018-11-07,460808.47,Active
ACC004644,CUST00831,Savings,BR037,2019-09-12,453530.85,Active
ACC004645,CUST01606,Savings,BR020,2021-01-31,100980.86,Inactive
ACC004646,CUST04646,Savings,BR028,2025-05-16,238706.33,Active
ACC004647,CUST02748,Savings,BR021,2018-09-07,69545.4,Active
ACC004648,CUST03811,Current,BR011,2025-09-30,339195.75,Active
ACC004649,CUST04659,Current,BR029,2020-08-13,426106.56,Active
ACC004650,CUST00222,Salary,BR005,2023-07-09,324538.27,Active
ACC004651,CUST03952,Savings,BR037,2018-10-23,130976.95,Active
ACC004652,CUST00531,Savings,BR049,2018-08-26,39081.06,Active
ACC004653,CUST04127,Savings,BR005,2020-03-20,35560.98,Active
ACC004654,CUST01382,Savings,BR033,2024-05-25,305853.11,Active
ACC004655,CUST04118,Current,BR045,2025-01-28,476710.97,Active
ACC004656,CUST00754,Savings,BR036,2022-07-12,347943.81,Active
ACC004657,CUST04310,Savings,BR008,2022-11-01,365582.46,Active
ACC004658,CUST04808,Savings,BR006,2024-04-22,165320.87,Active
ACC004659,CUST01189,Savings,BR015,2019-06-05,293433.24,Active
ACC004660,CUST00409,Current,BR015,2021-02-16,158983.39,Active
ACC004661,CUST02486,Savings,BR048,2023-12-07,450931.21,Active
ACC004662,CUST00797,Salary,BR009,2021-01-19,67124.48,Active
ACC004663,CUST00861,Current,BR005,2024-01-29,316380.22,Active
ACC004664,CUST04172,Savings,BR026,2019-12-24,365691.57,Active
ACC004665,CUST00366,Savings,BR023,2025-11-13,349546.56,Active
ACC004666,CUST01515,Current,BR016,2023-04-29,129401.02,Active
ACC004667,CUST04937,Savings,BR039,2021-02-13,243529.84,Active
ACC004668,CUST02935,Current,BR035,2022-04-07,332010.07,Active
ACC004669,CUST01584,Savings,BR010,2024-07-24,465540.62,Active
ACC004670,CUST00499,Savings,BR027,2019-07-21,250330.33,Active
ACC004671,CUST03242,Salary,BR016,2019-04-21,150953.9,Active
ACC004672,CUST01370,Savings,BR021,2023-11-26,193873.95,Inactive
ACC004673,CUST01252,Savings,BR012,2023-05-31,271118.2,Active
ACC004674,CUST00699,Savings,BR009,2025-03-21,488203.04,Active
ACC004675,CUST02728,Savings,BR016,2022-05-16,314537.47,Active
ACC004676,CUST02251,Savings,BR009,2021-02-19,78213.34,Active
ACC004677,CUST02494,Savings,BR029,2022-06-16,421728.9,Active
ACC004678,CUST00132,Savings,BR023,2023-02-02,91542.15,Active
ACC004679,CUST00091,Salary,BR039,2021-05-30,20334.35,Active
ACC004680,CUST03895,Savings,BR043,2022-01-22,51004.77,Active
ACC004681,CUST03198,Savings,BR049,2022-07-24,393274.76,Active
ACC004682,CUST00472,Savings,BR024,2022-03-02,451045.94,Active
ACC004683,CUST01266,Savings,BR022,2019-01-05,134833.42,Active
ACC004684,CUST04598,Savings,BR031,2023-05-31,249556.78,Active
ACC004685,CUST02809,Savings,BR010,2020-01-30,299014.28,Active
ACC004686,CUST04483,Salary,BR047,2021-05-09,209926.52,Active
ACC004687,CUST01112,Savings,BR042,2022-11-21,33596.69,Active
ACC004688,CUST00598,Savings,BR027,2019-07-29,29269.72,Active
ACC004689,CUST00908,Current,BR034,2021-11-09,220734.33,Active
ACC004690,CUST02915,Savings,BR048,2023-10-13,399135.96,Active
ACC004691,CUST03217,Current,BR039,2024-03-09,43230.24,Active
ACC004692,CUST01355,Savings,BR024,2023-10-18,103632.18,Active
ACC004693,CUST03947,Current,BR021,2021-02-21,135614.17,Active
ACC004694,CUST03236,Current,BR015,2019-01-12,280003.88,Inactive
ACC004695,CUST02705,Salary,BR017,2021-10-13,22554.82,Active
ACC004696,CUST02390,Savings,BR045,2025-01-16,430161.36,Active
ACC004697,CUST04076,Salary,BR019,2022-12-15,235892.62,Active
ACC004698,CUST03651,Savings,BR025,2023-10-17,243131.02,Active
ACC004699,CUST00464,Current,BR040,2023-03-18,163932.98,Inactive
ACC004700,CUST03939,Savings,BR022,2021-03-02,106789.3,Active
ACC004701,CUST01073,Savings,BR041,2020-12-21,182470.88,Active
ACC004702,CUST00474,Savings,BR049,2018-06-10,456786.71,Active
ACC004703,CUST04984,Savings,BR042,2020-01-29,48021.18,Active
ACC004704,CUST00939,Savings,BR014,2025-07-11,31303.57,Active
ACC004705,CUST01311,Current,BR028,2021-08-02,58111.26,Active
ACC004706,CUST02341,Savings,BR012,2020-04-09,388711.79,Active
ACC004707,CUST03521,Current,BR027,2020-04-28,25159.81,Inactive
ACC004708,CUST04057,Savings,BR024,2025-11-25,167249.45,Active
ACC004709,CUST01087,Savings,BR022,2023-05-31,213004.66,Active
ACC004710,CUST04664,Savings,BR039,2018-09-06,254048.44,Active
ACC004711,CUST03530,Savings,BR041,2021-01-19,2596.43,Active
ACC004712,CUST04970,Savings,BR050,2020-10-27,243895.9,Inactive
ACC004713,CUST00260,Salary,BR039,2022-03-10,98267.26,Active
ACC004714,CUST01657,Savings,BR036,2021-09-06,49840.62,Active
ACC004715,CUST02956,Current,BR023,2024-02-28,267114.85,Active
ACC004716,CUST04280,Savings,BR008,2025-12-02,372330.45,Active
ACC004717,CUST03120,Salary,BR028,2025-02-04,467440.02,Active
ACC004718,CUST00592,Savings,BR050,2022-08-05,456417.09,Active
ACC004719,CUST01433,Salary,BR029,2024-01-18,200099.32,Active
ACC004720,CUST02488,Savings,BR015,2022-01-20,352324.82,Active
ACC004721,CUST00229,Savings,BR039,2024-04-28,348114.49,Active
ACC004722,CUST02780,Savings,BR008,2018-01-10,206640.72,Active
ACC004723,CUST01369,Savings,BR028,2019-12-16,50006.99,Active
ACC004724,CUST01625,Savings,BR033,2018-12-25,191622.45,Active
ACC004725,CUST03980,Savings,BR011,2021-07-23,496186.58,Active
ACC004726,CUST00740,Current,BR042,2023-02-24,277962.31,Active
ACC004727,CUST03175,Savings,BR037,2023-12-12,171354.11,Active
ACC004728,CUST02648,Savings,BR025,2019-09-22,372163.57,Active
ACC004729,CUST02071,Savings,BR034,2018-09-25,343476.57,Active
ACC004730,CUST04572,Current,BR022,2018-10-05,289821.16,Active
ACC004731,CUST04994,Savings,BR002,2020-10-20,319078.87,Active
ACC004732,CUST02035,Savings,BR016,2018-03-17,292884.02,Active
ACC004733,CUST04381,Savings,BR011,2019-06-10,478182.24,Active
ACC004734,CUST01186,Savings,BR014,2019-09-10,255057.83,Active
ACC004735,CUST00590,Savings,BR032,2021-04-14,295505.27,Active
ACC004736,CUST04218,Salary,BR022,2022-09-14,236355.82,Active
ACC004737,CUST01136,Savings,BR005,2023-06-04,300510.9,Active
ACC004738,CUST03421,Savings,BR036,2022-05-10,445522.63,Active
ACC004739,CUST02559,Current,BR023,2018-09-27,170537.53,Active
ACC004740,CUST00002,Savings,BR019,2018-01-02,248455.53,Active
ACC004741,CUST00892,Current,BR029,2021-07-03,224856.87,Active
ACC004742,CUST04895,Salary,BR042,2022-03-18,199590.66,Active
ACC004743,CUST04725,Salary,BR023,2025-03-05,410697.58,Active
ACC004744,CUST04557,Savings,BR009,2021-10-18,116740.64,Inactive
ACC004745,CUST03000,Savings,BR018,2021-02-04,250459.08,Active
ACC004746,CUST03554,Salary,BR031,2021-03-03,462392.57,Active
ACC004747,CUST03658,Savings,BR037,2021-12-03,81466.16,Active
ACC004748,CUST00972,Savings,BR017,2022-01-14,3317.6,Active
ACC004749,CUST04150,Savings,BR018,2019-06-19,133346.56,Active
ACC004750,CUST03743,Savings,BR027,2022-05-28,461233.37,Active
ACC004751,CUST04205,Salary,BR021,2024-07-26,44724.61,Active
ACC004752,CUST00280,Current,BR001,2019-06-21,69400.14,Active
ACC004753,CUST01699,Savings,BR032,2025-12-24,160849.52,Active
ACC004754,CUST02888,Salary,BR014,2021-05-02,385082.11,Active
ACC004755,CUST02885,Savings,BR046,2020-11-29,375889.1,Active
ACC004756,CUST03286,Salary,BR014,2019-04-09,44448.07,Active
ACC004757,CUST03580,Savings,BR033,2018-01-23,466987.3,Active
ACC004758,CUST02252,Savings,BR036,2019-11-20,120170.59,Active
ACC004759,CUST04641,Savings,BR039,2018-05-08,141037.76,Active
ACC004760,CUST02357,Savings,BR012,2021-07-10,193822.44,Active
ACC004761,CUST04624,Savings,BR045,2023-09-14,317611.89,Active
ACC004762,CUST01932,Savings,BR025,2024-12-09,261133.42,Active
ACC004763,CUST03415,Salary,BR015,2018-04-11,464378.84,Active
ACC004764,CUST01009,Salary,BR020,2020-01-07,282745.71,Active
ACC004765,CUST04713,Current,BR034,2025-08-20,428661.48,Active
ACC004766,CUST02079,Salary,BR014,2019-09-03,40023.7,Inactive
ACC004767,CUST04196,Salary,BR030,2021-01-10,428095.08,Active
ACC004768,CUST02715,Current,BR044,2021-09-02,99658.86,Active
ACC004769,CUST01339,Savings,BR013,2023-06-26,181914.79,Active
ACC004770,CUST04591,Salary,BR014,2024-07-05,160623.43,Inactive
ACC004771,CUST03690,Savings,BR029,2018-07-15,169303.48,Active
ACC004772,CUST00742,Savings,BR026,2024-09-27,459421.87,Active
ACC004773,CUST00734,Savings,BR003,2022-03-13,221355.27,Active
ACC004774,CUST01807,Savings,BR025,2022-02-13,134716.15,Active
ACC004775,CUST02379,Salary,BR027,2023-10-17,147906.6,Active
ACC004776,CUST03266,Current,BR045,2021-11-17,401864.89,Inactive
ACC004777,CUST01754,Salary,BR040,2021-07-20,270018.04,Inactive
ACC004778,CUST01025,Current,BR016,2021-08-15,225299.06,Active
ACC004779,CUST01483,Savings,BR038,2025-12-28,463480.13,Active
ACC004780,CUST02566,Current,BR011,2020-05-20,465073.84,Active
ACC004781,CUST03555,Savings,BR029,2023-12-29,378303.0,Active
ACC004782,CUST01780,Savings,BR047,2018-07-04,259485.25,Active
ACC004783,CUST03717,Salary,BR024,2022-08-17,59189.21,Active
ACC004784,CUST04819,Current,BR029,2021-04-27,354266.97,Active
ACC004785,CUST02117,Salary,BR034,2020-11-08,407741.05,Active
ACC004786,CUST04567,Savings,BR011,2023-10-30,426168.79,Inactive
ACC004787,CUST02540,Current,BR020,2019-05-13,291350.77,Active
ACC004788,CUST02966,Savings,BR020,2022-04-15,308802.71,Active
ACC004789,CUST02761,Savings,BR009,2022-07-21,354936.18,Active
ACC004790,CUST02455,Savings,BR023,2018-08-06,437090.51,Active
ACC004791,CUST03755,Savings,BR036,2019-06-09,23666.53,Inactive
ACC004792,CUST01946,Savings,BR049,2021-09-23,282047.75,Active
ACC004793,CUST03369,Savings,BR027,2018-05-01,185179.0,Active
ACC004794,CUST02630,Current,BR024,2024-11-21,416746.45,Active
ACC004795,CUST00529,Savings,BR040,2022-02-14,67771.76,Active
ACC004796,CUST04233,Savings,BR025,2024-02-05,454940.98,Active
ACC004797,CUST01472,Savings,BR025,2023-11-29,62879.3,Active
ACC004798,CUST02036,Salary,BR048,2023-08-19,45574.03,Inactive
ACC004799,CUST04035,Salary,BR033,2018-08-10,173903.1,Active
ACC004800,CUST01368,Savings,BR031,2020-03-07,497367.38,Active
ACC004801,CUST01720,Savings,BR010,2020-05-10,317267.56,Inactive
ACC004802,CUST01042,Savings,BR039,2025-04-23,14192.85,Active
ACC004803,CUST03488,Savings,BR015,2024-03-01,125382.96,Active
ACC004804,CUST00560,Savings,BR001,2025-01-18,75433.53,Active
ACC004805,CUST01565,Savings,BR016,2024-11-05,1501.12,Active
ACC004806,CUST03225,Savings,BR021,2022-08-25,257955.44,Active
ACC004807,CUST01801,Current,BR002,2024-02-21,191172.73,Active
ACC004808,CUST03271,Savings,BR003,2024-04-27,307026.84,Active
ACC004809,CUST01812,Savings,BR015,2020-05-15,108965.75,Active
ACC004810,CUST03082,Salary,BR032,2020-10-29,415695.49,Active
ACC004811,CUST04263,Salary,BR050,2021-05-24,192198.41,Active
ACC004812,CUST00147,Salary,BR047,2020-07-11,241969.44,Active
ACC004813,CUST03829,Savings,BR027,2022-07-11,366510.48,Active
ACC004814,CUST04541,Savings,BR036,2018-12-06,83916.4,Active
ACC004815,CUST02118,Savings,BR035,2023-09-26,131909.35,Active
ACC004816,CUST02664,Savings,BR039,2020-04-09,78221.25,Inactive
ACC004817,CUST00319,Savings,BR024,2020-03-23,384272.72,Active
ACC004818,CUST03970,Salary,BR008,2019-05-04,49663.39,Active
ACC004819,CUST04132,Salary,BR007,2021-09-07,245012.48,Active
ACC004820,CUST00255,Salary,BR004,2020-03-01,375204.91,Active
ACC004821,CUST01337,Current,BR030,2018-04-03,254373.16,Active
ACC004822,CUST00335,Savings,BR010,2023-01-09,254829.77,Active
ACC004823,CUST03092,Current,BR025,2021-06-29,32773.7,Active
ACC004824,CUST04394,Salary,BR042,2021-04-01,391647.74,Active
ACC004825,CUST01045,Current,BR047,2021-03-27,302399.84,Active
ACC004826,CUST04574,Savings,BR032,2025-03-11,334089.02,Active
ACC004827,CUST01792,Savings,BR032,2018-05-18,383133.99,Active
ACC004828,CUST02520,Savings,BR050,2018-11-08,280748.28,Active
ACC004829,CUST00962,Savings,BR032,2024-05-26,254802.88,Active
ACC004830,CUST03750,Salary,BR010,2023-10-14,331919.46,Active
ACC004831,CUST04566,Current,BR009,2022-09-03,450104.08,Active
ACC004832,CUST02815,Current,BR025,2019-12-04,319610.12,Active
ACC004833,CUST00590,Savings,BR025,2020-08-18,394372.55,Active
ACC004834,CUST01989,Savings,BR041,2022-04-10,240655.6,Active
ACC004835,CUST02840,Savings,BR016,2021-06-27,295196.4,Active
ACC004836,CUST03866,Current,BR049,2019-06-23,90894.67,Inactive
ACC004837,CUST02434,Savings,BR016,2018-04-27,244770.5,Active
ACC004838,CUST02990,Salary,BR030,2025-02-27,75296.07,Active
ACC004839,CUST03949,Current,BR038,2019-05-01,234043.7,Inactive
ACC004840,CUST04542,Current,BR005,2021-10-18,33410.89,Active
ACC004841,CUST01961,Salary,BR007,2020-11-15,288527.48,Active
ACC004842,CUST04195,Salary,BR013,2020-02-23,144080.99,Active
ACC004843,CUST00655,Savings,BR008,2019-09-12,420980.28,Inactive
ACC004844,CUST01079,Salary,BR033,2022-02-25,188755.6,Active
ACC004845,CUST03075,Savings,BR010,2021-10-12,458968.85,Active
ACC004846,CUST01356,Savings,BR020,2022-02-08,236970.93,Active
ACC004847,CUST01459,Savings,BR032,2019-02-18,424587.64,Active
ACC004848,CUST03283,Current,BR029,2019-03-05,149338.46,Active
ACC004849,CUST04913,Savings,BR001,2018-08-31,226349.46,Active
ACC004850,CUST04757,Current,BR027,2022-12-10,317199.09,Active
ACC004851,CUST04696,Current,BR020,2024-04-18,130066.79,Active
ACC004852,CUST00920,Current,BR014,2021-01-03,329006.83,Active
ACC004853,CUST01747,Savings,BR015,2018-04-22,145012.58,Active
ACC004854,CUST01759,Salary,BR006,2020-02-21,242662.04,Active
ACC004855,CUST01832,Savings,BR002,2020-08-27,12661.53,Active
ACC004856,CUST01172,Savings,BR029,2022-06-22,40012.98,Inactive
ACC004857,CUST03279,Salary,BR039,2018-12-26,114323.49,Active
ACC004858,CUST00360,Savings,BR032,2020-02-06,403440.01,Active
ACC004859,CUST03811,Savings,BR005,2020-07-07,330531.71,Active
ACC004860,CUST01441,Current,BR022,2018-06-17,446830.62,Active
ACC004861,CUST02920,Savings,BR028,2025-09-06,452450.75,Active
ACC004862,CUST01720,Savings,BR032,2024-03-10,187961.03,Active
ACC004863,CUST03254,Salary,BR029,2020-02-27,184397.92,Active
ACC004864,CUST00556,Savings,BR040,2023-05-06,418035.78,Inactive
ACC004865,CUST01234,Savings,BR003,2023-02-13,213795.19,Active
ACC004866,CUST03921,Current,BR031,2025-10-10,428743.45,Active
ACC004867,CUST04040,Current,BR013,2023-09-25,253458.99,Active
ACC004868,CUST02298,Current,BR006,2020-11-07,212931.85,Active
ACC004869,CUST01536,Salary,BR021,2020-05-28,140255.88,Inactive
ACC004870,CUST04059,Savings,BR014,2020-01-28,64116.94,Active
ACC004871,CUST03303,Current,BR025,2021-10-05,263425.25,Active
ACC004872,CUST00910,Current,BR007,2019-11-19,163287.33,Active
ACC004873,CUST01962,Savings,BR043,2019-02-02,125470.67,Active
ACC004874,CUST00012,Salary,BR022,2023-05-28,85660.42,Active
ACC004875,CUST00980,Salary,BR032,2025-06-01,194922.44,Active
ACC004876,CUST00273,Savings,BR041,2018-04-08,278380.51,Active
ACC004877,CUST04584,Current,BR032,2023-04-04,418675.96,Active
ACC004878,CUST01998,Current,BR042,2024-01-16,410274.81,Active
ACC004879,CUST04634,Savings,BR030,2018-03-28,427676.65,Active
ACC004880,CUST01689,Salary,BR017,2022-11-02,288540.57,Active
ACC004881,CUST01596,Current,BR040,2019-03-19,280215.41,Active
ACC004882,CUST03243,Current,BR038,2024-01-29,452665.69,Active
ACC004883,CUST04684,Savings,BR021,2019-11-13,144984.91,Active
ACC004884,CUST01716,Savings,BR026,2024-04-01,73579.83,Active
ACC004885,CUST04339,Savings,BR043,2018-05-01,42304.61,Active
ACC004886,CUST01202,Current,BR003,2019-05-12,440641.27,Active
ACC004887,CUST02846,Current,BR038,2019-09-04,186514.83,Active
ACC004888,CUST00257,Savings,BR017,2024-10-05,249864.41,Inactive
ACC004889,CUST00310,Savings,BR039,2018-05-15,401726.96,Active
ACC004890,CUST02564,Savings,BR006,2018-11-11,187210.85,Active
ACC004891,CUST03418,Current,BR021,2023-10-18,434109.42,Active
ACC004892,CUST01089,Current,BR045,2024-02-24,161527.24,Active
ACC004893,CUST04732,Savings,BR046,2025-11-04,366458.73,Active
ACC004894,CUST04893,Savings,BR040,2018-01-11,334017.6,Active
ACC004895,CUST01177,Savings,BR013,2020-05-18,101471.71,Active
ACC004896,CUST03098,Savings,BR009,2020-01-05,63124.4,Active
ACC004897,CUST03231,Current,BR005,2021-02-07,56665.78,Active
ACC004898,CUST01725,Savings,BR043,2021-09-05,325806.0,Active
ACC004899,CUST02629,Savings,BR007,2023-05-23,7458.94,Active
ACC004900,CUST04175,Current,BR038,2018-01-16,330676.42,Active
ACC004901,CUST03300,Salary,BR044,2022-07-10,391200.92,Active
ACC004902,CUST01351,Salary,BR044,2021-05-09,151952.61,Active
ACC004903,CUST00620,Salary,BR038,2021-04-02,373104.55,Active
ACC004904,CUST02549,Current,BR031,2018-01-07,83527.76,Inactive
ACC004905,CUST01379,Current,BR004,2023-10-10,480284.98,Active
ACC004906,CUST04059,Current,BR013,2020-07-13,116801.03,Inactive
ACC004907,CUST00978,Salary,BR044,2024-12-07,244694.16,Active
ACC004908,CUST01538,Salary,BR015,2019-09-24,490267.66,Active
ACC004909,CUST03773,Savings,BR040,2021-12-08,453661.85,Active
ACC004910,CUST03579,Savings,BR013,2020-07-24,330073.11,Active
ACC004911,CUST02534,Savings,BR043,2019-07-14,185227.19,Active
ACC004912,CUST00478,Current,BR043,2018-04-01,350344.08,Active
ACC004913,CUST03655,Current,BR043,2022-03-22,230676.5,Inactive
ACC004914,CUST01895,Salary,BR026,2019-03-22,55311.14,Active
ACC004915,CUST02381,Savings,BR019,2021-08-01,398192.87,Active
ACC004916,CUST01633,Savings,BR049,2021-11-17,435934.17,Active
ACC004917,CUST02041,Salary,BR001,2020-08-07,204395.86,Active
ACC004918,CUST01566,Savings,BR013,2023-03-21,333197.43,Active
ACC004919,CUST04126,Savings,BR025,2022-12-16,16150.96,Inactive
ACC004920,CUST04823,Current,BR020,2018-11-26,99427.82,Active
ACC004921,CUST04269,Savings,BR041,2023-06-30,285561.7,Active
ACC004922,CUST02840,Savings,BR023,2022-04-03,137767.23,Active
ACC004923,CUST00468,Savings,BR024,2020-11-10,472237.43,Active
ACC004924,CUST03548,Savings,BR043,2023-04-19,418685.02,Active
ACC004925,CUST01976,Savings,BR041,2024-12-01,327848.1,Active
ACC004926,CUST03389,Savings,BR049,2025-01-09,499421.06,Active
ACC004927,CUST04221,Savings,BR039,2025-01-27,122380.7,Inactive
ACC004928,CUST02744,Savings,BR040,2024-03-22,459644.39,Active
ACC004929,CUST02575,Current,BR030,2025-03-04,152982.15,Active
ACC004930,CUST01420,Savings,BR034,2022-12-25,298700.78,Active
ACC004931,CUST01878,Savings,BR046,2022-10-22,217749.24,Active
ACC004932,CUST01027,Savings,BR010,2022-12-20,222164.08,Active
ACC004933,CUST04632,Savings,BR041,2022-05-01,381492.5,Active
ACC004934,CUST00601,Savings,BR001,2024-08-12,174424.17,Active
ACC004935,CUST03593,Savings,BR012,2023-01-03,254256.66,Active
ACC004936,CUST00988,Salary,BR046,2021-05-07,106645.09,Active
ACC004937,CUST00606,Salary,BR029,2020-10-19,381972.31,Active
ACC004938,CUST02748,Current,BR011,2022-07-09,276413.84,Active
ACC004939,CUST00139,Savings,BR041,2024-11-18,128276.74,Active
ACC004940,CUST02058,Current,BR017,2019-07-26,133701.61,Active
ACC004941,CUST03587,Savings,BR020,2019-03-14,147474.85,Active
ACC004942,CUST04226,Current,BR038,2020-01-27,349946.68,Active
ACC004943,CUST04497,Savings,BR006,2019-08-14,297950.91,Active
ACC004944,CUST01245,Salary,BR020,2020-05-30,411300.58,Active
ACC004945,CUST00642,Salary,BR010,2024-02-17,286193.43,Active
ACC004946,CUST00437,Savings,BR010,2023-11-15,154020.04,Active
ACC004947,CUST01424,Savings,BR031,2024-12-26,481472.23,Active
ACC004948,CUST01137,Savings,BR026,2020-06-06,443166.0,Active
ACC004949,CUST03722,Savings,BR017,2024-01-07,140131.88,Active
ACC004950,CUST03290,Salary,BR014,2018-02-12,456433.79,Active
ACC004951,CUST00058,Savings,BR005,2021-08-13,360342.05,Active
ACC004952,CUST01137,Savings,BR003,2020-07-01,207932.2,Active
ACC004953,CUST00700,Current,BR043,2024-06-24,233971.53,Active
ACC004954,CUST01146,Savings,BR020,2018-08-06,223744.39,Active
ACC004955,CUST02456,Savings,BR046,2024-12-10,398634.88,Active
ACC004956,CUST01109,Savings,BR015,2024-01-03,88576.6,Active
ACC004957,CUST04496,Current,BR003,2024-07-03,30275.28,Active
ACC004958,CUST00108,Savings,BR003,2024-04-25,249730.5,Active
ACC004959,CUST01985,Current,BR023,2025-02-26,145914.37,Active
ACC004960,CUST04248,Savings,BR009,2018-04-29,282398.23,Active
ACC004961,CUST00906,Savings,BR011,2021-03-11,489119.24,Active
ACC004962,CUST04946,Savings,BR047,2018-10-17,336054.83,Active
ACC004963,CUST01993,Salary,BR049,2022-07-21,479649.95,Inactive
ACC004964,CUST04123,Savings,BR044,2018-08-13,366295.3,Active
ACC004965,CUST04215,Savings,BR049,2020-06-12,38881.6,Active
ACC004966,CUST04819,Salary,BR041,2025-09-01,444761.13,Inactive
ACC004967,CUST02148,Salary,BR013,2021-07-04,100260.88,Active
ACC004968,CUST04099,Salary,BR008,2018-09-02,432529.88,Active
ACC004969,CUST00806,Savings,BR022,2024-02-02,374792.62,Active
ACC004970,CUST01993,Savings,BR038,2019-06-06,419470.17,Active
ACC004971,CUST03601,Savings,BR027,2022-06-07,127536.64,Active
ACC004972,CUST04400,Salary,BR026,2021-03-08,403891.01,Active
ACC004973,CUST04273,Savings,BR023,2018-04-29,305565.67,Active
ACC004974,CUST04011,Savings,BR039,2022-05-21,41854.64,Active
ACC004975,CUST00084,Savings,BR031,2024-04-25,444676.83,Active
ACC004976,CUST04359,Savings,BR029,2019-07-25,438528.82,Active
ACC004977,CUST03321,Current,BR001,2023-03-12,286423.58,Active
ACC004978,CUST02506,Salary,BR010,2021-04-30,226859.53,Active
ACC004979,CUST02457,Current,BR047,2020-07-31,200872.97,Active
ACC004980,CUST03063,Savings,BR046,2021-02-27,301765.9,Active
ACC004981,CUST03853,Salary,BR004,2024-01-15,421003.7,Active
ACC004982,CUST04898,Savings,BR031,2018-09-18,283397.9,Active
ACC004983,CUST04991,Savings,BR004,2019-01-25,65696.26,Active
ACC004984,CUST04969,Savings,BR029,2019-10-07,153778.42,Active
ACC004985,CUST00388,Savings,BR009,2018-05-12,334455.15,Active
ACC004986,CUST02004,Savings,BR015,2019-02-12,323765.55,Active
ACC004987,CUST01032,Savings,BR044,2023-08-06,259930.17,Active
ACC004988,CUST01541,Salary,BR041,2021-03-22,120998.49,Active
ACC004989,CUST00450,Salary,BR003,2024-05-18,136019.27,Active
ACC004990,CUST03548,Savings,BR015,2019-07-21,242640.56,Active
ACC004991,CUST04438,Savings,BR011,2025-09-16,197853.63,Active
ACC004992,CUST01097,Savings,BR006,2022-07-20,158652.52,Active
ACC004993,CUST00860,Savings,BR047,2023-09-25,414899.6,Active
ACC004994,CUST00302,Savings,BR007,2019-11-17,252505.34,Active
ACC004995,CUST02020,Savings,BR046,2023-06-03,252031.31,Active
ACC004996,CUST00881,Current,BR004,2023-05-07,214599.91,Active
ACC004997,CUST02282,Savings,BR021,2023-08-31,340770.5,Active
ACC004998,CUST04162,Savings,BR001,2023-06-30,88649.19,Active
ACC004999,CUST00230,Current,BR023,2021-04-03,471850.45,Active
ACC005000,CUST00922,Current,BR013,2024-05-04,53201.72,Active
ACC005001,CUST01833,Savings,BR043,2018-04-11,355439.59,Active
ACC005002,CUST00051,Savings,BR028,2019-10-23,352447.03,Active
ACC005003,CUST03679,Salary,BR029,2025-05-24,57854.95,Active
ACC005004,CUST04483,Current,BR018,2023-07-20,496528.33,Inactive
ACC005005,CUST03782,Savings,BR023,2018-02-02,18122.63,Active
ACC005006,CUST00753,Current,BR028,2018-08-24,182980.29,Active
ACC005007,CUST01479,Savings,BR009,2024-02-24,212960.36,Active
ACC005008,CUST02089,Current,BR043,2019-05-22,401600.28,Active
ACC005009,CUST02994,Savings,BR006,2025-08-26,15878.87,Active
ACC005010,CUST03796,Savings,BR016,2018-11-28,278953.06,Active
ACC005011,CUST03341,Current,BR037,2019-05-01,102796.51,Active
ACC005012,CUST02344,Current,BR001,2018-04-30,286721.79,Active
ACC005013,CUST01239,Savings,BR022,2018-06-07,323527.1,Active
ACC005014,CUST04521,Savings,BR046,2020-04-29,18036.42,Active
ACC005015,CUST02237,Savings,BR023,2024-01-01,34664.86,Active
ACC005016,CUST04257,Savings,BR021,2025-05-12,43526.98,Active
ACC005017,CUST02429,Savings,BR031,2019-11-24,426286.44,Active
ACC005018,CUST04340,Current,BR038,2020-11-17,463406.92,Active
ACC005019,CUST00183,Savings,BR028,2020-08-06,219423.61,Active
ACC005020,CUST00544,Current,BR044,2022-05-22,437523.35,Active
ACC005021,CUST02827,Current,BR027,2025-09-02,238628.88,Active
ACC005022,CUST00093,Savings,BR039,2021-07-13,201162.02,Active
ACC005023,CUST02416,Current,BR042,2023-09-30,266091.23,Active
ACC005024,CUST04255,Salary,BR042,2023-11-27,395302.62,Active
ACC005025,CUST02446,Savings,BR013,2021-09-20,112659.15,Active
ACC005026,CUST04534,Salary,BR032,2018-05-14,151564.18,Active
ACC005027,CUST04402,Current,BR007,2023-07-22,424588.36,Active
ACC005028,CUST03033,Savings,BR033,2023-10-29,458072.24,Active
ACC005029,CUST01974,Savings,BR047,2020-10-03,62381.92,Active
ACC005030,CUST03290,Current,BR046,2024-07-13,352762.56,Active
ACC005031,CUST02377,Savings,BR013,2019-03-08,5800.47,Active
ACC005032,CUST04439,Current,BR032,2022-02-13,123847.42,Active
ACC005033,CUST03235,Salary,BR007,2018-04-12,35245.29,Active
ACC005034,CUST01134,Savings,BR012,2018-11-27,258180.33,Active
ACC005035,CUST03639,Savings,BR040,2019-01-11,172348.48,Active
ACC005036,CUST02398,Savings,BR015,2024-03-28,69656.16,Active
ACC005037,CUST02774,Savings,BR049,2022-01-14,1160.09,Active
ACC005038,CUST04461,Salary,BR021,2020-02-03,194805.22,Active
ACC005039,CUST01921,Savings,BR012,2023-03-09,147941.38,Active
ACC005040,CUST02063,Savings,BR013,2019-02-28,24297.75,Inactive
ACC005041,CUST02201,Savings,BR040,2020-11-14,426032.68,Active
ACC005042,CUST04628,Salary,BR042,2025-03-01,205978.17,Active
ACC005043,CUST03015,Savings,BR039,2019-02-20,387617.42,Active
ACC005044,CUST03472,Salary,BR002,2018-10-29,211598.99,Inactive
ACC005045,CUST04951,Current,BR029,2021-01-28,34690.14,Active
ACC005046,CUST00469,Salary,BR048,2021-11-12,197737.29,Active
ACC005047,CUST01345,Savings,BR029,2023-12-07,443180.07,Active
ACC005048,CUST00879,Savings,BR036,2022-08-14,4878.43,Active
ACC005049,CUST04463,Savings,BR038,2022-06-04,447756.41,Active
ACC005050,CUST03910,Savings,BR007,2024-07-06,328707.17,Active
ACC005051,CUST03808,Current,BR030,2019-10-24,497821.18,Active
ACC005052,CUST04737,Savings,BR023,2018-12-25,458142.71,Active
ACC005053,CUST04958,Savings,BR028,2018-10-16,434607.24,Active
ACC005054,CUST02942,Current,BR023,2025-02-13,19717.39,Active
ACC005055,CUST03346,Savings,BR036,2022-09-22,140843.71,Active
ACC005056,CUST00589,Savings,BR042,2023-08-07,187997.13,Active
ACC005057,CUST03884,Savings,BR029,2023-05-12,350211.47,Active
ACC005058,CUST01330,Current,BR004,2024-10-23,324671.76,Active
ACC005059,CUST00092,Savings,BR020,2019-07-29,86676.22,Active
ACC005060,CUST00458,Current,BR005,2019-12-18,368681.04,Active
ACC005061,CUST03342,Savings,BR046,2021-05-12,78658.37,Active
ACC005062,CUST01885,Savings,BR011,2021-04-17,228760.16,Active
ACC005063,CUST03122,Salary,BR002,2024-07-21,289791.02,Active
ACC005064,CUST02040,Current,BR041,2020-10-09,435470.52,Active
ACC005065,CUST01404,Savings,BR044,2025-11-20,316029.7,Active
ACC005066,CUST03704,Current,BR024,2023-11-23,477467.02,Active
ACC005067,CUST04483,Savings,BR033,2024-06-18,497252.31,Active
ACC005068,CUST01982,Salary,BR022,2023-11-04,254902.4,Inactive
ACC005069,CUST01793,Current,BR047,2023-05-01,26688.42,Active
ACC005070,CUST04467,Savings,BR006,2022-02-12,15131.13,Active
ACC005071,CUST02232,Salary,BR024,2021-09-13,427968.43,Active
ACC005072,CUST00772,Savings,BR029,2024-12-04,250425.21,Active
ACC005073,CUST00205,Current,BR049,2025-12-07,184030.05,Inactive
ACC005074,CUST02220,Salary,BR032,2024-06-05,142943.59,Active
ACC005075,CUST04921,Savings,BR047,2019-06-12,141613.03,Active
ACC005076,CUST00222,Savings,BR030,2025-04-07,37337.12,Active
ACC005077,CUST01192,Current,BR046,2022-12-20,152193.42,Active
ACC005078,CUST03316,Savings,BR041,2021-03-25,322758.28,Active
ACC005079,CUST03290,Salary,BR003,2021-10-12,193219.76,Active
ACC005080,CUST01599,Savings,BR025,2022-04-01,473961.09,Active
ACC005081,CUST01909,Current,BR028,2020-11-30,334417.04,Active
ACC005082,CUST04263,Savings,BR015,2025-05-20,432124.35,Active
ACC005083,CUST01543,Savings,BR017,2021-07-05,57965.98,Active
ACC005084,CUST00142,Salary,BR002,2021-10-21,225807.42,Inactive
ACC005085,CUST00090,Current,BR027,2019-07-09,21677.88,Active
ACC005086,CUST03986,Savings,BR036,2020-12-25,447611.74,Active
ACC005087,CUST04407,Savings,BR014,2023-03-03,74287.44,Active
ACC005088,CUST02264,Current,BR043,2024-04-11,402905.32,Active
ACC005089,CUST03513,Salary,BR032,2025-03-21,461981.72,Active
ACC005090,CUST03707,Current,BR012,2020-01-01,221502.26,Active
ACC005091,CUST01210,Current,BR023,2020-11-10,195291.1,Active
ACC005092,CUST04979,Savings,BR016,2024-01-04,300458.73,Active
ACC005093,CUST03225,Salary,BR044,2018-11-09,370424.68,Active
ACC005094,CUST04857,Current,BR002,2018-11-12,323159.34,Active
ACC005095,CUST01360,Savings,BR007,2024-09-16,1576.18,Active
ACC005096,CUST01539,Savings,BR021,2023-03-06,393181.71,Active
ACC005097,CUST00149,Savings,BR031,2022-01-11,74546.63,Active
ACC005098,CUST04811,Salary,BR023,2018-05-06,225388.48,Active
ACC005099,CUST01426,Current,BR025,2025-11-22,141895.98,Active
ACC005100,CUST01718,Salary,BR035,2019-05-11,464025.84,Active
ACC005101,CUST01355,Savings,BR035,2020-09-07,251551.99,Inactive
ACC005102,CUST02406,Current,BR045,2020-01-14,261558.11,Active
ACC005103,CUST02636,Salary,BR007,2022-06-11,38997.32,Active
ACC005104,CUST02364,Savings,BR005,2019-12-01,448783.15,Active
ACC005105,CUST02933,Savings,BR032,2023-07-22,120274.72,Active
ACC005106,CUST03108,Current,BR005,2023-09-24,207564.8,Active
ACC005107,CUST01502,Salary,BR025,2020-04-15,492661.99,Active
ACC005108,CUST01452,Savings,BR031,2020-08-21,57833.68,Active
ACC005109,CUST00450,Savings,BR020,2020-06-29,359545.41,Active
ACC005110,CUST01836,Savings,BR022,2025-12-17,130807.07,Active
ACC005111,CUST04186,Savings,BR038,2019-12-29,210475.26,Active
ACC005112,CUST02589,Savings,BR013,2018-04-08,209678.27,Active
ACC005113,CUST04272,Savings,BR039,2021-07-18,466184.25,Active
ACC005114,CUST01444,Salary,BR002,2022-01-07,6170.81,Active
ACC005115,CUST02949,Current,BR022,2021-01-19,184234.83,Inactive
ACC005116,CUST03936,Savings,BR009,2022-08-05,426359.26,Active
ACC005117,CUST03710,Salary,BR002,2023-08-06,455345.58,Active
ACC005118,CUST03243,Current,BR045,2023-12-05,156350.99,Active
ACC005119,CUST01290,Savings,BR032,2018-03-12,121735.37,Active
ACC005120,CUST00504,Savings,BR008,2021-09-27,231173.46,Active
ACC005121,CUST03098,Current,BR016,2020-01-28,373173.94,Active
ACC005122,CUST02148,Current,BR033,2025-10-14,77865.25,Active
ACC005123,CUST01466,Savings,BR011,2025-11-26,392448.93,Active
ACC005124,CUST04521,Savings,BR032,2019-12-27,256823.54,Active
ACC005125,CUST01898,Salary,BR008,2018-04-17,71261.96,Active
ACC005126,CUST03717,Savings,BR032,2024-08-30,336207.92,Active
ACC005127,CUST00651,Current,BR021,2024-11-08,314472.19,Active
ACC005128,CUST03263,Current,BR025,2020-02-14,311559.02,Active
ACC005129,CUST01211,Savings,BR020,2024-05-30,377638.49,Active
ACC005130,CUST02188,Savings,BR001,2024-02-02,91430.17,Active
ACC005131,CUST03821,Savings,BR021,2021-02-04,349051.18,Active
ACC005132,CUST00369,Savings,BR007,2021-01-14,443759.88,Active
ACC005133,CUST02345,Savings,BR025,2021-06-04,265625.34,Active
ACC005134,CUST03272,Current,BR009,2025-03-26,243528.82,Active
ACC005135,CUST02844,Savings,BR022,2024-07-04,399096.28,Active
ACC005136,CUST03451,Savings,BR002,2021-06-28,73971.77,Active
ACC005137,CUST03152,Current,BR019,2023-09-21,171096.12,Active
ACC005138,CUST03519,Salary,BR006,2021-12-20,427038.33,Active
ACC005139,CUST04355,Salary,BR005,2018-03-22,250387.37,Active
ACC005140,CUST01637,Savings,BR045,2024-12-10,420377.62,Active
ACC005141,CUST03861,Savings,BR010,2020-07-04,126682.16,Active
ACC005142,CUST01145,Savings,BR001,2018-09-19,195397.72,Active
ACC005143,CUST03127,Savings,BR026,2021-11-19,411985.67,Active
ACC005144,CUST00018,Current,BR026,2025-07-19,82584.16,Active
ACC005145,CUST01657,Savings,BR018,2021-09-15,447494.06,Active
ACC005146,CUST04206,Current,BR021,2020-03-18,155621.76,Inactive
ACC005147,CUST04427,Savings,BR046,2023-04-04,486375.74,Active
ACC005148,CUST01597,Savings,BR012,2019-07-02,414036.02,Active
ACC005149,CUST00946,Salary,BR038,2025-04-16,228337.02,Active
ACC005150,CUST01288,Savings,BR014,2025-11-02,371380.08,Active
ACC005151,CUST00268,Savings,BR049,2023-11-16,278075.86,Active
ACC005152,CUST00435,Savings,BR032,2021-03-14,426770.49,Active
ACC005153,CUST02036,Salary,BR039,2025-10-12,259536.34,Active
ACC005154,CUST02498,Savings,BR035,2023-05-27,494009.64,Active
ACC005155,CUST03209,Savings,BR017,2023-12-15,67619.97,Active
ACC005156,CUST01614,Current,BR010,2021-08-20,338558.05,Active
ACC005157,CUST00719,Current,BR035,2020-03-05,123581.11,Active
ACC005158,CUST03979,Salary,BR016,2025-03-11,96422.63,Active
ACC005159,CUST02232,Savings,BR006,2021-11-03,204717.12,Active
ACC005160,CUST03673,Salary,BR004,2020-04-19,184363.35,Active
ACC005161,CUST00741,Current,BR009,2025-03-15,24121.32,Active
ACC005162,CUST00805,Savings,BR029,2019-07-02,214434.09,Active
ACC005163,CUST04513,Savings,BR007,2018-03-08,476007.22,Active
ACC005164,CUST04978,Salary,BR016,2019-11-13,233971.1,Active
ACC005165,CUST04887,Current,BR006,2022-02-07,151605.79,Active
ACC005166,CUST03772,Current,BR044,2025-03-11,474588.92,Active
ACC005167,CUST01727,Current,BR003,2022-06-22,253355.53,Active
ACC005168,CUST03513,Savings,BR044,2020-04-16,144264.13,Active
ACC005169,CUST01099,Savings,BR014,2021-12-27,391711.76,Active
ACC005170,CUST02622,Savings,BR014,2022-11-21,112583.11,Active
ACC005171,CUST03806,Savings,BR009,2021-08-18,124626.8,Active
ACC005172,CUST03011,Savings,BR036,2025-11-11,162841.67,Active
ACC005173,CUST02984,Savings,BR023,2019-07-29,197989.44,Active
ACC005174,CUST03705,Current,BR015,2021-01-06,291856.6,Active
ACC005175,CUST03384,Savings,BR007,2018-01-30,258127.05,Active
ACC005176,CUST01845,Savings,BR020,2021-10-07,372121.66,Inactive
ACC005177,CUST03925,Salary,BR019,2025-09-11,358868.26,Active
ACC005178,CUST03100,Current,BR006,2020-04-10,23734.52,Active
ACC005179,CUST04522,Savings,BR039,2021-02-12,67818.27,Active
ACC005180,CUST04979,Salary,BR001,2022-03-09,108380.77,Active
ACC005181,CUST04882,Current,BR007,2025-08-10,299234.23,Active
ACC005182,CUST00535,Savings,BR035,2023-07-25,447736.91,Inactive
ACC005183,CUST00285,Savings,BR025,2019-06-19,163128.4,Active
ACC005184,CUST02670,Savings,BR038,2019-01-04,481908.3,Active
ACC005185,CUST03787,Salary,BR023,2022-10-16,87257.42,Active
ACC005186,CUST01130,Savings,BR025,2018-10-29,462441.45,Active
ACC005187,CUST00504,Savings,BR038,2022-08-22,400700.09,Active
ACC005188,CUST04142,Salary,BR011,2024-06-12,195127.67,Active
ACC005189,CUST00537,Savings,BR034,2020-04-16,103949.76,Active
ACC005190,CUST00062,Savings,BR031,2021-07-23,196255.15,Active
ACC005191,CUST02384,Savings,BR038,2019-05-26,107655.58,Active
ACC005192,CUST00211,Savings,BR050,2020-06-05,281014.71,Active
ACC005193,CUST02448,Current,BR046,2022-04-08,287834.56,Active
ACC005194,CUST04805,Current,BR012,2023-08-09,384326.47,Inactive
ACC005195,CUST02395,Savings,BR009,2024-08-31,264404.67,Active
ACC005196,CUST03270,Savings,BR013,2020-03-05,173227.97,Active
ACC005197,CUST00377,Savings,BR020,2025-12-16,455887.88,Active
ACC005198,CUST01186,Salary,BR021,2024-11-10,39921.28,Active
ACC005199,CUST03280,Current,BR022,2023-02-15,404582.06,Active
ACC005200,CUST03499,Savings,BR001,2021-12-02,205377.73,Active
ACC005201,CUST02848,Savings,BR040,2022-12-06,91368.62,Active
ACC005202,CUST00787,Savings,BR041,2018-10-04,61057.51,Active
ACC005203,CUST00733,Savings,BR017,2018-08-18,111161.44,Active
ACC005204,CUST03869,Salary,BR045,2023-03-07,61855.96,Active
ACC005205,CUST02700,Current,BR004,2022-10-17,230006.36,Active
ACC005206,CUST04618,Current,BR006,2021-03-26,175495.14,Active
ACC005207,CUST02159,Savings,BR045,2023-08-23,178937.93,Active
ACC005208,CUST03621,Savings,BR049,2022-03-07,79277.28,Active
ACC005209,CUST03665,Savings,BR019,2024-02-23,330211.53,Active
ACC005210,CUST02656,Savings,BR030,2019-09-07,304290.77,Active
ACC005211,CUST01079,Savings,BR023,2023-11-21,491160.93,Active
ACC005212,CUST03295,Savings,BR032,2021-04-08,84654.48,Inactive
ACC005213,CUST03647,Savings,BR029,2023-11-27,417173.7,Active
ACC005214,CUST04620,Savings,BR008,2024-08-20,17901.94,Active
ACC005215,CUST02194,Salary,BR021,2023-12-14,37586.24,Active
ACC005216,CUST02312,Salary,BR017,2025-08-26,324377.77,Active
ACC005217,CUST04564,Savings,BR017,2024-08-29,203828.36,Active
ACC005218,CUST01585,Savings,BR021,2018-05-28,116020.04,Active
ACC005219,CUST03007,Savings,BR015,2025-06-23,2375.5,Active
ACC005220,CUST04045,Salary,BR027,2025-02-12,331909.82,Active
ACC005221,CUST01211,Salary,BR025,2025-08-28,220983.44,Active
ACC005222,CUST03415,Salary,BR033,2019-03-12,86222.83,Active
ACC005223,CUST01987,Current,BR002,2025-10-20,486139.75,Active
ACC005224,CUST03171,Savings,BR042,2021-12-28,176070.05,Active
ACC005225,CUST02727,Savings,BR016,2024-06-30,152226.79,Active
ACC005226,CUST01749,Savings,BR036,2024-01-14,255646.8,Active
ACC005227,CUST00758,Current,BR008,2018-04-22,139326.18,Active
ACC005228,CUST01178,Savings,BR016,2022-01-18,137108.3,Active
ACC005229,CUST00919,Current,BR007,2022-11-28,483177.03,Inactive
ACC005230,CUST01120,Current,BR005,2021-01-01,131312.66,Active
ACC005231,CUST00706,Savings,BR023,2020-08-11,303127.95,Active
ACC005232,CUST04930,Salary,BR008,2022-02-07,19685.89,Active
ACC005233,CUST03431,Savings,BR003,2021-07-20,78020.27,Active
ACC005234,CUST02862,Salary,BR035,2020-08-15,12018.02,Active
ACC005235,CUST04495,Salary,BR050,2020-01-06,267703.88,Active
ACC005236,CUST01808,Savings,BR036,2020-05-22,246311.67,Active
ACC005237,CUST01400,Savings,BR036,2018-04-04,166130.33,Active
ACC005238,CUST02650,Savings,BR015,2025-07-29,350440.4,Inactive
ACC005239,CUST04424,Current,BR030,2025-06-22,313271.53,Active
ACC005240,CUST01296,Savings,BR015,2019-10-30,300570.52,Active
ACC005241,CUST01621,Salary,BR029,2019-05-30,168792.8,Inactive
ACC005242,CUST02443,Savings,BR004,2021-05-28,164245.72,Active
ACC005243,CUST02596,Current,BR034,2018-07-13,436850.74,Active
ACC005244,CUST04173,Salary,BR023,2023-10-03,272438.42,Active
ACC005245,CUST01073,Current,BR035,2020-07-22,136844.86,Active
ACC005246,CUST04076,Savings,BR028,2020-03-22,272067.15,Active
ACC005247,CUST01450,Savings,BR031,2022-05-31,134118.64,Active
ACC005248,CUST03943,Savings,BR042,2022-10-20,93464.22,Active
ACC005249,CUST01772,Savings,BR033,2023-05-31,141806.02,Active
ACC005250,CUST01018,Savings,BR018,2022-03-01,314817.35,Active
ACC005251,CUST03693,Savings,BR005,2022-07-12,258403.18,Active
ACC005252,CUST04225,Current,BR009,2022-01-18,83085.68,Active
ACC005253,CUST00519,Savings,BR020,2023-06-25,454048.5,Active
ACC005254,CUST02352,Current,BR038,2022-09-19,249649.75,Active
ACC005255,CUST01136,Savings,BR009,2020-10-28,397068.9,Active
ACC005256,CUST02773,Savings,BR018,2023-11-09,166013.53,Active
ACC005257,CUST00912,Savings,BR015,2018-12-12,478822.14,Active
ACC005258,CUST00816,Savings,BR015,2018-12-17,376294.46,Active
ACC005259,CUST00974,Savings,BR014,2018-07-29,227798.93,Active
ACC005260,CUST01963,Current,BR035,2024-04-24,451244.12,Active
ACC005261,CUST02867,Salary,BR040,2025-08-06,359015.77,Active
ACC005262,CUST02411,Savings,BR043,2019-11-27,215833.57,Active
ACC005263,CUST03103,Savings,BR036,2024-06-09,487094.67,Active
ACC005264,CUST01801,Savings,BR047,2021-06-18,149973.13,Active
ACC005265,CUST00809,Salary,BR042,2022-06-30,129028.81,Active
ACC005266,CUST00570,Current,BR020,2022-04-07,447433.45,Active
ACC005267,CUST00970,Current,BR011,2020-05-14,353978.55,Active
ACC005268,CUST04080,Savings,BR041,2024-04-11,173409.4,Active
ACC005269,CUST01880,Savings,BR017,2020-02-25,116669.39,Active
ACC005270,CUST03320,Savings,BR041,2025-03-23,89841.11,Active
ACC005271,CUST04706,Salary,BR025,2023-05-15,157434.69,Active
ACC005272,CUST00388,Savings,BR029,2024-06-09,63644.45,Active
ACC005273,CUST04855,Current,BR023,2022-04-08,73528.72,Active
ACC005274,CUST02490,Savings,BR009,2018-04-21,388535.53,Active
ACC005275,CUST00516,Savings,BR025,2021-02-27,32816.35,Active
ACC005276,CUST03845,Savings,BR041,2024-04-26,220204.85,Active
ACC005277,CUST02891,Current,BR023,2019-10-28,203094.42,Inactive
ACC005278,CUST04141,Savings,BR002,2025-01-22,480135.33,Active
ACC005279,CUST01443,Salary,BR045,2019-07-15,233305.3,Active
ACC005280,CUST00723,Savings,BR001,2018-02-22,81266.83,Active
ACC005281,CUST00756,Savings,BR038,2020-06-20,45113.94,Active
ACC005282,CUST02251,Savings,BR006,2024-02-16,366486.86,Active
ACC005283,CUST01909,Salary,BR048,2022-07-23,74720.49,Active
ACC005284,CUST02587,Savings,BR044,2022-02-23,469053.57,Active
ACC005285,CUST00386,Savings,BR015,2024-01-01,280047.45,Active
ACC005286,CUST03016,Savings,BR007,2025-09-08,201446.6,Active
ACC005287,CUST04456,Savings,BR002,2021-04-18,342482.0,Active
ACC005288,CUST04088,Current,BR030,2022-03-23,100265.11,Inactive
ACC005289,CUST01492,Savings,BR029,2025-10-21,191746.5,Inactive
ACC005290,CUST01968,Current,BR012,2019-12-19,17673.51,Active
ACC005291,CUST04301,Current,BR034,2025-12-30,438961.41,Active
ACC005292,CUST03319,Salary,BR030,2019-10-17,213203.28,Active
ACC005293,CUST03039,Savings,BR036,2021-02-05,379653.77,Active
ACC005294,CUST01073,Savings,BR035,2024-02-11,458510.55,Active
ACC005295,CUST04462,Salary,BR002,2022-11-11,326743.78,Active
ACC005296,CUST02301,Current,BR050,2025-03-22,188497.6,Active
ACC005297,CUST00769,Savings,BR003,2022-02-07,310144.71,Active
ACC005298,CUST02680,Savings,BR042,2025-09-07,180805.19,Active
ACC005299,CUST00987,Salary,BR012,2023-11-20,284089.67,Active
ACC005300,CUST04513,Savings,BR004,2022-10-16,216650.5,Active
ACC005301,CUST03107,Salary,BR007,2022-09-18,75784.34,Active
ACC005302,CUST02360,Savings,BR020,2023-07-09,390270.47,Active
ACC005303,CUST00197,Savings,BR019,2025-06-20,248713.11,Active
ACC005304,CUST03045,Savings,BR008,2024-12-11,95881.18,Active
ACC005305,CUST02308,Savings,BR003,2020-12-17,446023.01,Active
ACC005306,CUST01390,Savings,BR027,2025-05-02,426756.14,Active
ACC005307,CUST03559,Salary,BR015,2018-03-29,279854.25,Inactive
ACC005308,CUST02582,Current,BR008,2021-02-19,485189.02,Active
ACC005309,CUST02072,Current,BR018,2021-06-21,463657.96,Active
ACC005310,CUST02991,Current,BR029,2020-12-26,448605.91,Active
ACC005311,CUST01670,Savings,BR046,2024-05-30,67512.6,Active
ACC005312,CUST01418,Savings,BR036,2025-12-12,148020.15,Active
ACC005313,CUST02727,Salary,BR003,2023-09-19,205684.92,Active
ACC005314,CUST04133,Savings,BR009,2021-05-20,416122.73,Active
ACC005315,CUST02870,Savings,BR010,2020-12-15,435746.65,Active
ACC005316,CUST01587,Salary,BR040,2025-07-22,375991.11,Active
ACC005317,CUST04668,Savings,BR020,2018-10-18,236727.25,Active
ACC005318,CUST04403,Salary,BR002,2025-11-04,81788.67,Inactive
ACC005319,CUST04401,Salary,BR001,2022-07-01,18562.9,Active
ACC005320,CUST02227,Savings,BR027,2019-12-08,349951.88,Active
ACC005321,CUST03737,Savings,BR004,2020-03-09,497082.88,Inactive
ACC005322,CUST00932,Salary,BR048,2022-01-12,173390.59,Active
ACC005323,CUST01543,Savings,BR037,2020-04-23,284797.22,Active
ACC005324,CUST01993,Savings,BR032,2025-05-09,405480.35,Active
ACC005325,CUST03707,Savings,BR018,2020-07-02,94054.32,Active
ACC005326,CUST04060,Current,BR014,2018-12-10,414948.95,Inactive
ACC005327,CUST03550,Current,BR045,2022-04-21,313046.21,Active
ACC005328,CUST03145,Salary,BR048,2020-09-03,285354.31,Active
ACC005329,CUST04893,Salary,BR015,2023-09-24,381378.56,Active
ACC005330,CUST01535,Salary,BR004,2021-04-15,121233.32,Active
ACC005331,CUST03137,Savings,BR019,2022-07-07,307775.42,Active
ACC005332,CUST04843,Current,BR024,2018-05-02,120947.75,Active
ACC005333,CUST02675,Savings,BR030,2018-10-02,90588.17,Active
ACC005334,CUST04549,Savings,BR013,2020-08-17,312053.96,Active
ACC005335,CUST04927,Salary,BR011,2018-11-08,135371.27,Active
ACC005336,CUST04854,Savings,BR028,2024-10-01,357475.21,Active
ACC005337,CUST00861,Salary,BR050,2025-09-09,257728.23,Active
ACC005338,CUST01553,Savings,BR011,2021-09-14,347781.93,Active
ACC005339,CUST04915,Salary,BR001,2021-01-31,445917.81,Active
ACC005340,CUST01393,Savings,BR047,2019-11-19,69984.78,Active
ACC005341,CUST01880,Savings,BR042,2024-05-18,34302.59,Active
ACC005342,CUST00381,Savings,BR004,2021-06-22,200558.54,Active
ACC005343,CUST00649,Savings,BR038,2021-03-02,358637.13,Active
ACC005344,CUST04342,Savings,BR034,2020-05-05,443189.59,Active
ACC005345,CUST03622,Salary,BR049,2025-06-11,18362.41,Active
ACC005346,CUST04661,Current,BR012,2022-12-21,396686.12,Active
ACC005347,CUST03418,Savings,BR024,2018-12-07,38633.14,Active
ACC005348,CUST00821,Savings,BR037,2018-01-22,290707.26,Active
ACC005349,CUST00472,Savings,BR032,2023-06-28,172707.33,Active
ACC005350,CUST02017,Savings,BR019,2025-03-01,9809.44,Active
ACC005351,CUST00122,Current,BR029,2025-06-10,49449.63,Active
ACC005352,CUST04877,Savings,BR038,2020-08-27,177509.38,Active
ACC005353,CUST02796,Current,BR049,2023-07-06,476922.95,Active
ACC005354,CUST04217,Savings,BR029,2018-12-11,78261.2,Active
ACC005355,CUST02187,Savings,BR019,2022-09-26,136716.55,Active
ACC005356,CUST02135,Current,BR020,2022-01-24,497072.4,Active
ACC005357,CUST02178,Savings,BR003,2023-02-26,240829.62,Active
ACC005358,CUST02300,Salary,BR040,2018-07-19,131860.31,Active
ACC005359,CUST01384,Current,BR005,2023-08-15,308353.8,Active
ACC005360,CUST03502,Current,BR023,2024-06-05,218580.1,Active
ACC005361,CUST04143,Savings,BR005,2022-11-06,429295.76,Active
ACC005362,CUST01969,Salary,BR030,2025-08-17,4981.59,Active
ACC005363,CUST03663,Current,BR032,2019-06-24,498391.53,Active
ACC005364,CUST01834,Savings,BR024,2021-03-21,34089.91,Inactive
ACC005365,CUST03948,Savings,BR049,2024-04-12,269024.72,Active
ACC005366,CUST02473,Savings,BR042,2023-08-23,349002.59,Active
ACC005367,CUST04827,Savings,BR035,2020-09-04,275365.27,Active
ACC005368,CUST04207,Salary,BR032,2022-01-28,151086.11,Active
ACC005369,CUST01251,Savings,BR045,2018-10-13,427860.95,Active
ACC005370,CUST03111,Salary,BR048,2022-06-26,215781.09,Active
ACC005371,CUST00135,Savings,BR044,2024-07-14,151049.97,Active
ACC005372,CUST00610,Savings,BR022,2021-05-22,384398.52,Active
ACC005373,CUST01058,Salary,BR021,2018-04-23,73782.08,Active
ACC005374,CUST03035,Savings,BR028,2018-12-04,103299.52,Active
ACC005375,CUST01989,Savings,BR049,2018-03-31,127132.11,Active
ACC005376,CUST03775,Salary,BR034,2025-10-01,218005.61,Active
ACC005377,CUST02247,Salary,BR016,2025-09-07,11147.82,Active
ACC005378,CUST04656,Salary,BR011,2022-02-08,495896.05,Active
ACC005379,CUST00259,Salary,BR033,2020-11-19,300475.33,Active
ACC005380,CUST03901,Current,BR044,2022-04-13,485389.0,Active
ACC005381,CUST00916,Savings,BR038,2021-11-12,403919.18,Active
ACC005382,CUST03943,Current,BR019,2022-05-23,68020.69,Active
ACC005383,CUST00238,Salary,BR028,2018-12-23,105324.96,Active
ACC005384,CUST03356,Savings,BR029,2025-02-06,18190.19,Active
ACC005385,CUST00688,Savings,BR037,2019-04-04,417061.45,Active
ACC005386,CUST01159,Savings,BR003,2019-04-16,297135.35,Active
ACC005387,CUST02130,Current,BR018,2025-12-24,108317.46,Active
ACC005388,CUST00595,Savings,BR018,2022-10-05,485072.32,Active
ACC005389,CUST02702,Current,BR012,2025-03-05,368632.75,Active
ACC005390,CUST01751,Savings,BR018,2021-02-15,353053.89,Active
ACC005391,CUST00403,Current,BR032,2018-11-04,134229.95,Active
ACC005392,CUST00822,Savings,BR042,2019-07-18,157373.44,Active
ACC005393,CUST03839,Savings,BR036,2020-11-04,334321.44,Active
ACC005394,CUST02236,Current,BR019,2024-10-07,297182.27,Active
ACC005395,CUST02541,Savings,BR004,2021-01-24,323994.49,Active
ACC005396,CUST02303,Savings,BR011,2019-09-02,439532.57,Active
ACC005397,CUST01698,Savings,BR003,2018-02-24,81040.06,Active
ACC005398,CUST03929,Savings,BR027,2021-07-25,59050.38,Active
ACC005399,CUST01614,Savings,BR047,2019-02-17,282751.95,Active
ACC005400,CUST04581,Salary,BR016,2022-02-03,250577.72,Active
ACC005401,CUST03680,Current,BR044,2018-02-07,202032.07,Active
ACC005402,CUST03553,Salary,BR018,2020-02-09,452451.67,Active
ACC005403,CUST02228,Savings,BR030,2018-07-02,279631.75,Active
ACC005404,CUST03679,Savings,BR024,2021-05-21,284058.44,Active
ACC005405,CUST04997,Savings,BR006,2018-05-06,183848.23,Active
ACC005406,CUST01465,Current,BR047,2018-05-20,172691.85,Active
ACC005407,CUST04740,Savings,BR034,2019-09-13,493814.62,Active
ACC005408,CUST04883,Current,BR012,2022-03-25,311913.31,Active
ACC005409,CUST03101,Savings,BR042,2022-01-26,412732.72,Active
ACC005410,CUST04114,Savings,BR023,2018-02-01,224281.62,Active
ACC005411,CUST01957,Savings,BR036,2018-08-23,96735.3,Active
ACC005412,CUST04094,Salary,BR040,2018-03-14,163095.66,Inactive
ACC005413,CUST04852,Savings,BR015,2019-04-17,173717.51,Active
ACC005414,CUST00687,Savings,BR016,2022-07-30,282891.35,Active
ACC005415,CUST02037,Salary,BR045,2022-11-25,78153.23,Active
ACC005416,CUST03580,Current,BR047,2019-09-20,194122.04,Active
ACC005417,CUST00601,Savings,BR014,2019-10-30,51188.01,Active
ACC005418,CUST01044,Savings,BR015,2019-08-17,248768.66,Inactive
ACC005419,CUST01380,Savings,BR012,2025-04-20,473764.79,Active
ACC005420,CUST04529,Savings,BR043,2024-05-28,170127.9,Active
ACC005421,CUST01042,Current,BR035,2025-04-30,25806.51,Active
ACC005422,CUST01574,Savings,BR025,2023-05-11,304771.5,Active
ACC005423,CUST04472,Salary,BR014,2024-03-10,317730.11,Active
ACC005424,CUST01364,Savings,BR002,2018-06-16,240305.28,Active
ACC005425,CUST01011,Savings,BR018,2024-09-15,199032.93,Active
ACC005426,CUST04812,Salary,BR035,2025-10-09,446439.64,Active
ACC005427,CUST01257,Savings,BR009,2023-03-19,469280.15,Active
ACC005428,CUST01128,Salary,BR011,2020-08-26,336907.63,Active
ACC005429,CUST01024,Current,BR026,2023-07-21,251111.26,Active
ACC005430,CUST03695,Savings,BR003,2018-06-28,34706.3,Active
ACC005431,CUST02785,Savings,BR005,2024-01-28,151218.04,Active
ACC005432,CUST04317,Savings,BR032,2023-07-15,143260.78,Active
ACC005433,CUST01050,Salary,BR041,2023-08-14,30063.01,Active
ACC005434,CUST02302,Savings,BR010,2018-12-02,421838.19,Active
ACC005435,CUST04922,Savings,BR038,2018-07-14,433656.76,Active
ACC005436,CUST01155,Savings,BR006,2023-06-15,456273.07,Active
ACC005437,CUST00030,Current,BR011,2025-09-18,371162.85,Active
ACC005438,CUST00787,Savings,BR017,2021-09-29,355546.47,Active
ACC005439,CUST04106,Savings,BR002,2021-05-16,239435.43,Inactive
ACC005440,CUST03161,Salary,BR041,2023-05-14,428841.57,Active
ACC005441,CUST01171,Savings,BR024,2022-03-07,255557.15,Active
ACC005442,CUST03199,Savings,BR050,2023-12-18,15790.91,Active
ACC005443,CUST02746,Current,BR005,2023-07-26,292870.28,Active
ACC005444,CUST01365,Salary,BR021,2025-10-04,195838.34,Active
ACC005445,CUST01542,Savings,BR006,2024-12-09,261127.68,Active
ACC005446,CUST04147,Savings,BR004,2022-08-23,220912.34,Active
ACC005447,CUST04494,Savings,BR009,2022-12-06,248902.3,Active
ACC005448,CUST00314,Savings,BR005,2024-06-28,55177.79,Active
ACC005449,CUST02696,Current,BR004,2022-11-19,8252.07,Active
ACC005450,CUST04610,Savings,BR009,2018-01-24,170753.51,Inactive
ACC005451,CUST00530,Current,BR018,2019-01-12,128014.9,Active
ACC005452,CUST04956,Savings,BR043,2020-02-18,125778.8,Active
ACC005453,CUST02467,Salary,BR016,2021-03-25,468610.52,Active
ACC005454,CUST02242,Savings,BR002,2023-11-11,409673.53,Active
ACC005455,CUST00312,Salary,BR029,2023-03-12,7672.06,Active
ACC005456,CUST00996,Savings,BR048,2022-11-09,5350.89,Inactive
ACC005457,CUST02524,Current,BR042,2023-12-09,388673.06,Active
ACC005458,CUST02632,Savings,BR036,2024-11-04,492445.43,Active
ACC005459,CUST00264,Savings,BR012,2025-04-03,233137.97,Active
ACC005460,CUST03853,Salary,BR041,2020-06-18,217131.75,Active
ACC005461,CUST00021,Savings,BR045,2019-08-10,138636.44,Active
ACC005462,CUST02525,Savings,BR037,2020-11-20,333650.24,Active
ACC005463,CUST04645,Current,BR034,2025-07-17,236353.06,Active
ACC005464,CUST01197,Current,BR035,2025-04-02,84591.84,Active
ACC005465,CUST03134,Savings,BR040,2019-09-02,241205.95,Active
ACC005466,CUST00206,Savings,BR006,2023-12-17,188809.13,Active
ACC005467,CUST01637,Savings,BR037,2024-11-05,445013.15,Active
ACC005468,CUST00631,Salary,BR036,2020-03-17,386021.72,Active
ACC005469,CUST02227,Savings,BR020,2024-10-19,350922.47,Active
ACC005470,CUST02390,Current,BR016,2022-06-19,164252.95,Active
ACC005471,CUST04536,Savings,BR008,2022-08-27,70668.08,Active
ACC005472,CUST01099,Savings,BR044,2024-12-29,432474.81,Active
ACC005473,CUST00290,Savings,BR022,2023-06-10,172030.95,Active
ACC005474,CUST02605,Current,BR005,2025-05-23,296885.34,Active
ACC005475,CUST00208,Savings,BR005,2021-09-13,295821.96,Active
ACC005476,CUST03815,Savings,BR045,2018-04-19,464098.49,Active
ACC005477,CUST00272,Savings,BR011,2019-06-10,86690.09,Active
ACC005478,CUST03679,Savings,BR043,2022-02-07,386051.09,Active
ACC005479,CUST00415,Savings,BR019,2023-06-25,231832.7,Active
ACC005480,CUST03469,Savings,BR039,2020-08-07,88201.25,Active
ACC005481,CUST04480,Current,BR017,2024-09-05,417983.67,Active
ACC005482,CUST01285,Savings,BR037,2025-06-13,410249.41,Active
ACC005483,CUST04987,Savings,BR038,2022-07-26,21051.02,Active
ACC005484,CUST01663,Salary,BR018,2020-05-01,355010.57,Active
ACC005485,CUST04015,Savings,BR050,2019-08-29,77606.42,Active
ACC005486,CUST01042,Salary,BR009,2024-07-22,305569.81,Active
ACC005487,CUST04091,Savings,BR050,2022-06-13,322257.51,Active
ACC005488,CUST02295,Savings,BR017,2020-04-01,332957.03,Active
ACC005489,CUST03714,Savings,BR041,2025-07-28,60928.33,Active
ACC005490,CUST02462,Savings,BR033,2018-11-03,299559.64,Active
ACC005491,CUST01344,Savings,BR020,2020-06-28,50831.74,Active
ACC005492,CUST02763,Savings,BR018,2020-11-23,373031.54,Inactive
ACC005493,CUST02229,Current,BR024,2024-01-26,32808.57,Active
ACC005494,CUST03368,Savings,BR013,2021-09-30,379147.71,Active
ACC005495,CUST00944,Savings,BR040,2025-01-23,441862.71,Active
ACC005496,CUST04989,Savings,BR028,2022-07-01,149972.28,Active
ACC005497,CUST04157,Current,BR046,2022-07-30,389367.7,Active
ACC005498,CUST04060,Savings,BR003,2019-06-22,209343.08,Active
ACC005499,CUST00166,Savings,BR036,2020-07-16,399059.09,Inactive
ACC005500,CUST01906,Salary,BR011,2025-06-30,343439.93,Active
ACC005501,CUST03057,Salary,BR039,2021-01-09,145281.12,Active
ACC005502,CUST01324,Savings,BR021,2025-06-29,97673.1,Active
ACC005503,CUST04751,Salary,BR037,2019-12-06,457456.33,Active
ACC005504,CUST00351,Savings,BR002,2024-02-17,419650.61,Active
ACC005505,CUST02311,Salary,BR006,2018-10-10,330291.11,Active
ACC005506,CUST03310,Current,BR005,2020-08-28,175336.44,Active
ACC005507,CUST00932,Salary,BR047,2019-05-04,255719.23,Active
ACC005508,CUST03839,Current,BR043,2025-10-24,279374.2,Active
ACC005509,CUST01114,Savings,BR032,2023-09-21,43948.91,Active
ACC005510,CUST02187,Savings,BR037,2018-06-19,486144.7,Active
ACC005511,CUST01990,Savings,BR050,2022-05-12,46817.79,Active
ACC005512,CUST01386,Savings,BR040,2020-05-17,361120.15,Inactive
ACC005513,CUST03485,Savings,BR011,2019-07-20,246908.03,Active
ACC005514,CUST01117,Salary,BR017,2021-11-18,380179.49,Active
ACC005515,CUST00134,Savings,BR014,2019-01-20,131204.23,Active
ACC005516,CUST03952,Savings,BR002,2023-03-27,198160.07,Active
ACC005517,CUST01228,Savings,BR039,2025-03-30,263225.23,Active
ACC005518,CUST03110,Current,BR018,2018-03-22,61246.34,Active
ACC005519,CUST02505,Savings,BR033,2025-09-28,426066.85,Active
ACC005520,CUST03606,Savings,BR030,2024-11-13,495777.22,Active
ACC005521,CUST01882,Salary,BR015,2022-04-11,209376.2,Active
ACC005522,CUST04534,Salary,BR029,2018-08-26,189031.4,Active
ACC005523,CUST00680,Current,BR026,2024-06-04,297446.23,Active
ACC005524,CUST02695,Current,BR001,2020-01-07,344645.67,Inactive
ACC005525,CUST02670,Savings,BR017,2020-04-19,434419.63,Active
ACC005526,CUST01248,Current,BR039,2023-04-17,187072.61,Active
ACC005527,CUST01192,Savings,BR048,2022-01-03,382648.81,Active
ACC005528,CUST01131,Savings,BR002,2025-01-20,120800.27,Active
ACC005529,CUST01404,Savings,BR015,2018-03-29,340543.55,Active
ACC005530,CUST02072,Savings,BR022,2023-09-03,233905.86,Active
ACC005531,CUST01331,Savings,BR020,2018-11-28,331178.6,Active
ACC005532,CUST01382,Savings,BR029,2024-11-16,190524.01,Active
ACC005533,CUST00370,Savings,BR025,2018-07-08,147875.33,Active
ACC005534,CUST03795,Savings,BR043,2024-03-19,243509.08,Active
ACC005535,CUST02491,Current,BR024,2018-12-19,447656.25,Active
ACC005536,CUST01177,Savings,BR034,2021-01-16,337751.17,Active
ACC005537,CUST00376,Salary,BR043,2024-03-19,306216.99,Active
ACC005538,CUST02761,Savings,BR021,2024-12-10,360212.75,Active
ACC005539,CUST03291,Current,BR048,2023-07-25,364826.73,Active
ACC005540,CUST01944,Current,BR002,2020-05-09,148077.29,Active
ACC005541,CUST00958,Salary,BR016,2018-06-16,117136.08,Active
ACC005542,CUST00811,Savings,BR040,2022-09-26,255056.8,Active
ACC005543,CUST04923,Savings,BR021,2018-04-11,74770.5,Active
ACC005544,CUST01534,Savings,BR037,2019-06-09,237895.58,Active
ACC005545,CUST04431,Savings,BR008,2021-03-16,346829.59,Active
ACC005546,CUST00410,Savings,BR014,2019-05-03,4697.67,Active
ACC005547,CUST00054,Salary,BR046,2022-03-25,56462.58,Active
ACC005548,CUST04797,Savings,BR022,2023-10-30,481114.71,Active
ACC005549,CUST01099,Savings,BR018,2025-03-12,464043.04,Active
ACC005550,CUST02397,Savings,BR005,2020-04-01,209540.34,Active
ACC005551,CUST00975,Savings,BR042,2021-02-23,295426.38,Active
ACC005552,CUST04489,Salary,BR047,2022-05-25,78490.93,Active
ACC005553,CUST04650,Salary,BR045,2023-05-29,166174.98,Active
ACC005554,CUST02895,Savings,BR030,2022-09-02,396673.16,Inactive
ACC005555,CUST03280,Savings,BR031,2025-04-03,428127.32,Inactive
ACC005556,CUST04922,Salary,BR009,2018-03-13,203240.79,Active
ACC005557,CUST04840,Savings,BR031,2024-04-11,156215.29,Active
ACC005558,CUST02225,Current,BR031,2019-08-02,341159.27,Inactive
ACC005559,CUST02559,Salary,BR041,2025-05-13,359233.68,Active
ACC005560,CUST03691,Savings,BR009,2021-05-18,491919.71,Active
ACC005561,CUST00139,Savings,BR037,2018-07-13,348967.08,Active
ACC005562,CUST03174,Savings,BR006,2019-06-22,120842.33,Active
ACC005563,CUST02521,Salary,BR042,2018-11-28,30932.31,Active
ACC005564,CUST04638,Savings,BR026,2018-10-20,129545.0,Active
ACC005565,CUST02242,Savings,BR010,2019-12-31,114099.66,Inactive
ACC005566,CUST03828,Current,BR006,2018-02-05,47324.31,Active
ACC005567,CUST01338,Salary,BR033,2022-04-01,222749.4,Active
ACC005568,CUST04090,Savings,BR045,2021-01-06,144781.42,Active
ACC005569,CUST02853,Savings,BR030,2022-07-29,462620.19,Active
ACC005570,CUST02295,Savings,BR040,2018-09-02,202550.96,Active
ACC005571,CUST02678,Savings,BR024,2023-10-03,438431.69,Active
ACC005572,CUST00073,Savings,BR028,2021-01-21,154059.3,Active
ACC005573,CUST02879,Salary,BR045,2023-01-24,415913.81,Active
ACC005574,CUST02142,Savings,BR038,2021-10-31,227802.76,Active
ACC005575,CUST04531,Savings,BR029,2024-02-02,17146.74,Active
ACC005576,CUST01807,Savings,BR044,2018-07-09,243989.76,Active
ACC005577,CUST02046,Savings,BR015,2022-11-17,114157.33,Active
ACC005578,CUST03503,Current,BR008,2025-10-25,154413.64,Active
ACC005579,CUST04553,Current,BR023,2023-07-05,342494.34,Active
ACC005580,CUST03502,Current,BR043,2021-04-30,265222.82,Active
ACC005581,CUST02277,Current,BR009,2019-09-08,444417.64,Active
ACC005582,CUST02078,Current,BR011,2018-03-09,468041.37,Active
ACC005583,CUST01649,Savings,BR006,2024-06-29,345787.73,Active
ACC005584,CUST00335,Savings,BR047,2021-03-24,431904.17,Active
ACC005585,CUST04756,Current,BR049,2019-03-30,98342.12,Active
ACC005586,CUST04665,Savings,BR012,2024-03-23,40557.96,Inactive
ACC005587,CUST04273,Savings,BR034,2022-03-12,167151.59,Active
ACC005588,CUST02872,Savings,BR021,2023-11-22,163532.43,Active
ACC005589,CUST02616,Savings,BR032,2019-04-11,332881.17,Inactive
ACC005590,CUST04873,Savings,BR036,2024-10-11,420339.52,Active
ACC005591,CUST04173,Current,BR025,2022-11-11,149144.29,Active
ACC005592,CUST00933,Savings,BR035,2024-10-25,212961.73,Active
ACC005593,CUST00636,Salary,BR034,2025-08-03,53372.72,Active
ACC005594,CUST03230,Savings,BR019,2021-02-23,206957.73,Inactive
ACC005595,CUST01191,Savings,BR037,2020-11-25,107989.94,Active
ACC005596,CUST00012,Savings,BR017,2021-06-19,191845.24,Active
ACC005597,CUST04003,Savings,BR016,2018-05-13,133907.28,Inactive
ACC005598,CUST04927,Salary,BR016,2020-06-10,404556.04,Active
ACC005599,CUST01450,Savings,BR044,2021-06-04,3027.28,Active
ACC005600,CUST00449,Savings,BR004,2021-11-27,170015.42,Active
ACC005601,CUST02497,Savings,BR049,2019-01-31,484648.58,Active
ACC005602,CUST00427,Savings,BR030,2023-11-08,339817.36,Active
ACC005603,CUST00916,Savings,BR034,2024-04-21,386311.45,Active
ACC005604,CUST03170,Savings,BR005,2018-03-24,430077.01,Active
ACC005605,CUST04727,Savings,BR033,2022-03-04,181560.2,Active
ACC005606,CUST04322,Current,BR046,2025-05-22,33906.37,Active
ACC005607,CUST00447,Current,BR009,2025-01-23,205934.29,Active
ACC005608,CUST01911,Savings,BR017,2020-04-20,326700.51,Active
ACC005609,CUST03736,Savings,BR012,2021-01-12,186025.0,Active
ACC005610,CUST02251,Current,BR024,2023-09-06,224707.94,Active
ACC005611,CUST04771,Current,BR012,2019-01-14,412926.49,Active
ACC005612,CUST02682,Savings,BR015,2023-04-09,19082.33,Active
ACC005613,CUST01402,Savings,BR016,2024-09-06,168025.79,Active
ACC005614,CUST03408,Savings,BR023,2018-08-05,244718.1,Active
ACC005615,CUST01044,Savings,BR018,2019-01-16,150294.33,Active
ACC005616,CUST03019,Savings,BR022,2019-09-29,223468.85,Active
ACC005617,CUST00392,Savings,BR046,2020-03-10,201480.41,Active
ACC005618,CUST04820,Salary,BR044,2024-12-30,462030.56,Active
ACC005619,CUST01286,Savings,BR031,2018-10-10,247068.15,Active
ACC005620,CUST04110,Savings,BR043,2018-08-02,238684.66,Active
ACC005621,CUST02435,Current,BR015,2021-03-25,127989.56,Active
ACC005622,CUST00642,Current,BR021,2023-08-09,24115.09,Active
ACC005623,CUST01046,Savings,BR008,2025-01-21,150439.57,Active
ACC005624,CUST04321,Savings,BR049,2020-05-04,14576.88,Active
ACC005625,CUST04038,Savings,BR040,2019-09-09,413560.35,Active
ACC005626,CUST03048,Savings,BR036,2023-09-20,102939.54,Active
ACC005627,CUST01158,Savings,BR042,2019-06-03,455685.57,Active
ACC005628,CUST03250,Savings,BR038,2020-10-25,443032.19,Active
ACC005629,CUST03628,Savings,BR006,2020-11-10,332683.24,Active
ACC005630,CUST01544,Current,BR017,2019-10-08,431409.3,Active
ACC005631,CUST00792,Savings,BR040,2020-07-29,439079.6,Active
ACC005632,CUST00437,Savings,BR045,2018-08-30,388396.85,Active
ACC005633,CUST03515,Savings,BR047,2020-07-19,254456.04,Active
ACC005634,CUST04677,Current,BR036,2023-11-24,475073.19,Active
ACC005635,CUST04783,Salary,BR028,2018-12-09,409052.79,Active
ACC005636,CUST04461,Current,BR047,2022-07-25,64365.52,Active
ACC005637,CUST03960,Salary,BR023,2024-09-30,210534.24,Active
ACC005638,CUST04365,Savings,BR031,2018-02-07,270305.9,Active
ACC005639,CUST01717,Savings,BR046,2018-12-02,265177.84,Active
ACC005640,CUST03637,Savings,BR011,2024-11-25,190387.86,Active
ACC005641,CUST03365,Savings,BR020,2023-12-01,266288.49,Active
ACC005642,CUST04174,Savings,BR032,2018-09-08,47403.03,Active
ACC005643,CUST00189,Savings,BR017,2020-06-30,327960.99,Active
ACC005644,CUST02719,Savings,BR042,2018-09-21,249373.36,Active
ACC005645,CUST02406,Savings,BR038,2020-06-17,394038.84,Active
ACC005646,CUST03931,Salary,BR006,2019-08-04,347000.46,Active
ACC005647,CUST03166,Savings,BR001,2024-08-28,57272.13,Active
ACC005648,CUST00903,Savings,BR037,2022-11-26,176004.06,Active
ACC005649,CUST00341,Savings,BR004,2025-10-05,368387.1,Active
ACC005650,CUST02882,Salary,BR031,2021-11-15,169106.21,Active
ACC005651,CUST04507,Current,BR011,2020-10-06,283883.62,Active
ACC005652,CUST04994,Savings,BR017,2022-06-10,480673.5,Active
ACC005653,CUST00644,Savings,BR007,2022-10-20,40880.38,Active
ACC005654,CUST00021,Current,BR035,2019-07-16,95954.31,Active
ACC005655,CUST03073,Savings,BR002,2024-11-25,240824.09,Active
ACC005656,CUST00678,Salary,BR040,2021-03-03,369478.29,Active
ACC005657,CUST01100,Savings,BR037,2021-11-13,165725.56,Active
ACC005658,CUST02651,Savings,BR037,2022-11-01,59613.28,Active
ACC005659,CUST03470,Salary,BR010,2018-03-02,158572.14,Active
ACC005660,CUST04184,Savings,BR012,2022-11-01,322571.85,Active
ACC005661,CUST02065,Savings,BR017,2021-10-06,396481.35,Inactive
ACC005662,CUST03401,Savings,BR046,2019-10-19,488529.43,Active
ACC005663,CUST02872,Current,BR026,2023-06-01,380911.5,Active
ACC005664,CUST02431,Savings,BR005,2018-06-18,246637.07,Inactive
ACC005665,CUST02688,Savings,BR005,2020-11-11,147015.91,Active
ACC005666,CUST01417,Savings,BR038,2025-10-28,463830.68,Active
ACC005667,CUST04406,Salary,BR047,2021-01-07,267570.95,Active
ACC005668,CUST00492,Savings,BR027,2024-06-07,344708.01,Active
ACC005669,CUST00760,Savings,BR005,2025-06-28,236747.74,Active
ACC005670,CUST03502,Savings,BR008,2023-03-22,121811.42,Active
ACC005671,CUST00001,Current,BR031,2019-01-22,273922.29,Active
ACC005672,CUST02089,Salary,BR033,2022-06-01,420112.19,Active
ACC005673,CUST03657,Savings,BR021,2022-04-15,192277.14,Active
ACC005674,CUST04768,Salary,BR035,2024-07-04,334694.52,Active
ACC005675,CUST00212,Savings,BR021,2024-11-12,22135.72,Active
ACC005676,CUST03723,Savings,BR015,2024-01-10,468332.25,Active
ACC005677,CUST03518,Salary,BR036,2025-08-04,484995.84,Active
ACC005678,CUST01966,Savings,BR002,2022-09-11,193761.01,Active
ACC005679,CUST00304,Current,BR030,2020-03-17,249693.57,Active
ACC005680,CUST04787,Salary,BR028,2024-12-09,81130.77,Active
ACC005681,CUST03773,Savings,BR017,2025-03-27,98902.16,Active
ACC005682,CUST01782,Savings,BR044,2019-10-03,301432.24,Active
ACC005683,CUST03226,Salary,BR020,2023-01-04,313875.23,Active
ACC005684,CUST04712,Savings,BR040,2024-02-17,171461.86,Active
ACC005685,CUST04619,Savings,BR029,2023-10-01,187640.07,Active
ACC005686,CUST02073,Savings,BR005,2025-03-27,253608.04,Active
ACC005687,CUST00808,Savings,BR025,2024-07-16,469956.41,Active
ACC005688,CUST04121,Current,BR010,2025-01-16,75678.66,Active
ACC005689,CUST01777,Savings,BR019,2018-01-17,276212.38,Active
ACC005690,CUST03191,Current,BR041,2018-08-30,30034.89,Active
ACC005691,CUST04043,Salary,BR048,2022-08-21,229716.2,Active
ACC005692,CUST04204,Savings,BR001,2019-10-13,199208.89,Active
ACC005693,CUST01354,Savings,BR047,2021-12-05,82935.3,Active
ACC005694,CUST00180,Current,BR034,2018-10-21,82833.78,Active
ACC005695,CUST00881,Current,BR014,2021-12-04,225598.1,Active
ACC005696,CUST01831,Savings,BR025,2024-08-03,64170.86,Active
ACC005697,CUST04699,Savings,BR026,2019-11-04,148094.41,Inactive
ACC005698,CUST04003,Savings,BR021,2021-12-10,36537.96,Active
ACC005699,CUST02801,Savings,BR016,2018-07-01,149349.57,Active
ACC005700,CUST04264,Savings,BR010,2020-03-02,267312.54,Active
ACC005701,CUST00223,Current,BR032,2019-10-29,372191.63,Active
ACC005702,CUST04565,Savings,BR044,2023-01-12,415373.02,Active
ACC005703,CUST04374,Salary,BR045,2019-12-27,169583.41,Active
ACC005704,CUST02238,Current,BR020,2018-12-19,469459.65,Active
ACC005705,CUST02579,Savings,BR009,2018-03-10,121071.77,Inactive
ACC005706,CUST01779,Savings,BR034,2019-04-22,41207.6,Active
ACC005707,CUST00621,Current,BR031,2018-11-21,462579.82,Active
ACC005708,CUST01214,Current,BR019,2021-08-11,270365.47,Active
ACC005709,CUST04055,Salary,BR047,2021-05-17,176338.27,Active
ACC005710,CUST04314,Savings,BR031,2021-03-26,449157.32,Active
ACC005711,CUST04264,Savings,BR030,2021-01-03,388097.14,Active
ACC005712,CUST02828,Salary,BR047,2023-02-21,416389.41,Active
ACC005713,CUST02241,Savings,BR024,2024-05-23,146879.38,Active
ACC005714,CUST01363,Current,BR033,2021-06-08,436869.13,Active
ACC005715,CUST02839,Savings,BR018,2022-05-20,325236.47,Active
ACC005716,CUST02503,Current,BR021,2018-03-24,369269.91,Active
ACC005717,CUST02241,Savings,BR031,2021-07-12,156898.67,Active
ACC005718,CUST00093,Current,BR039,2018-09-26,123262.74,Active
ACC005719,CUST01239,Savings,BR042,2018-10-28,204682.58,Active
ACC005720,CUST04609,Salary,BR041,2020-10-18,288031.15,Active
ACC005721,CUST03471,Savings,BR043,2018-03-31,333327.47,Active
ACC005722,CUST03236,Savings,BR004,2023-04-10,249484.31,Active
ACC005723,CUST04202,Savings,BR026,2018-12-26,349733.25,Active
ACC005724,CUST02765,Salary,BR033,2021-08-16,354457.45,Active
ACC005725,CUST03605,Savings,BR044,2021-12-07,333371.19,Active
ACC005726,CUST02836,Savings,BR033,2021-02-22,126293.15,Active
ACC005727,CUST03902,Savings,BR049,2025-09-28,223717.92,Active
ACC005728,CUST03235,Savings,BR020,2019-12-28,383108.36,Active
ACC005729,CUST03629,Savings,BR041,2022-05-22,443593.76,Active
ACC005730,CUST01769,Savings,BR008,2021-04-16,251084.39,Active
ACC005731,CUST03510,Current,BR036,2022-12-08,493408.58,Active
ACC005732,CUST02902,Savings,BR008,2018-01-05,88181.62,Active
ACC005733,CUST01542,Current,BR031,2023-01-11,112965.17,Active
ACC005734,CUST02092,Salary,BR022,2022-10-04,230914.9,Active
ACC005735,CUST02651,Salary,BR042,2023-12-05,254861.55,Inactive
ACC005736,CUST01732,Current,BR050,2019-03-07,212814.08,Active
ACC005737,CUST00092,Savings,BR047,2019-01-25,215768.1,Active
ACC005738,CUST04855,Current,BR019,2021-10-05,244138.06,Active
ACC005739,CUST00731,Savings,BR020,2020-01-14,160763.02,Active
ACC005740,CUST04433,Savings,BR023,2018-03-25,66340.61,Active
ACC005741,CUST03815,Current,BR024,2025-04-02,478098.23,Active
ACC005742,CUST00700,Salary,BR043,2019-03-29,397698.48,Active
ACC005743,CUST03015,Savings,BR024,2021-02-08,407636.66,Active
ACC005744,CUST02312,Savings,BR036,2018-11-19,183114.49,Active
ACC005745,CUST02017,Savings,BR009,2023-05-08,202538.27,Active
ACC005746,CUST03491,Savings,BR040,2022-04-12,467985.79,Active
ACC005747,CUST00978,Current,BR016,2023-06-12,486483.79,Active
ACC005748,CUST04211,Savings,BR027,2021-02-02,471367.81,Inactive
ACC005749,CUST01259,Savings,BR045,2021-01-14,321657.49,Active
ACC005750,CUST03856,Savings,BR037,2024-12-25,122115.25,Active
ACC005751,CUST01298,Salary,BR013,2019-05-21,302881.7,Active
ACC005752,CUST01979,Current,BR002,2021-03-25,294954.22,Active
ACC005753,CUST04130,Salary,BR012,2022-10-01,454209.34,Active
ACC005754,CUST01733,Savings,BR041,2019-05-11,156522.63,Active
ACC005755,CUST02943,Salary,BR033,2020-07-29,101139.29,Active
ACC005756,CUST02510,Savings,BR023,2019-01-21,133637.7,Active
ACC005757,CUST00449,Salary,BR014,2022-07-31,122329.38,Active
ACC005758,CUST01238,Savings,BR039,2019-11-07,324543.83,Active
ACC005759,CUST04501,Savings,BR049,2023-03-12,406404.06,Active
ACC005760,CUST00333,Savings,BR030,2025-12-22,184688.51,Active
ACC005761,CUST04324,Savings,BR046,2024-05-23,89030.05,Active
ACC005762,CUST00166,Savings,BR049,2020-07-11,172202.72,Active
ACC005763,CUST04681,Salary,BR034,2022-11-29,273732.63,Active
ACC005764,CUST04833,Savings,BR009,2018-07-20,332578.53,Active
ACC005765,CUST04694,Savings,BR015,2020-03-21,275349.54,Active
ACC005766,CUST04689,Savings,BR024,2020-06-01,129108.42,Active
ACC005767,CUST04028,Savings,BR048,2021-11-03,459091.37,Active
ACC005768,CUST02775,Current,BR041,2025-01-04,219468.49,Active
ACC005769,CUST01700,Savings,BR025,2021-07-12,230026.02,Active
ACC005770,CUST01414,Salary,BR036,2021-04-26,483725.23,Active
ACC005771,CUST01447,Savings,BR032,2020-06-16,434315.36,Active
ACC005772,CUST03483,Salary,BR047,2024-08-01,403328.32,Active
ACC005773,CUST04745,Savings,BR021,2021-05-01,92162.82,Active
ACC005774,CUST01688,Salary,BR042,2021-02-07,419205.57,Active
ACC005775,CUST00447,Savings,BR039,2022-07-05,228199.01,Inactive
ACC005776,CUST03475,Current,BR006,2020-12-24,105487.5,Active
ACC005777,CUST00097,Savings,BR047,2020-12-24,495450.1,Inactive
ACC005778,CUST02427,Savings,BR025,2018-11-13,86855.08,Active
ACC005779,CUST02718,Savings,BR002,2023-11-13,461046.88,Inactive
ACC005780,CUST03258,Current,BR031,2019-04-04,1263.74,Active
ACC005781,CUST04727,Savings,BR030,2022-09-29,219521.11,Active
ACC005782,CUST00503,Savings,BR015,2019-01-30,15918.1,Inactive
ACC005783,CUST04384,Current,BR018,2021-05-04,456313.62,Active
ACC005784,CUST04465,Current,BR032,2022-04-23,63818.63,Inactive
ACC005785,CUST00065,Salary,BR014,2020-11-28,336876.14,Active
ACC005786,CUST04258,Savings,BR018,2024-01-06,315978.97,Active
ACC005787,CUST00662,Savings,BR035,2024-08-20,389755.14,Active
ACC005788,CUST03490,Savings,BR022,2024-08-10,373691.94,Active
ACC005789,CUST00481,Current,BR014,2022-10-22,17191.98,Active
ACC005790,CUST04663,Salary,BR038,2019-04-01,194811.91,Active
ACC005791,CUST03262,Salary,BR014,2018-10-03,161939.01,Active
ACC005792,CUST00406,Salary,BR034,2022-04-28,486469.75,Active
ACC005793,CUST04861,Salary,BR022,2021-06-15,387671.71,Active
ACC005794,CUST03561,Salary,BR016,2024-09-18,354271.92,Active
ACC005795,CUST03384,Savings,BR048,2018-06-12,221638.03,Active
ACC005796,CUST03668,Salary,BR049,2022-07-01,445593.2,Active
ACC005797,CUST04962,Current,BR016,2020-03-10,9393.01,Active
ACC005798,CUST01118,Savings,BR016,2025-10-22,114990.91,Active
ACC005799,CUST02438,Savings,BR040,2021-02-06,347811.39,Active
ACC005800,CUST03483,Savings,BR038,2018-06-29,254685.54,Active
ACC005801,CUST03710,Current,BR018,2023-12-20,267369.83,Active
ACC005802,CUST03441,Current,BR023,2022-03-23,208756.12,Active
ACC005803,CUST00742,Savings,BR046,2025-12-09,84062.68,Active
ACC005804,CUST03240,Current,BR048,2023-07-28,83944.52,Inactive
ACC005805,CUST02922,Savings,BR040,2022-01-18,147946.13,Active
ACC005806,CUST01832,Salary,BR018,2020-10-08,234686.51,Active
ACC005807,CUST04139,Current,BR046,2021-12-02,412238.79,Active
ACC005808,CUST00911,Salary,BR049,2022-08-12,223969.18,Active
ACC005809,CUST04013,Savings,BR022,2019-04-02,448999.87,Active
ACC005810,CUST04703,Salary,BR040,2020-07-03,61137.83,Inactive
ACC005811,CUST01419,Savings,BR030,2025-01-01,136614.72,Active
ACC005812,CUST04815,Savings,BR048,2024-04-11,36191.36,Active
ACC005813,CUST04310,Savings,BR042,2020-02-23,255502.76,Active
ACC005814,CUST04039,Current,BR042,2021-02-12,45926.12,Active
ACC005815,CUST03640,Salary,BR018,2024-12-20,398046.39,Active
ACC005816,CUST03446,Savings,BR018,2021-09-22,20842.09,Inactive
ACC005817,CUST00132,Salary,BR041,2024-11-11,238221.32,Active
ACC005818,CUST02057,Savings,BR001,2025-05-15,210886.64,Active
ACC005819,CUST00153,Savings,BR048,2018-02-25,101914.2,Active
ACC005820,CUST02479,Savings,BR042,2019-02-28,293840.04,Active
ACC005821,CUST00483,Savings,BR015,2018-02-19,193663.07,Active
ACC005822,CUST00305,Salary,BR005,2024-08-17,99785.44,Active
ACC005823,CUST02520,Current,BR027,2023-05-14,413454.84,Active
ACC005824,CUST00993,Savings,BR017,2021-10-17,330687.05,Active
ACC005825,CUST02238,Current,BR041,2023-10-31,7064.27,Active
ACC005826,CUST02560,Savings,BR032,2020-05-31,251430.48,Active
ACC005827,CUST04439,Savings,BR038,2025-02-21,136382.05,Active
ACC005828,CUST00715,Savings,BR026,2023-09-27,457641.02,Active
ACC005829,CUST01710,Current,BR002,2022-07-28,363064.84,Active
ACC005830,CUST01058,Salary,BR028,2018-08-26,306195.73,Active
ACC005831,CUST00471,Savings,BR045,2019-01-24,45437.99,Active
ACC005832,CUST03466,Savings,BR023,2019-11-16,465392.31,Active
ACC005833,CUST00741,Savings,BR050,2018-07-06,72956.42,Active
ACC005834,CUST03567,Savings,BR020,2025-07-06,225922.57,Active
ACC005835,CUST00513,Current,BR036,2024-08-07,340839.74,Active
ACC005836,CUST03394,Savings,BR042,2023-08-18,247889.74,Active
ACC005837,CUST03286,Current,BR022,2025-04-12,441352.55,Inactive
ACC005838,CUST03838,Savings,BR011,2023-09-06,417835.29,Active
ACC005839,CUST02193,Savings,BR028,2020-08-31,68548.56,Active
ACC005840,CUST04655,Savings,BR045,2020-09-09,309200.49,Active
ACC005841,CUST04888,Savings,BR022,2018-10-03,27049.37,Active
ACC005842,CUST00360,Salary,BR017,2020-04-04,360568.18,Active
ACC005843,CUST00285,Savings,BR031,2025-10-09,368274.44,Active
ACC005844,CUST03317,Savings,BR011,2023-03-07,172901.08,Inactive
ACC005845,CUST03278,Current,BR036,2025-07-26,393510.31,Active
ACC005846,CUST02632,Salary,BR014,2019-04-22,326698.52,Active
ACC005847,CUST01758,Salary,BR035,2025-07-14,252521.31,Active
ACC005848,CUST02775,Savings,BR023,2022-04-25,228181.0,Active
ACC005849,CUST01523,Savings,BR029,2024-08-04,55461.11,Active
ACC005850,CUST01246,Current,BR023,2021-06-13,266020.89,Active
ACC005851,CUST01413,Salary,BR044,2020-11-22,78893.88,Active
ACC005852,CUST04839,Savings,BR036,2022-04-14,328359.2,Inactive
ACC005853,CUST01417,Savings,BR016,2019-06-29,297762.27,Active
ACC005854,CUST00358,Savings,BR039,2023-11-18,145974.91,Active
ACC005855,CUST03466,Savings,BR020,2025-05-28,124252.54,Active
ACC005856,CUST04136,Savings,BR025,2018-11-26,238555.18,Active
ACC005857,CUST02950,Savings,BR019,2020-12-24,256731.47,Inactive
ACC005858,CUST03142,Savings,BR026,2023-12-10,399164.73,Active
ACC005859,CUST02877,Savings,BR032,2022-04-28,152675.04,Active
ACC005860,CUST04554,Savings,BR050,2023-03-24,202307.9,Active
ACC005861,CUST00197,Savings,BR021,2022-10-11,172304.37,Inactive
ACC005862,CUST01875,Savings,BR009,2024-11-28,197664.29,Active
ACC005863,CUST00938,Salary,BR043,2025-08-21,283981.32,Active
ACC005864,CUST02195,Savings,BR019,2018-05-07,279178.09,Active
ACC005865,CUST03531,Current,BR049,2025-12-25,181309.83,Active
ACC005866,CUST04126,Salary,BR021,2021-04-24,301615.21,Active
ACC005867,CUST00390,Savings,BR018,2022-11-08,308406.3,Active
ACC005868,CUST02927,Savings,BR006,2023-11-09,263922.02,Active
ACC005869,CUST00347,Savings,BR035,2022-04-28,226728.49,Active
ACC005870,CUST02845,Current,BR014,2023-05-11,39890.37,Active
ACC005871,CUST00119,Savings,BR009,2023-09-25,271092.76,Active
ACC005872,CUST04616,Savings,BR035,2023-09-04,356637.3,Active
ACC005873,CUST01239,Salary,BR002,2023-03-05,108448.25,Active
ACC005874,CUST02781,Current,BR006,2024-07-24,389139.75,Active
ACC005875,CUST02128,Savings,BR035,2022-06-23,293628.71,Active
ACC005876,CUST02467,Current,BR025,2025-09-16,119522.96,Active
ACC005877,CUST00584,Savings,BR009,2020-05-22,82312.68,Active
ACC005878,CUST02760,Current,BR050,2023-03-24,123455.32,Active
ACC005879,CUST01709,Savings,BR031,2024-05-30,379783.96,Active
ACC005880,CUST02705,Current,BR007,2018-09-03,126005.43,Active
ACC005881,CUST04838,Savings,BR028,2018-09-14,341928.64,Active
ACC005882,CUST00672,Savings,BR002,2020-04-01,273362.45,Active
ACC005883,CUST01772,Savings,BR001,2024-07-27,273875.93,Active
ACC005884,CUST01686,Current,BR037,2020-02-29,426447.06,Active
ACC005885,CUST02078,Savings,BR024,2019-11-25,437488.83,Active
ACC005886,CUST02486,Savings,BR035,2020-01-09,268917.57,Active
ACC005887,CUST01697,Savings,BR007,2019-12-20,33580.0,Active
ACC005888,CUST03602,Savings,BR038,2019-07-10,81431.13,Active
ACC005889,CUST04159,Current,BR029,2022-02-22,474385.06,Active
ACC005890,CUST01454,Salary,BR001,2024-12-21,68209.16,Active
ACC005891,CUST03207,Current,BR030,2021-06-22,417840.53,Active
ACC005892,CUST04253,Salary,BR046,2021-07-01,270663.0,Active
ACC005893,CUST02991,Savings,BR032,2021-02-06,57892.14,Active
ACC005894,CUST04873,Savings,BR010,2024-06-28,459832.35,Active
ACC005895,CUST02302,Savings,BR034,2018-04-24,464124.39,Active
ACC005896,CUST03259,Salary,BR011,2020-08-05,308065.39,Active
ACC005897,CUST01351,Current,BR048,2019-04-30,195041.16,Active
ACC005898,CUST04102,Savings,BR049,2018-10-05,304141.89,Active
ACC005899,CUST03950,Savings,BR037,2022-11-08,314252.31,Inactive
ACC005900,CUST01280,Savings,BR027,2020-11-18,311446.99,Active
ACC005901,CUST00821,Savings,BR050,2019-02-02,366970.74,Active
ACC005902,CUST01344,Current,BR048,2018-08-10,34505.08,Active
ACC005903,CUST02296,Savings,BR010,2024-06-23,52162.48,Active
ACC005904,CUST00004,Salary,BR038,2024-05-07,142106.49,Inactive
ACC005905,CUST02561,Salary,BR022,2022-11-13,175496.41,Active
ACC005906,CUST02554,Salary,BR024,2024-09-11,319377.21,Active
ACC005907,CUST00031,Salary,BR008,2022-06-21,86765.65,Active
ACC005908,CUST01653,Savings,BR006,2018-12-09,270973.6,Active
ACC005909,CUST01299,Salary,BR004,2024-08-25,93484.42,Active
ACC005910,CUST04805,Savings,BR005,2020-02-14,178387.66,Active
ACC005911,CUST00886,Salary,BR006,2018-12-06,467814.02,Active
ACC005912,CUST01201,Savings,BR047,2018-01-07,447953.99,Inactive
ACC005913,CUST03359,Savings,BR032,2021-07-20,476598.86,Active
ACC005914,CUST01980,Savings,BR038,2018-10-15,296118.31,Active
ACC005915,CUST04844,Savings,BR020,2020-06-11,251148.81,Active
ACC005916,CUST04039,Salary,BR040,2025-12-04,424608.5,Active
ACC005917,CUST02127,Salary,BR045,2019-12-18,40752.77,Active
ACC005918,CUST02291,Savings,BR036,2018-07-03,489246.27,Active
ACC005919,CUST03895,Savings,BR049,2023-01-28,231723.8,Active
ACC005920,CUST04597,Current,BR014,2019-07-24,338217.39,Active
ACC005921,CUST00205,Savings,BR050,2019-09-15,364506.49,Active
ACC005922,CUST01484,Current,BR047,2024-02-12,314791.08,Inactive
ACC005923,CUST02771,Savings,BR019,2019-10-05,445871.05,Active
ACC005924,CUST04429,Current,BR011,2024-12-02,144792.48,Active
ACC005925,CUST02651,Salary,BR039,2025-12-05,266621.78,Active
ACC005926,CUST04262,Savings,BR001,2025-05-01,215722.36,Active
ACC005927,CUST02209,Savings,BR035,2024-12-26,352360.28,Active
ACC005928,CUST00006,Salary,BR019,2018-04-20,198162.47,Active
ACC005929,CUST00532,Salary,BR033,2020-01-02,446537.26,Active
ACC005930,CUST02093,Salary,BR032,2018-08-02,245724.64,Active
ACC005931,CUST04553,Savings,BR036,2022-05-17,268468.05,Active
ACC005932,CUST00227,Savings,BR024,2019-07-22,247203.24,Active
ACC005933,CUST02100,Savings,BR043,2021-12-31,311695.46,Active
ACC005934,CUST04567,Savings,BR007,2025-11-11,255690.36,Active
ACC005935,CUST00897,Current,BR007,2021-09-19,468771.63,Active
ACC005936,CUST01321,Savings,BR046,2021-12-23,66430.08,Active
ACC005937,CUST02662,Current,BR047,2020-04-26,7700.25,Active
ACC005938,CUST02560,Salary,BR005,2025-05-29,261371.38,Active
ACC005939,CUST01665,Salary,BR014,2020-12-07,382550.78,Active
ACC005940,CUST01526,Savings,BR045,2020-09-02,324449.69,Active
ACC005941,CUST03751,Savings,BR026,2024-02-25,481404.34,Active
ACC005942,CUST03655,Salary,BR050,2024-12-30,91956.23,Active
ACC005943,CUST02568,Savings,BR001,2024-07-04,347297.3,Active
ACC005944,CUST04770,Salary,BR013,2023-04-05,408118.06,Active
ACC005945,CUST01097,Salary,BR023,2023-05-16,456119.92,Active
ACC005946,CUST03099,Savings,BR020,2023-04-01,264747.18,Active
ACC005947,CUST03241,Savings,BR007,2018-05-04,182190.08,Active
ACC005948,CUST02823,Savings,BR006,2024-02-26,477725.26,Active
ACC005949,CUST02928,Current,BR009,2018-03-16,395944.09,Inactive
ACC005950,CUST04994,Savings,BR028,2023-06-12,235951.12,Active
ACC005951,CUST03615,Current,BR010,2018-06-06,325931.86,Active
ACC005952,CUST00848,Salary,BR035,2021-03-03,140009.86,Active
ACC005953,CUST03617,Savings,BR007,2024-06-17,307806.1,Active
ACC005954,CUST02705,Salary,BR025,2022-04-18,270474.82,Active
ACC005955,CUST03894,Current,BR030,2021-02-17,20573.44,Active
ACC005956,CUST03382,Salary,BR043,2018-03-24,433008.17,Active
ACC005957,CUST03072,Savings,BR026,2019-11-24,245605.93,Active
ACC005958,CUST02995,Savings,BR044,2021-06-05,240388.55,Active
ACC005959,CUST04743,Savings,BR012,2024-02-12,142431.5,Active
ACC005960,CUST04534,Savings,BR013,2023-02-20,98997.41,Active
ACC005961,CUST01501,Savings,BR040,2022-11-20,146394.54,Active
ACC005962,CUST02443,Salary,BR004,2023-09-22,325340.27,Active
ACC005963,CUST01726,Savings,BR001,2022-03-13,49726.97,Active
ACC005964,CUST01566,Salary,BR006,2018-03-14,167099.32,Active
ACC005965,CUST01744,Savings,BR002,2023-02-21,489391.41,Active
ACC005966,CUST00326,Savings,BR046,2024-01-22,136492.76,Active
ACC005967,CUST04418,Savings,BR027,2024-05-03,483360.85,Active
ACC005968,CUST02231,Salary,BR018,2022-01-03,53300.57,Active
ACC005969,CUST02667,Savings,BR042,2021-02-25,397198.59,Active
ACC005970,CUST01210,Savings,BR029,2025-12-24,220429.35,Active
ACC005971,CUST04362,Salary,BR033,2021-09-03,98213.65,Active
ACC005972,CUST00842,Savings,BR003,2025-05-25,393923.82,Active
ACC005973,CUST04425,Current,BR020,2018-02-03,4483.41,Active
ACC005974,CUST03902,Savings,BR004,2023-11-16,174222.96,Active
ACC005975,CUST03437,Savings,BR018,2021-05-18,302823.81,Active
ACC005976,CUST04779,Savings,BR008,2024-06-21,116254.15,Active
ACC005977,CUST02072,Salary,BR022,2019-12-11,166934.16,Active
ACC005978,CUST01285,Salary,BR041,2021-07-03,46635.23,Active
ACC005979,CUST01379,Savings,BR022,2022-04-27,426752.95,Active
ACC005980,CUST02659,Savings,BR019,2019-02-09,211661.01,Active
ACC005981,CUST03562,Savings,BR028,2019-09-08,73502.27,Active
ACC005982,CUST01888,Savings,BR002,2023-04-09,100347.91,Active
ACC005983,CUST04013,Savings,BR009,2023-02-01,138308.28,Active
ACC005984,CUST01979,Savings,BR035,2020-05-31,115503.77,Active
ACC005985,CUST04728,Savings,BR022,2021-04-27,252150.06,Active
ACC005986,CUST04417,Savings,BR026,2023-04-12,452703.87,Active
ACC005987,CUST04299,Current,BR034,2025-11-21,92773.63,Active
ACC005988,CUST03162,Salary,BR007,2025-12-12,227269.79,Active
ACC005989,CUST02225,Savings,BR030,2022-05-17,332300.81,Active
ACC005990,CUST04723,Current,BR049,2023-04-24,92713.29,Active
ACC005991,CUST02080,Savings,BR025,2021-05-30,77842.06,Active
ACC005992,CUST04823,Savings,BR049,2019-03-16,78526.0,Active
ACC005993,CUST00954,Current,BR009,2019-06-16,441110.0,Active
ACC005994,CUST02868,Current,BR027,2021-07-27,355921.45,Active
ACC005995,CUST02291,Savings,BR001,2025-09-25,168848.02,Active
ACC005996,CUST00070,Savings,BR033,2021-06-25,451378.05,Active
ACC005997,CUST01095,Salary,BR008,2018-04-26,476819.3,Inactive
ACC005998,CUST04254,Current,BR049,2019-02-09,199738.62,Active
ACC005999,CUST00549,Current,BR032,2023-07-15,255713.33,Active
ACC006000,CUST01840,Current,BR040,2021-07-02,179684.24,Active
