Customer_ID,First_Name,Last_Name,Gender,Age,City,Annual_Income,Join_Date
CUST00001,Pooja,Patil,Male,69,Surat,74391,2025-03-29
CUST00002,Kunal,Verma,Male,49,Mumbai,21607,2019-06-20
CUST00003,Pooja,Kulkarni,Male,29,Bengaluru,22953,2023-11-29
CUST00004,Sneha,Pawar,Female,65,Surat,64941,2020-08-06
CUST00005,Aarav,Kulkarni,Female,59,Surat,222541,2020-05-12
CUST00006,Aarav,Kulkarni,Female,44,Jaipur,227994,2025-03-27
CUST00007,Meera,Kulkarni,Male,27,Ahmedabad,81683,2020-10-18
CUST00008,Arjun,Gupta,Female,63,Bengaluru,221290,2024-11-12
CUST00009,Aditi,Sharma,Male,69,Kolkata,129588,2019-03-10
CUST00010,Aarav,Kadam,Female,59,Surat,142080,2021-11-04
CUST00011,Neha,Pawar,Female,49,Delhi,31154,2020-02-22
CUST00012,Ananya,Verma,Female,59,Jaipur,145542,2020-09-14
CUST00013,Riya,Pawar,Male,43,Surat,160119,2018-06-18
CUST00014,Meera,Mehta,Male,42,Bengaluru,108529,2019-12-10
CUST00015,Priya,Kulkarni,Male,28,Pune,226946,2020-08-22
CUST00016,Aarav,Pawar,Female,40,Surat,34323,2025-08-06
CUST00017,Aditya,Verma,Male,51,Hyderabad,57693,2022-05-22
CUST00018,Isha,Shah,Male,69,Pune,209802,2018-08-17
CUST00019,Meera,Singh,Male,57,Surat,109170,2021-03-30
CUST00020,Aarav,Verma,Female,40,Chennai,177364,2019-03-03
CUST00021,Priya,Deshmukh,Male,46,Surat,65111,2018-05-02
CUST00022,Aarav,Patil,Female,48,Mumbai,226525,2024-01-06
CUST00023,Meera,Kadam,Female,24,Chennai,226753,2025-12-09
CUST00024,Aditya,Jadhav,Male,57,Bengaluru,246325,2025-07-15
CUST00025,Aditi,Patil,Female,50,Delhi,59491,2018-04-21
CUST00026,Neha,Gupta,Male,38,Pune,69336,2021-05-29
CUST00027,Riya,Deshmukh,Male,19,Kolkata,36905,2023-04-12
CUST00028,Kavya,Sharma,Female,35,Jaipur,50273,2018-03-05
CUST00029,Kunal,Kadam,Female,64,Delhi,145191,2025-05-09
CUST00030,Isha,Gupta,Female,50,Chennai,135936,2021-10-09
CUST00031,Nisha,Mehta,Female,54,Jaipur,177306,2020-06-27
CUST00032,Aarav,Sharma,Female,51,Pune,229957,2022-11-07
CUST00033,Vivaan,Gaikwad,Male,37,Kolkata,86538,2022-02-17
CUST00034,Neha,Joshi,Male,52,Hyderabad,124570,2018-01-13
CUST00035,Simran,Sharma,Male,68,Hyderabad,183645,2021-03-22
CUST00036,Vivaan,More,Male,67,Kolkata,113339,2018-08-27
CUST00037,Simran,Mehta,Male,35,Jaipur,141132,2019-10-25
CUST00038,Amit,Joshi,Female,63,Bengaluru,215392,2021-01-14
CUST00039,Rohan,Mehta,Male,41,Jaipur,148993,2019-11-25
CUST00040,Rohan,Verma,Male,25,Surat,31330,2021-03-27
CUST00041,Kunal,Kulkarni,Male,47,Jaipur,243112,2022-02-13
CUST00042,Rahul,Mehta,Female,61,Bengaluru,231588,2023-03-18
CUST00043,Meera,Verma,Male,70,Delhi,92553,2018-03-17
CUST00044,Amit,Kulkarni,Female,27,Pune,192425,2018-11-25
CUST00045,Aditya,Patil,Male,40,Jaipur,167083,2021-12-10
CUST00046,Priya,Gupta,Male,69,Pune,103537,2021-06-06
CUST00047,Aditya,Deshmukh,Male,66,Chennai,80985,2024-01-09
CUST00048,Isha,Singh,Male,28,Hyderabad,37044,2018-03-13
CUST00049,Aditya,Shah,Male,19,Hyderabad,189364,2018-08-13
CUST00050,Aarav,Pawar,Male,43,Bengaluru,142304,2024-11-25
CUST00051,Aarav,Joshi,Female,53,Chennai,156322,2024-08-04
CUST00052,Riya,Jadhav,Male,50,Hyderabad,43289,2025-01-31
CUST00053,Arjun,Kadam,Male,64,Bengaluru,53087,2020-03-21
CUST00054,Vivaan,Gupta,Male,30,Jaipur,95952,2025-04-10
CUST00055,Ananya,Gaikwad,Male,57,Chennai,241767,2023-08-11
CUST00056,Neha,Verma,Female,42,Surat,56368,2019-11-09
CUST00057,Pooja,Mehta,Male,21,Surat,140648,2018-10-18
CUST00058,Kavya,Shah,Male,59,Surat,90815,2022-01-21
CUST00059,Kavya,Mehta,Male,36,Delhi,110693,2024-03-01
CUST00060,Riya,Deshmukh,Male,35,Surat,212112,2021-05-10
CUST00061,Aditi,Deshmukh,Female,54,Chennai,78900,2019-07-20
CUST00062,Aditi,Gaikwad,Female,47,Mumbai,35494,2024-12-04
CUST00063,Sneha,Jadhav,Male,36,Hyderabad,136486,2022-12-21
CUST00064,Kavya,Shah,Female,40,Surat,196238,2019-05-26
CUST00065,Amit,Sharma,Male,33,Chennai,242182,2020-07-12
CUST00066,Pooja,Gupta,Female,18,Ahmedabad,176405,2024-05-14
CUST00067,Arjun,Jadhav,Male,29,Jaipur,53050,2018-01-16
CUST00068,Pooja,Gupta,Male,41,Delhi,117799,2024-07-31
CUST00069,Kunal,Jadhav,Male,51,Pune,151016,2018-12-22
CUST00070,Vivaan,Joshi,Female,70,Bengaluru,249147,2020-04-09
CUST00071,Amit,Gupta,Female,25,Ahmedabad,230638,2025-03-31
CUST00072,Ananya,Singh,Male,35,Ahmedabad,108257,2021-01-06
CUST00073,Simran,Shah,Male,65,Delhi,68070,2020-12-26
CUST00074,Isha,Singh,Female,22,Bengaluru,25166,2025-12-16
CUST00075,Pooja,More,Female,43,Delhi,158193,2022-10-13
CUST00076,Meera,Kadam,Male,47,Surat,165749,2018-08-02
CUST00077,Sneha,Deshmukh,Male,30,Pune,207633,2022-09-17
CUST00078,Aditya,Shah,Male,36,Bengaluru,247849,2019-03-25
CUST00079,Pooja,Patil,Female,46,Chennai,232981,2022-04-18
CUST00080,Pooja,Pawar,Male,20,Hyderabad,107409,2025-10-05
CUST00081,Sneha,Jadhav,Female,43,Delhi,57664,2024-12-21
CUST00082,Nisha,Gaikwad,Male,57,Pune,149926,2019-12-11
CUST00083,Rahul,Jadhav,Female,29,Jaipur,21293,2019-01-15
CUST00084,Ananya,Gaikwad,Female,19,Mumbai,173515,2025-08-19
CUST00085,Vivaan,Kadam,Male,28,Jaipur,69212,2025-05-03
CUST00086,Simran,Kulkarni,Male,61,Mumbai,235203,2023-03-04
CUST00087,Aditi,Kadam,Female,45,Kolkata,95276,2020-11-13
CUST00088,Arjun,Patil,Female,35,Chennai,32559,2019-06-23
CUST00089,Nisha,More,Male,30,Kolkata,85231,2020-01-23
CUST00090,Aditi,Gupta,Male,54,Delhi,128277,2019-06-19
CUST00091,Kunal,Mehta,Female,39,Delhi,190116,2019-11-04
CUST00092,Riya,Joshi,Female,29,Mumbai,41747,2020-11-30
CUST00093,Neha,Singh,Male,19,Bengaluru,224581,2019-07-22
CUST00094,Ananya,Gaikwad,Male,54,Pune,231941,2021-12-07
CUST00095,Kavya,More,Female,24,Surat,181201,2019-02-19
CUST00096,Rahul,Gaikwad,Male,43,Ahmedabad,20037,2019-03-25
CUST00097,Aditya,Joshi,Male,43,Delhi,124294,2019-09-02
CUST00098,Neha,Mehta,Female,41,Kolkata,117847,2025-05-29
CUST00099,Meera,Gupta,Female,29,Kolkata,123742,2023-06-25
CUST00100,Kavya,Kadam,Female,33,Jaipur,68503,2022-12-03
CUST00101,Pooja,Sharma,Male,40,Chennai,48207,2024-10-19
CUST00102,Amit,More,Male,57,Mumbai,53241,2019-12-06
CUST00103,Meera,Gaikwad,Female,26,Ahmedabad,151130,2024-04-05
CUST00104,Aditya,More,Male,49,Mumbai,219244,2020-12-01
CUST00105,Neha,More,Male,32,Delhi,116171,2020-01-04
CUST00106,Kunal,Singh,Female,54,Hyderabad,165906,2020-03-10
CUST00107,Neha,Gaikwad,Male,30,Ahmedabad,232185,2023-08-20
CUST00108,Nisha,Joshi,Male,22,Jaipur,137302,2025-08-26
CUST00109,Aditya,Mehta,Female,28,Kolkata,178262,2023-02-04
CUST00110,Neha,Singh,Female,27,Jaipur,92832,2023-12-27
CUST00111,Vivaan,Joshi,Female,69,Delhi,41383,2023-03-06
CUST00112,Isha,Verma,Female,30,Hyderabad,144291,2020-01-01
CUST00113,Isha,Gupta,Male,58,Surat,175732,2018-07-15
CUST00114,Arjun,Pawar,Male,70,Ahmedabad,22674,2021-01-02
CUST00115,Simran,Verma,Female,63,Mumbai,134100,2022-06-27
CUST00116,Meera,Pawar,Female,67,Ahmedabad,129369,2022-07-17
CUST00117,Kavya,Singh,Female,32,Kolkata,42820,2021-01-30
CUST00118,Rahul,Kadam,Male,59,Mumbai,236112,2018-09-21
CUST00119,Simran,Deshmukh,Female,24,Surat,176738,2020-07-08
CUST00120,Amit,Shah,Female,57,Surat,63794,2018-06-10
CUST00121,Meera,More,Female,45,Chennai,153148,2021-06-10
CUST00122,Simran,More,Female,49,Mumbai,215926,2024-12-13
CUST00123,Neha,Singh,Female,52,Pune,148544,2022-12-16
CUST00124,Ananya,Gupta,Female,32,Hyderabad,203414,2020-02-09
CUST00125,Riya,Kadam,Male,65,Pune,57555,2018-11-07
CUST00126,Ananya,Patil,Female,53,Surat,206280,2018-08-15
CUST00127,Vivaan,Gupta,Female,38,Mumbai,52406,2018-09-30
CUST00128,Meera,Kadam,Male,23,Chennai,212644,2018-11-13
CUST00129,Rahul,Shah,Male,18,Ahmedabad,60262,2023-04-07
CUST00130,Nisha,Deshmukh,Male,21,Ahmedabad,111320,2024-05-27
CUST00131,Kavya,Kadam,Male,28,Ahmedabad,237733,2022-02-01
CUST00132,Arjun,Shah,Female,61,Chennai,174288,2025-08-08
CUST00133,Priya,Verma,Male,43,Delhi,219189,2023-03-10
CUST00134,Vivaan,Gupta,Male,54,Mumbai,232208,2022-05-21
CUST00135,Meera,Patil,Male,40,Pune,50284,2022-11-28
CUST00136,Arjun,Joshi,Male,46,Hyderabad,171243,2021-12-21
CUST00137,Kavya,Singh,Male,38,Surat,110627,2024-08-19
CUST00138,Amit,More,Female,65,Hyderabad,165405,2023-04-10
CUST00139,Neha,Gupta,Female,62,Surat,181607,2019-07-21
CUST00140,Aditya,Deshmukh,Male,62,Mumbai,109023,2025-12-25
CUST00141,Simran,Sharma,Male,66,Mumbai,227012,2025-09-03
CUST00142,Sneha,Mehta,Male,44,Jaipur,184772,2018-09-09
CUST00143,Kunal,Pawar,Female,56,Pune,234655,2022-04-06
CUST00144,Rohan,Kulkarni,Male,57,Kolkata,61516,2024-06-12
CUST00145,Meera,Kadam,Female,30,Surat,35577,2019-11-06
CUST00146,Priya,Mehta,Female,40,Bengaluru,240906,2025-12-25
CUST00147,Rohan,Verma,Male,33,Kolkata,35015,2024-04-30
CUST00148,Meera,Gaikwad,Female,47,Ahmedabad,111104,2023-10-17
CUST00149,Isha,Joshi,Male,21,Hyderabad,134412,2022-05-22
CUST00150,Riya,Mehta,Male,57,Mumbai,111740,2019-05-29
CUST00151,Pooja,More,Female,33,Bengaluru,248356,2025-09-17
CUST00152,Isha,Kulkarni,Female,48,Surat,242875,2019-03-18
CUST00153,Aditya,Singh,Female,70,Delhi,172308,2018-01-01
CUST00154,Arjun,Shah,Male,59,Surat,249223,2024-08-02
CUST00155,Isha,Gaikwad,Male,42,Hyderabad,86640,2021-02-12
CUST00156,Isha,Patil,Female,61,Surat,103190,2020-06-21
CUST00157,Kunal,Gupta,Female,29,Surat,149516,2022-06-12
CUST00158,Priya,Shah,Male,43,Chennai,196776,2021-05-05
CUST00159,Sneha,Kadam,Female,54,Pune,193441,2024-05-10
CUST00160,Isha,Shah,Male,65,Kolkata,154718,2020-05-05
CUST00161,Kunal,Pawar,Male,50,Delhi,107007,2020-10-14
CUST00162,Ananya,Pawar,Female,45,Mumbai,176978,2021-03-29
CUST00163,Priya,Sharma,Female,26,Surat,237715,2024-01-30
CUST00164,Nisha,Kulkarni,Female,29,Delhi,67728,2019-08-08
CUST00165,Arjun,Pawar,Male,22,Jaipur,34878,2024-12-03
CUST00166,Arjun,Verma,Female,69,Surat,148925,2019-03-31
CUST00167,Neha,Patil,Female,45,Chennai,29145,2018-07-15
CUST00168,Nisha,Kulkarni,Female,52,Chennai,108578,2025-10-14
CUST00169,Kunal,Kulkarni,Male,22,Bengaluru,38226,2019-08-22
CUST00170,Aditya,Gupta,Male,51,Ahmedabad,22802,2021-08-25
CUST00171,Nisha,Pawar,Male,63,Hyderabad,44119,2022-10-26
CUST00172,Amit,Singh,Male,51,Kolkata,83560,2019-07-10
CUST00173,Aarav,Kulkarni,Male,30,Jaipur,77353,2025-12-05
CUST00174,Pooja,More,Male,56,Hyderabad,243793,2022-02-26
CUST00175,Aditya,Sharma,Male,59,Hyderabad,143001,2019-03-15
CUST00176,Aditya,Pawar,Female,62,Bengaluru,213198,2025-05-21
CUST00177,Meera,Singh,Female,65,Chennai,91641,2018-12-25
CUST00178,Riya,More,Male,31,Pune,71712,2020-11-23
CUST00179,Arjun,Shah,Male,28,Delhi,203261,2021-01-16
CUST00180,Pooja,Sharma,Female,59,Mumbai,208856,2025-05-29
CUST00181,Pooja,Shah,Male,55,Pune,150085,2023-08-26
CUST00182,Meera,Joshi,Male,21,Pune,88285,2025-08-24
CUST00183,Riya,Gupta,Male,70,Ahmedabad,135278,2019-02-25
CUST00184,Kavya,Sharma,Male,50,Ahmedabad,194021,2019-07-07
CUST00185,Amit,Gupta,Female,24,Pune,185201,2025-09-15
CUST00186,Aditya,Jadhav,Male,58,Chennai,44512,2025-10-11
CUST00187,Aditi,Kulkarni,Female,25,Hyderabad,122077,2021-02-23
CUST00188,Vivaan,Patil,Female,54,Delhi,230103,2020-10-28
CUST00189,Nisha,Pawar,Male,68,Hyderabad,214626,2022-01-31
CUST00190,Ananya,Joshi,Male,27,Hyderabad,22064,2020-05-29
CUST00191,Aarav,Jadhav,Male,60,Hyderabad,115614,2023-03-01
CUST00192,Kavya,Patil,Female,32,Delhi,202639,2020-05-01
CUST00193,Simran,Singh,Male,55,Delhi,137639,2019-05-25
CUST00194,Kavya,Kadam,Male,32,Bengaluru,50011,2023-02-03
CUST00195,Priya,Patil,Female,22,Kolkata,91152,2022-10-30
CUST00196,Simran,Kulkarni,Male,46,Pune,224583,2020-08-23
CUST00197,Aditya,Mehta,Male,36,Surat,30960,2023-02-02
CUST00198,Nisha,More,Male,68,Bengaluru,244600,2020-07-02
CUST00199,Riya,Verma,Male,27,Bengaluru,141789,2021-10-22
CUST00200,Isha,Sharma,Female,29,Mumbai,78920,2022-02-20
CUST00201,Vivaan,Singh,Male,21,Surat,41387,2023-08-28
CUST00202,Neha,Kadam,Female,48,Ahmedabad,166396,2023-10-05
CUST00203,Ananya,Sharma,Male,35,Mumbai,83960,2020-11-24
CUST00204,Simran,Kulkarni,Female,33,Ahmedabad,142994,2025-05-01
CUST00205,Rohan,Shah,Male,57,Kolkata,222851,2020-03-04
CUST00206,Riya,Mehta,Male,53,Jaipur,52628,2022-05-16
CUST00207,Pooja,Pawar,Female,42,Ahmedabad,141269,2022-12-12
CUST00208,Amit,Shah,Female,40,Hyderabad,226168,2018-12-13
CUST00209,Ananya,Singh,Female,29,Ahmedabad,67452,2020-11-21
CUST00210,Amit,Joshi,Male,51,Surat,61098,2020-06-26
CUST00211,Pooja,Kadam,Male,53,Delhi,221531,2020-10-20
CUST00212,Pooja,Pawar,Male,54,Surat,190307,2019-07-30
CUST00213,Aarav,Gupta,Male,20,Kolkata,106861,2018-07-18
CUST00214,Riya,Jadhav,Male,26,Bengaluru,47949,2021-09-27
CUST00215,Riya,Pawar,Female,70,Hyderabad,173893,2023-06-22
CUST00216,Meera,Gaikwad,Male,35,Jaipur,222684,2021-06-08
CUST00217,Isha,Mehta,Female,60,Kolkata,173104,2024-06-06
CUST00218,Aditya,Shah,Male,52,Bengaluru,93537,2020-10-13
CUST00219,Aditi,Kadam,Female,51,Chennai,166375,2018-01-26
CUST00220,Arjun,Pawar,Male,58,Surat,136003,2022-04-08
CUST00221,Amit,Gupta,Male,31,Kolkata,233065,2024-11-02
CUST00222,Aarav,More,Female,21,Surat,163375,2024-06-25
CUST00223,Riya,More,Male,46,Jaipur,70701,2024-01-13
CUST00224,Aditya,Singh,Male,58,Bengaluru,70511,2019-04-16
CUST00225,Aditi,Jadhav,Female,62,Surat,100664,2024-10-03
CUST00226,Meera,Sharma,Female,67,Delhi,169352,2019-10-13
CUST00227,Pooja,Deshmukh,Male,32,Ahmedabad,59427,2020-06-04
CUST00228,Isha,Pawar,Male,45,Mumbai,117180,2020-07-18
CUST00229,Amit,Verma,Male,59,Jaipur,123550,2022-10-11
CUST00230,Aarav,Kulkarni,Female,33,Mumbai,158039,2025-11-22
CUST00231,Pooja,Kadam,Male,29,Pune,157733,2020-05-25
CUST00232,Arjun,Pawar,Male,69,Ahmedabad,97952,2020-07-30
CUST00233,Neha,Sharma,Male,22,Jaipur,86046,2021-08-01
CUST00234,Amit,Pawar,Male,51,Kolkata,126918,2019-07-26
CUST00235,Vivaan,Deshmukh,Female,59,Delhi,55200,2018-02-23
CUST00236,Simran,Joshi,Male,18,Kolkata,87442,2019-08-28
CUST00237,Aarav,Verma,Female,56,Chennai,212743,2018-11-21
CUST00238,Isha,Deshmukh,Male,49,Pune,111070,2020-06-03
CUST00239,Aarav,Kulkarni,Male,43,Delhi,78168,2018-09-22
CUST00240,Aditya,Mehta,Male,34,Surat,68322,2019-01-17
CUST00241,Ananya,Verma,Male,65,Surat,233056,2021-05-21
CUST00242,Amit,Deshmukh,Female,44,Hyderabad,188768,2024-07-08
CUST00243,Sneha,Gupta,Female,41,Surat,90246,2021-10-13
CUST00244,Aditya,Kulkarni,Male,52,Bengaluru,189964,2024-02-29
CUST00245,Aarav,Gupta,Female,63,Pune,35583,2023-10-07
CUST00246,Riya,Singh,Male,59,Bengaluru,102720,2022-02-26
CUST00247,Vivaan,Sharma,Female,56,Ahmedabad,206287,2022-03-14
CUST00248,Rahul,Kadam,Male,43,Hyderabad,175925,2022-11-27
CUST00249,Simran,Deshmukh,Female,66,Hyderabad,157181,2019-07-01
CUST00250,Riya,Verma,Male,55,Surat,79757,2020-05-20
CUST00251,Rahul,Gupta,Male,40,Delhi,26659,2023-11-21
CUST00252,Isha,More,Male,39,Ahmedabad,21238,2021-05-08
CUST00253,Priya,Jadhav,Male,21,Chennai,141270,2020-05-14
CUST00254,Amit,Deshmukh,Male,66,Pune,139211,2023-05-20
CUST00255,Kunal,Kadam,Male,26,Pune,35064,2019-02-02
CUST00256,Kunal,Shah,Female,21,Jaipur,182187,2022-10-28
CUST00257,Amit,Sharma,Male,24,Kolkata,183024,2019-01-27
CUST00258,Pooja,More,Male,40,Surat,156692,2023-11-24
CUST00259,Isha,Mehta,Female,19,Jaipur,119790,2022-06-01
CUST00260,Riya,Shah,Female,66,Chennai,122985,2020-12-13
CUST00261,Ananya,Gupta,Male,41,Hyderabad,64258,2021-07-24
CUST00262,Vivaan,Kulkarni,Male,57,Mumbai,155542,2023-11-29
CUST00263,Simran,Gupta,Female,48,Chennai,173075,2024-03-21
CUST00264,Rohan,More,Male,64,Chennai,178643,2023-10-24
CUST00265,Sneha,Deshmukh,Female,48,Delhi,44668,2024-12-28
CUST00266,Riya,Mehta,Female,64,Delhi,97259,2025-09-18
CUST00267,Rahul,Sharma,Male,57,Delhi,132192,2024-12-04
CUST00268,Sneha,Kulkarni,Male,65,Delhi,116576,2018-12-30
CUST00269,Amit,Patil,Female,68,Kolkata,125481,2024-04-05
CUST00270,Arjun,Verma,Male,60,Surat,131505,2021-11-25
CUST00271,Nisha,Gaikwad,Male,51,Pune,183118,2020-04-25
CUST00272,Nisha,Pawar,Female,41,Surat,222049,2021-08-20
CUST00273,Aditi,Joshi,Female,66,Surat,228327,2019-01-27
CUST00274,Simran,Kadam,Female,43,Pune,25397,2020-11-06
CUST00275,Arjun,Kadam,Female,33,Delhi,119925,2023-08-22
CUST00276,Kavya,Kadam,Female,64,Surat,103481,2023-08-09
CUST00277,Rahul,Patil,Female,30,Kolkata,173305,2018-05-26
CUST00278,Sneha,Sharma,Female,32,Delhi,234408,2021-07-29
CUST00279,Vivaan,Shah,Female,44,Kolkata,80308,2022-04-22
CUST00280,Vivaan,More,Female,21,Jaipur,220798,2024-01-26
CUST00281,Arjun,Kulkarni,Male,33,Surat,214291,2025-12-04
CUST00282,Aditi,More,Female,47,Bengaluru,21130,2024-01-27
CUST00283,Aditi,More,Female,61,Kolkata,144293,2023-07-26
CUST00284,Simran,Joshi,Female,47,Jaipur,34071,2020-02-04
CUST00285,Aditi,Shah,Female,53,Ahmedabad,105517,2021-10-01
CUST00286,Riya,Kadam,Female,20,Ahmedabad,130240,2019-05-14
CUST00287,Aditya,Singh,Male,39,Jaipur,22118,2023-05-21
CUST00288,Rahul,Kadam,Male,66,Hyderabad,151735,2021-03-11
CUST00289,Priya,Patil,Male,39,Hyderabad,82408,2022-10-27
CUST00290,Rohan,More,Male,67,Delhi,71786,2018-04-28
CUST00291,Aditya,Joshi,Male,67,Hyderabad,101271,2018-12-31
CUST00292,Simran,Gaikwad,Female,66,Ahmedabad,39158,2023-06-05
CUST00293,Priya,Patil,Male,29,Hyderabad,51087,2018-05-16
CUST00294,Neha,Patil,Female,38,Bengaluru,108114,2021-01-05
CUST00295,Aarav,Pawar,Male,21,Ahmedabad,204193,2023-02-15
CUST00296,Nisha,Gaikwad,Female,48,Kolkata,39874,2025-02-17
CUST00297,Riya,Kadam,Male,61,Chennai,103443,2018-01-18
CUST00298,Aditi,More,Male,48,Hyderabad,60821,2023-03-06
CUST00299,Arjun,Kadam,Male,40,Hyderabad,135675,2024-09-16
CUST00300,Meera,Verma,Female,70,Surat,80582,2018-07-24
CUST00301,Sneha,Patil,Male,37,Pune,142603,2019-05-14
CUST00302,Rohan,Kadam,Female,32,Bengaluru,173859,2024-06-29
CUST00303,Neha,Sharma,Male,40,Ahmedabad,215775,2019-08-18
CUST00304,Nisha,Mehta,Male,45,Ahmedabad,172777,2019-07-16
CUST00305,Meera,Deshmukh,Female,33,Mumbai,89381,2021-07-28
CUST00306,Riya,Gaikwad,Male,54,Pune,131800,2024-12-01
CUST00307,Sneha,More,Male,38,Hyderabad,150805,2024-01-21
CUST00308,Pooja,Gaikwad,Female,32,Jaipur,195725,2024-06-29
CUST00309,Kavya,Pawar,Female,34,Surat,102018,2025-02-11
CUST00310,Pooja,Kadam,Female,67,Kolkata,120592,2025-11-18
CUST00311,Aarav,Kadam,Male,54,Surat,111626,2019-10-02
CUST00312,Nisha,Singh,Male,30,Hyderabad,106217,2023-04-11
CUST00313,Aditya,More,Female,36,Mumbai,183324,2025-05-05
CUST00314,Simran,More,Female,47,Chennai,224404,2025-09-07
CUST00315,Rahul,Mehta,Female,62,Ahmedabad,92799,2024-03-05
CUST00316,Rohan,Verma,Male,35,Kolkata,82185,2018-11-11
CUST00317,Simran,Sharma,Female,31,Pune,229385,2024-06-09
CUST00318,Simran,Joshi,Female,53,Hyderabad,61538,2020-06-19
CUST00319,Aarav,Jadhav,Male,53,Bengaluru,40343,2024-04-05
CUST00320,Amit,Pawar,Male,37,Jaipur,231470,2022-10-17
CUST00321,Kavya,Kadam,Male,69,Surat,192304,2020-03-14
CUST00322,Rahul,More,Male,36,Mumbai,140026,2022-04-10
CUST00323,Kavya,More,Male,62,Chennai,73106,2021-12-23
CUST00324,Arjun,Deshmukh,Male,61,Delhi,134322,2021-05-28
CUST00325,Ananya,Pawar,Male,24,Jaipur,101227,2024-05-11
CUST00326,Isha,Jadhav,Male,61,Hyderabad,204151,2022-07-29
CUST00327,Pooja,Deshmukh,Female,70,Chennai,176100,2023-07-21
CUST00328,Kunal,Shah,Female,21,Jaipur,62135,2022-11-04
CUST00329,Aditi,Patil,Male,51,Jaipur,182138,2023-06-24
CUST00330,Meera,Pawar,Female,19,Ahmedabad,139599,2020-12-25
CUST00331,Nisha,Pawar,Female,22,Jaipur,249789,2021-12-17
CUST00332,Amit,Verma,Male,27,Bengaluru,103470,2024-04-21
CUST00333,Riya,Gupta,Male,49,Chennai,40910,2023-12-13
CUST00334,Sneha,Mehta,Male,59,Hyderabad,158213,2021-03-15
CUST00335,Ananya,Patil,Male,58,Hyderabad,65950,2019-09-07
CUST00336,Priya,Gupta,Female,30,Bengaluru,206795,2024-08-29
CUST00337,Isha,Gaikwad,Female,56,Pune,36225,2024-10-30
CUST00338,Kavya,Gupta,Male,22,Chennai,238195,2019-01-22
CUST00339,Kunal,Kulkarni,Female,27,Jaipur,52959,2024-08-27
CUST00340,Aarav,Sharma,Female,27,Mumbai,69192,2021-11-06
CUST00341,Neha,Verma,Male,55,Kolkata,99711,2018-05-04
CUST00342,Aditya,Deshmukh,Female,44,Chennai,161123,2022-12-19
CUST00343,Vivaan,Kulkarni,Female,68,Delhi,222500,2022-06-13
CUST00344,Kavya,Patil,Female,38,Mumbai,23449,2021-03-27
CUST00345,Arjun,Shah,Male,25,Bengaluru,192167,2019-12-29
CUST00346,Vivaan,More,Female,18,Jaipur,124213,2021-02-15
CUST00347,Neha,Mehta,Male,45,Pune,229001,2024-07-03
CUST00348,Simran,Deshmukh,Female,66,Delhi,180262,2025-07-04
CUST00349,Aditi,Kulkarni,Female,56,Pune,120245,2018-12-25
CUST00350,Priya,Verma,Female,31,Pune,117069,2025-10-15
CUST00351,Aditi,Shah,Female,38,Surat,177213,2019-03-19
CUST00352,Kunal,Shah,Female,47,Ahmedabad,43908,2024-01-21
CUST00353,Nisha,Jadhav,Female,38,Delhi,124847,2020-08-30
CUST00354,Nisha,Mehta,Male,66,Kolkata,140910,2018-12-27
CUST00355,Nisha,Sharma,Male,26,Ahmedabad,183394,2025-03-17
CUST00356,Vivaan,Jadhav,Male,34,Delhi,201782,2020-05-02
CUST00357,Neha,Verma,Female,22,Pune,34012,2022-06-13
CUST00358,Priya,More,Male,48,Ahmedabad,185961,2022-05-31
CUST00359,Kunal,Gaikwad,Male,69,Delhi,37412,2022-10-23
CUST00360,Riya,Mehta,Male,57,Kolkata,247222,2020-10-20
CUST00361,Priya,Pawar,Female,55,Mumbai,130030,2023-03-23
CUST00362,Ananya,Shah,Female,60,Chennai,44657,2023-04-15
CUST00363,Isha,Verma,Female,36,Jaipur,25656,2018-08-29
CUST00364,Meera,Mehta,Male,53,Delhi,160039,2019-10-28
CUST00365,Priya,Patil,Female,67,Kolkata,236030,2025-02-25
CUST00366,Arjun,Singh,Female,50,Chennai,166836,2021-03-11
CUST00367,Amit,Deshmukh,Male,30,Ahmedabad,35873,2025-11-19
CUST00368,Ananya,Singh,Female,31,Delhi,114485,2020-09-02
CUST00369,Aditya,Joshi,Male,50,Delhi,129383,2023-08-02
CUST00370,Rahul,Jadhav,Male,46,Bengaluru,202102,2023-09-10
CUST00371,Vivaan,Gaikwad,Female,60,Delhi,218879,2018-08-11
CUST00372,Neha,Deshmukh,Male,66,Jaipur,21607,2023-01-02
CUST00373,Rahul,Verma,Male,53,Bengaluru,170595,2024-05-02
CUST00374,Amit,Gaikwad,Male,61,Chennai,68447,2021-07-29
CUST00375,Arjun,Verma,Male,27,Ahmedabad,69757,2020-02-27
CUST00376,Ananya,Pawar,Male,48,Ahmedabad,244598,2024-08-25
CUST00377,Sneha,Gaikwad,Female,23,Hyderabad,89201,2019-07-10
CUST00378,Arjun,Deshmukh,Female,18,Hyderabad,148765,2023-10-11
CUST00379,Sneha,Pawar,Female,24,Chennai,232916,2025-07-23
CUST00380,Neha,Shah,Female,44,Surat,222460,2020-04-26
CUST00381,Kavya,Sharma,Female,38,Kolkata,25462,2025-01-12
CUST00382,Aarav,Shah,Female,45,Surat,136832,2020-12-30
CUST00383,Kunal,Kulkarni,Male,33,Kolkata,182867,2025-04-03
CUST00384,Aarav,Singh,Male,63,Bengaluru,220878,2022-04-09
CUST00385,Aditi,Joshi,Male,40,Chennai,68465,2018-05-20
CUST00386,Riya,Gaikwad,Male,69,Kolkata,212181,2021-09-25
CUST00387,Arjun,Sharma,Male,37,Hyderabad,110027,2019-08-13
CUST00388,Isha,Joshi,Male,55,Hyderabad,70528,2022-10-16
CUST00389,Isha,Gaikwad,Female,42,Pune,56230,2025-01-19
CUST00390,Sneha,Deshmukh,Female,45,Kolkata,68242,2019-06-25
CUST00391,Sneha,Gupta,Female,22,Chennai,216955,2024-08-19
CUST00392,Simran,Gaikwad,Male,38,Mumbai,134688,2018-10-18
CUST00393,Meera,Verma,Male,35,Bengaluru,249438,2023-09-22
CUST00394,Priya,Joshi,Female,64,Delhi,21783,2021-06-09
CUST00395,Simran,Singh,Female,23,Delhi,48390,2021-05-20
CUST00396,Sneha,Gupta,Male,46,Kolkata,159489,2018-01-08
CUST00397,Arjun,Deshmukh,Female,36,Surat,92102,2022-07-16
CUST00398,Isha,Kulkarni,Male,50,Bengaluru,37426,2019-04-28
CUST00399,Aditya,Mehta,Male,18,Ahmedabad,50750,2023-09-21
CUST00400,Neha,Patil,Male,62,Jaipur,78188,2018-11-29
CUST00401,Aarav,Gaikwad,Male,20,Delhi,30872,2021-06-10
CUST00402,Aarav,More,Female,59,Hyderabad,114231,2020-11-05
CUST00403,Pooja,Patil,Female,38,Bengaluru,149860,2023-10-18
CUST00404,Isha,Jadhav,Male,52,Surat,199158,2023-10-02
CUST00405,Kavya,Gupta,Female,58,Chennai,86770,2019-11-16
CUST00406,Amit,Deshmukh,Female,57,Surat,245440,2020-09-20
CUST00407,Priya,Mehta,Female,20,Bengaluru,144158,2022-12-03
CUST00408,Meera,Kadam,Male,42,Ahmedabad,103514,2022-12-30
CUST00409,Kunal,Shah,Male,62,Delhi,239249,2025-01-18
CUST00410,Ananya,Deshmukh,Male,55,Hyderabad,112663,2022-12-11
CUST00411,Isha,Verma,Male,62,Mumbai,185792,2022-08-30
CUST00412,Pooja,Verma,Male,37,Chennai,169151,2018-03-04
CUST00413,Pooja,Gaikwad,Female,69,Hyderabad,168410,2018-09-18
CUST00414,Sneha,Deshmukh,Male,61,Ahmedabad,154363,2020-05-07
CUST00415,Simran,Joshi,Male,62,Jaipur,225156,2021-06-17
CUST00416,Nisha,Gupta,Male,51,Ahmedabad,132808,2022-01-28
CUST00417,Riya,Gupta,Male,38,Ahmedabad,130091,2021-02-04
CUST00418,Pooja,Kulkarni,Male,65,Delhi,119272,2023-07-24
CUST00419,Neha,Gupta,Male,40,Bengaluru,69393,2018-06-29
CUST00420,Aditi,Pawar,Male,23,Bengaluru,113558,2018-12-21
CUST00421,Aditi,Pawar,Male,68,Hyderabad,89770,2020-07-22
CUST00422,Kunal,Deshmukh,Male,70,Jaipur,46720,2025-08-06
CUST00423,Ananya,Gupta,Female,30,Jaipur,33368,2019-08-12
CUST00424,Amit,Deshmukh,Male,66,Surat,205385,2022-10-27
CUST00425,Aarav,Kulkarni,Male,40,Mumbai,67969,2019-08-28
CUST00426,Priya,Gupta,Male,26,Ahmedabad,68838,2024-02-07
CUST00427,Meera,Gupta,Female,34,Mumbai,28734,2018-06-23
CUST00428,Arjun,Pawar,Male,19,Pune,127187,2024-07-29
CUST00429,Aarav,Sharma,Female,36,Kolkata,119329,2018-12-20
CUST00430,Ananya,Gaikwad,Female,36,Ahmedabad,163269,2021-08-31
CUST00431,Rahul,Patil,Male,24,Mumbai,88895,2019-03-10
CUST00432,Riya,Sharma,Female,59,Delhi,140424,2024-05-18
CUST00433,Riya,Singh,Female,59,Kolkata,207903,2018-09-16
CUST00434,Arjun,Kulkarni,Male,37,Jaipur,121255,2020-05-17
CUST00435,Vivaan,Deshmukh,Male,26,Ahmedabad,78073,2025-02-19
CUST00436,Amit,Gaikwad,Female,34,Ahmedabad,223997,2023-08-15
CUST00437,Pooja,More,Male,44,Jaipur,231560,2023-06-27
CUST00438,Aditi,Shah,Female,64,Surat,245683,2019-08-19
CUST00439,Neha,More,Male,19,Delhi,235547,2022-07-27
CUST00440,Vivaan,Jadhav,Female,53,Ahmedabad,201374,2019-01-29
CUST00441,Sneha,Jadhav,Male,36,Mumbai,35624,2018-12-02
CUST00442,Kavya,Singh,Female,34,Ahmedabad,218343,2023-10-12
CUST00443,Kunal,Singh,Female,22,Kolkata,44315,2018-02-13
CUST00444,Nisha,Gaikwad,Male,56,Ahmedabad,37422,2024-01-10
CUST00445,Arjun,Gupta,Male,35,Mumbai,190209,2020-05-03
CUST00446,Ananya,Shah,Male,70,Chennai,92663,2018-10-02
CUST00447,Simran,Kadam,Male,24,Kolkata,121216,2019-03-02
CUST00448,Kunal,Deshmukh,Male,34,Hyderabad,199304,2019-04-28
CUST00449,Riya,Joshi,Female,56,Hyderabad,229214,2018-08-02
CUST00450,Kunal,More,Male,53,Kolkata,52743,2023-10-28
CUST00451,Rohan,Deshmukh,Female,57,Delhi,166708,2018-05-19
CUST00452,Vivaan,Shah,Female,62,Chennai,241956,2020-08-07
CUST00453,Meera,Singh,Female,21,Kolkata,30108,2018-04-08
CUST00454,Aarav,Deshmukh,Female,55,Mumbai,224706,2019-10-26
CUST00455,Rohan,Shah,Female,42,Pune,56180,2024-02-24
CUST00456,Riya,Kulkarni,Male,22,Bengaluru,38883,2025-10-03
CUST00457,Arjun,Pawar,Male,47,Ahmedabad,64400,2024-01-13
CUST00458,Pooja,Sharma,Male,29,Surat,197071,2020-12-09
CUST00459,Meera,More,Male,21,Chennai,67951,2019-04-24
CUST00460,Sneha,Shah,Male,41,Mumbai,158232,2024-03-25
CUST00461,Aditya,Singh,Male,46,Surat,75262,2025-01-13
CUST00462,Vivaan,Jadhav,Female,26,Hyderabad,171001,2024-01-06
CUST00463,Kavya,Shah,Female,21,Kolkata,103133,2020-12-17
CUST00464,Nisha,Deshmukh,Male,68,Chennai,162195,2018-06-11
CUST00465,Nisha,Verma,Male,41,Jaipur,135106,2025-12-20
CUST00466,Rohan,Singh,Male,31,Ahmedabad,179429,2022-02-09
CUST00467,Nisha,Gupta,Male,22,Bengaluru,90496,2021-12-21
CUST00468,Ananya,Patil,Male,35,Hyderabad,184628,2019-01-30
CUST00469,Amit,Sharma,Female,59,Kolkata,234863,2020-03-11
CUST00470,Isha,Pawar,Male,36,Ahmedabad,81934,2018-07-05
CUST00471,Nisha,Jadhav,Female,29,Hyderabad,98886,2019-07-12
CUST00472,Amit,Kulkarni,Female,35,Jaipur,50881,2023-06-04
CUST00473,Priya,More,Male,34,Surat,38409,2019-03-22
CUST00474,Kunal,Mehta,Female,47,Bengaluru,206488,2020-04-09
CUST00475,Isha,Verma,Female,41,Bengaluru,118171,2023-11-05
CUST00476,Nisha,Gaikwad,Male,28,Ahmedabad,219054,2021-06-26
CUST00477,Rahul,Shah,Male,52,Mumbai,181729,2022-12-19
CUST00478,Isha,Patil,Female,40,Ahmedabad,237815,2024-10-21
CUST00479,Priya,Verma,Female,34,Hyderabad,68951,2019-05-31
CUST00480,Meera,More,Female,18,Mumbai,28752,2022-05-20
CUST00481,Rohan,Singh,Female,32,Bengaluru,137339,2020-08-04
CUST00482,Sneha,Joshi,Female,49,Pune,164512,2021-05-10
CUST00483,Priya,Pawar,Female,26,Bengaluru,64864,2022-05-18
CUST00484,Simran,Pawar,Female,32,Ahmedabad,200763,2022-08-06
CUST00485,Aarav,Mehta,Female,45,Hyderabad,92035,2020-01-26
CUST00486,Isha,More,Female,41,Mumbai,106675,2025-10-15
CUST00487,Arjun,Verma,Male,52,Kolkata,231375,2025-06-26
CUST00488,Vivaan,Pawar,Female,39,Mumbai,42343,2018-11-21
CUST00489,Aditya,Gaikwad,Male,44,Jaipur,244320,2025-04-24
CUST00490,Amit,Kulkarni,Male,36,Delhi,39673,2019-11-18
CUST00491,Isha,Gaikwad,Female,62,Delhi,211026,2022-02-07
CUST00492,Neha,Gupta,Male,29,Chennai,205770,2022-08-16
CUST00493,Riya,Shah,Male,37,Surat,115024,2023-06-23
CUST00494,Nisha,Gupta,Female,18,Chennai,46520,2024-09-13
CUST00495,Meera,Joshi,Female,38,Chennai,35784,2020-05-17
CUST00496,Aarav,Kulkarni,Male,66,Mumbai,137446,2018-08-05
CUST00497,Aditya,Singh,Female,62,Hyderabad,58079,2025-10-27
CUST00498,Meera,Verma,Female,18,Chennai,64220,2020-09-27
CUST00499,Arjun,Kadam,Male,27,Ahmedabad,171563,2023-06-12
CUST00500,Meera,Jadhav,Male,64,Mumbai,132878,2020-07-20
CUST00501,Priya,More,Female,49,Hyderabad,136583,2023-07-06
CUST00502,Rohan,Kulkarni,Male,56,Delhi,68720,2018-08-28
CUST00503,Pooja,Kulkarni,Male,39,Pune,34718,2021-04-24
CUST00504,Amit,Joshi,Female,35,Ahmedabad,186669,2018-02-17
CUST00505,Aarav,Gaikwad,Male,65,Kolkata,81217,2021-06-02
CUST00506,Ananya,Mehta,Male,63,Surat,249423,2021-03-13
CUST00507,Isha,Joshi,Male,49,Kolkata,120668,2020-05-24
CUST00508,Rohan,Shah,Female,44,Hyderabad,177904,2023-03-13
CUST00509,Rahul,Gaikwad,Male,45,Jaipur,205890,2023-12-20
CUST00510,Riya,Kulkarni,Female,35,Hyderabad,248470,2019-09-17
CUST00511,Riya,Pawar,Male,56,Pune,163936,2023-02-03
CUST00512,Pooja,Pawar,Female,66,Delhi,108378,2023-05-25
CUST00513,Amit,Singh,Male,46,Bengaluru,28177,2019-08-24
CUST00514,Kunal,Gaikwad,Female,35,Hyderabad,197187,2025-06-13
CUST00515,Isha,Sharma,Male,61,Delhi,142318,2024-07-09
CUST00516,Riya,Gupta,Female,25,Kolkata,207282,2023-04-28
CUST00517,Riya,Sharma,Female,48,Hyderabad,203026,2022-12-22
CUST00518,Neha,Mehta,Male,51,Hyderabad,131145,2023-09-15
CUST00519,Sneha,Kadam,Female,24,Chennai,162916,2025-09-26
CUST00520,Isha,Patil,Male,53,Kolkata,225202,2022-07-07
CUST00521,Rohan,Sharma,Male,35,Surat,33418,2023-01-02
CUST00522,Meera,Sharma,Male,55,Surat,185926,2018-08-11
CUST00523,Pooja,Singh,Male,26,Ahmedabad,239716,2022-10-13
CUST00524,Amit,Singh,Male,26,Jaipur,227027,2019-06-14
CUST00525,Ananya,Singh,Male,63,Bengaluru,108075,2024-04-07
CUST00526,Priya,Gaikwad,Female,25,Hyderabad,195022,2018-05-14
CUST00527,Aarav,Deshmukh,Male,68,Hyderabad,85227,2019-01-26
CUST00528,Amit,Shah,Male,52,Ahmedabad,163907,2018-04-12
CUST00529,Nisha,Pawar,Male,35,Jaipur,37533,2023-08-03
CUST00530,Aditya,Kadam,Male,22,Kolkata,246123,2025-06-21
CUST00531,Sneha,Sharma,Male,31,Hyderabad,121457,2024-12-20
CUST00532,Rahul,More,Female,45,Delhi,127504,2025-01-02
CUST00533,Pooja,Pawar,Male,47,Mumbai,238930,2025-07-13
CUST00534,Kavya,Singh,Male,21,Jaipur,161295,2023-06-24
CUST00535,Kavya,Verma,Male,56,Hyderabad,144202,2020-08-06
CUST00536,Neha,Mehta,Male,37,Jaipur,30273,2022-04-18
CUST00537,Nisha,Verma,Female,42,Surat,53519,2020-04-20
CUST00538,Ananya,Joshi,Male,45,Bengaluru,175232,2023-08-16
CUST00539,Simran,Patil,Female,29,Hyderabad,147024,2018-07-13
CUST00540,Amit,Jadhav,Female,19,Bengaluru,225457,2020-01-12
CUST00541,Meera,Singh,Male,60,Pune,144540,2019-04-18
CUST00542,Rohan,Gupta,Female,31,Mumbai,242264,2024-03-13
CUST00543,Rohan,Jadhav,Male,39,Ahmedabad,200060,2018-02-07
CUST00544,Nisha,Kadam,Female,48,Bengaluru,161420,2022-08-26
CUST00545,Riya,Deshmukh,Male,40,Hyderabad,103460,2019-04-16
CUST00546,Aditi,Gupta,Female,65,Chennai,124471,2024-11-04
CUST00547,Riya,Sharma,Male,37,Ahmedabad,124668,2022-02-22
CUST00548,Vivaan,Pawar,Male,55,Ahmedabad,87519,2020-10-09
CUST00549,Aditya,Pawar,Male,21,Kolkata,110426,2022-11-19
CUST00550,Isha,Gupta,Female,32,Bengaluru,34629,2023-05-21
CUST00551,Arjun,Kadam,Female,41,Chennai,69056,2018-04-13
CUST00552,Simran,Singh,Female,42,Bengaluru,31273,2022-10-01
CUST00553,Rohan,Shah,Male,18,Kolkata,140484,2022-10-02
CUST00554,Riya,More,Female,24,Mumbai,117275,2018-02-11
CUST00555,Sneha,Joshi,Male,48,Hyderabad,191488,2023-10-15
CUST00556,Arjun,Deshmukh,Male,29,Surat,158966,2018-07-12
CUST00557,Amit,Verma,Male,59,Surat,66073,2020-11-27
CUST00558,Arjun,Deshmukh,Female,22,Bengaluru,65693,2024-12-24
CUST00559,Ananya,Verma,Male,61,Kolkata,202538,2022-08-04
CUST00560,Vivaan,Pawar,Female,67,Jaipur,44343,2025-06-04
CUST00561,Priya,More,Female,59,Hyderabad,63095,2024-07-27
CUST00562,Rohan,Gupta,Male,55,Bengaluru,182246,2018-11-22
CUST00563,Kunal,Verma,Male,29,Jaipur,201873,2021-01-25
CUST00564,Meera,More,Male,56,Hyderabad,142388,2018-04-18
CUST00565,Pooja,Pawar,Male,35,Jaipur,223508,2025-05-02
CUST00566,Vivaan,More,Male,19,Ahmedabad,134441,2024-01-08
CUST00567,Aditi,Gupta,Male,27,Bengaluru,220408,2021-01-02
CUST00568,Aarav,Mehta,Female,32,Kolkata,120782,2018-12-01
CUST00569,Meera,Gupta,Male,47,Hyderabad,193998,2023-04-27
CUST00570,Amit,Sharma,Female,61,Surat,92590,2023-08-02
CUST00571,Nisha,Verma,Female,34,Bengaluru,189899,2020-03-14
CUST00572,Priya,Kadam,Female,21,Hyderabad,128263,2023-01-23
CUST00573,Meera,Patil,Female,24,Hyderabad,195847,2020-02-06
CUST00574,Rahul,Singh,Female,58,Jaipur,192273,2021-07-01
CUST00575,Ananya,Kulkarni,Male,48,Jaipur,49373,2021-11-09
CUST00576,Kunal,More,Male,68,Chennai,47525,2024-04-25
CUST00577,Kunal,Gupta,Female,56,Bengaluru,147716,2025-09-30
CUST00578,Rohan,Pawar,Female,51,Pune,124513,2022-01-28
CUST00579,Meera,Shah,Male,23,Delhi,223723,2018-02-03
CUST00580,Meera,Jadhav,Male,67,Pune,149401,2024-07-01
CUST00581,Rahul,Jadhav,Male,55,Hyderabad,116643,2020-04-16
CUST00582,Pooja,Sharma,Female,62,Chennai,181558,2025-07-01
CUST00583,Isha,Sharma,Male,68,Hyderabad,229676,2023-07-18
CUST00584,Ananya,Sharma,Male,51,Pune,169712,2022-06-28
CUST00585,Aditi,Sharma,Male,61,Hyderabad,117694,2020-01-09
CUST00586,Neha,Jadhav,Male,32,Jaipur,212527,2022-01-29
CUST00587,Aditi,Sharma,Female,31,Bengaluru,56136,2025-08-23
CUST00588,Aarav,Deshmukh,Male,23,Surat,213497,2021-08-20
CUST00589,Aditya,Gaikwad,Female,67,Pune,76539,2023-03-01
CUST00590,Kunal,Jadhav,Male,54,Delhi,232736,2025-12-04
CUST00591,Neha,Verma,Female,67,Delhi,176014,2018-04-27
CUST00592,Meera,Jadhav,Male,49,Jaipur,88363,2022-02-13
CUST00593,Aditya,Joshi,Male,20,Bengaluru,209668,2025-05-21
CUST00594,Kunal,Jadhav,Female,20,Mumbai,101526,2024-09-16
CUST00595,Riya,Mehta,Female,39,Mumbai,55255,2023-07-27
CUST00596,Aditi,Shah,Female,39,Kolkata,213201,2022-08-27
CUST00597,Rohan,Gupta,Female,27,Kolkata,236595,2023-04-08
CUST00598,Nisha,Mehta,Female,68,Pune,138209,2022-05-30
CUST00599,Ananya,Gaikwad,Male,20,Jaipur,213358,2024-03-30
CUST00600,Neha,More,Female,29,Jaipur,106437,2021-07-31
CUST00601,Vivaan,Jadhav,Male,46,Hyderabad,167349,2024-12-02
CUST00602,Rahul,Shah,Female,65,Delhi,152715,2020-09-02
CUST00603,Arjun,Deshmukh,Female,34,Delhi,135900,2023-08-19
CUST00604,Sneha,Jadhav,Female,24,Delhi,43729,2019-12-16
CUST00605,Pooja,More,Male,30,Chennai,237695,2023-04-10
CUST00606,Pooja,Joshi,Male,19,Bengaluru,41818,2024-08-23
CUST00607,Meera,Kulkarni,Female,21,Ahmedabad,85555,2024-08-25
CUST00608,Vivaan,Kadam,Male,27,Hyderabad,118979,2020-04-23
CUST00609,Pooja,More,Female,56,Mumbai,73629,2018-12-26
CUST00610,Amit,Jadhav,Female,41,Jaipur,135296,2024-02-02
CUST00611,Simran,Kadam,Male,34,Mumbai,75438,2019-04-30
CUST00612,Kunal,Sharma,Female,69,Chennai,29457,2021-11-29
CUST00613,Nisha,Patil,Male,23,Mumbai,210701,2023-09-12
CUST00614,Meera,Kulkarni,Female,36,Delhi,53922,2022-01-28
CUST00615,Meera,More,Female,22,Surat,160892,2019-11-27
CUST00616,Rahul,Kadam,Male,49,Hyderabad,183822,2024-01-14
CUST00617,Vivaan,Gaikwad,Male,27,Surat,128122,2019-07-19
CUST00618,Kavya,Shah,Female,26,Kolkata,122020,2023-01-06
CUST00619,Rahul,Shah,Male,44,Surat,188862,2018-07-21
CUST00620,Rohan,Verma,Female,30,Ahmedabad,108405,2021-04-13
CUST00621,Neha,Pawar,Male,36,Jaipur,136130,2021-06-21
CUST00622,Rahul,Gaikwad,Male,38,Chennai,185493,2022-01-09
CUST00623,Aditi,Kulkarni,Male,41,Jaipur,88038,2018-03-15
CUST00624,Kunal,Jadhav,Male,55,Ahmedabad,233273,2018-04-06
CUST00625,Ananya,Shah,Male,21,Jaipur,82325,2023-03-12
CUST00626,Isha,Gaikwad,Female,41,Surat,45600,2018-06-22
CUST00627,Simran,Mehta,Male,52,Bengaluru,180466,2023-04-07
CUST00628,Priya,More,Male,20,Jaipur,230694,2024-01-12
CUST00629,Vivaan,Joshi,Male,21,Kolkata,187243,2024-05-25
CUST00630,Aditya,Patil,Male,54,Hyderabad,81526,2018-09-15
CUST00631,Pooja,Gaikwad,Male,57,Hyderabad,33149,2024-01-31
CUST00632,Simran,Patil,Female,65,Mumbai,181466,2018-11-26
CUST00633,Aditya,More,Female,52,Pune,165468,2021-06-08
CUST00634,Priya,Sharma,Male,48,Surat,174396,2025-09-07
CUST00635,Kunal,Kadam,Female,61,Delhi,198270,2018-06-10
CUST00636,Arjun,Kulkarni,Female,42,Ahmedabad,233777,2018-07-05
CUST00637,Pooja,More,Male,57,Chennai,132168,2018-05-23
CUST00638,Amit,Gupta,Female,30,Surat,129813,2019-10-02
CUST00639,Amit,Gupta,Female,21,Hyderabad,111779,2023-09-06
CUST00640,Kavya,Deshmukh,Male,63,Mumbai,182088,2018-07-21
CUST00641,Rahul,Pawar,Male,31,Jaipur,154266,2022-06-03
CUST00642,Simran,Deshmukh,Female,30,Delhi,52398,2025-06-10
CUST00643,Priya,Deshmukh,Female,44,Delhi,24789,2019-04-17
CUST00644,Arjun,Verma,Male,23,Pune,236767,2024-04-25
CUST00645,Isha,Shah,Female,34,Bengaluru,84967,2023-10-04
CUST00646,Rahul,Patil,Female,53,Pune,212206,2020-06-29
CUST00647,Vivaan,Gaikwad,Female,57,Jaipur,221958,2022-04-21
CUST00648,Isha,More,Female,66,Surat,118837,2020-10-26
CUST00649,Nisha,Verma,Female,52,Kolkata,176049,2025-02-14
CUST00650,Ananya,Shah,Male,34,Ahmedabad,121967,2020-12-09
CUST00651,Kavya,Jadhav,Male,58,Delhi,151201,2023-11-30
CUST00652,Nisha,Singh,Female,19,Chennai,79683,2024-01-03
CUST00653,Kavya,Kulkarni,Female,30,Surat,65331,2018-08-18
CUST00654,Arjun,Verma,Male,69,Chennai,54626,2022-10-13
CUST00655,Aarav,Joshi,Female,19,Mumbai,199575,2024-12-19
CUST00656,Isha,Singh,Female,69,Chennai,178621,2021-08-22
CUST00657,Neha,Deshmukh,Male,45,Delhi,32342,2019-04-06
CUST00658,Priya,Verma,Female,60,Delhi,56417,2020-03-17
CUST00659,Riya,Pawar,Female,43,Delhi,227586,2023-04-16
CUST00660,Arjun,Mehta,Female,39,Surat,203321,2024-03-23
CUST00661,Aditi,Gaikwad,Male,64,Surat,72664,2018-02-28
CUST00662,Aditya,Kadam,Male,60,Ahmedabad,28833,2021-01-04
CUST00663,Arjun,Verma,Female,20,Hyderabad,80658,2024-10-11
CUST00664,Meera,More,Male,52,Bengaluru,180545,2019-12-29
CUST00665,Ananya,Sharma,Male,29,Jaipur,151809,2021-03-01
CUST00666,Kavya,Mehta,Male,41,Jaipur,114965,2019-05-13
CUST00667,Arjun,Gupta,Male,22,Mumbai,197719,2025-11-03
CUST00668,Rohan,Pawar,Male,37,Pune,84054,2020-06-28
CUST00669,Kunal,Singh,Male,56,Ahmedabad,21299,2021-08-21
CUST00670,Pooja,Singh,Male,56,Hyderabad,214353,2023-10-16
CUST00671,Aditi,Singh,Male,30,Kolkata,85875,2018-08-18
CUST00672,Arjun,Verma,Female,58,Mumbai,183992,2018-11-29
CUST00673,Rahul,Patil,Female,70,Surat,205908,2024-05-13
CUST00674,Priya,Gupta,Male,62,Hyderabad,193453,2023-03-12
CUST00675,Rahul,Kulkarni,Female,29,Delhi,134286,2022-05-27
CUST00676,Neha,Deshmukh,Male,30,Surat,236043,2019-12-22
CUST00677,Aarav,Jadhav,Female,27,Pune,118730,2024-01-01
CUST00678,Priya,Sharma,Female,50,Pune,76298,2021-06-28
CUST00679,Rahul,Gupta,Female,57,Jaipur,175581,2019-11-22
CUST00680,Riya,Joshi,Female,33,Bengaluru,141035,2018-02-26
CUST00681,Riya,Deshmukh,Female,62,Bengaluru,193167,2024-06-13
CUST00682,Aditi,Mehta,Female,52,Kolkata,202596,2024-01-31
CUST00683,Neha,Jadhav,Male,20,Surat,129825,2022-01-25
CUST00684,Kavya,Patil,Male,22,Surat,135637,2020-01-20
CUST00685,Rahul,Patil,Female,43,Pune,217981,2019-11-09
CUST00686,Simran,Gaikwad,Male,28,Delhi,92618,2019-07-14
CUST00687,Isha,Kadam,Female,24,Delhi,45532,2022-07-21
CUST00688,Neha,Joshi,Male,70,Chennai,128197,2022-09-01
CUST00689,Pooja,Kadam,Male,27,Delhi,150860,2023-06-02
CUST00690,Isha,Gupta,Male,59,Hyderabad,80285,2018-12-15
CUST00691,Rahul,Sharma,Male,69,Bengaluru,38866,2020-12-26
CUST00692,Rahul,Mehta,Female,51,Delhi,158665,2024-07-05
CUST00693,Nisha,Mehta,Male,20,Ahmedabad,29495,2024-02-20
CUST00694,Isha,Gaikwad,Male,25,Surat,27837,2021-03-24
CUST00695,Nisha,Verma,Male,48,Delhi,227780,2022-09-16
CUST00696,Aditi,Verma,Male,28,Chennai,169752,2024-05-02
CUST00697,Aarav,Gupta,Female,62,Kolkata,206548,2024-01-25
CUST00698,Amit,Patil,Male,24,Kolkata,50346,2024-01-02
CUST00699,Simran,Patil,Female,62,Pune,128621,2024-02-12
CUST00700,Aditya,Deshmukh,Female,19,Delhi,43412,2020-06-04
CUST00701,Priya,More,Female,23,Surat,239471,2020-05-14
CUST00702,Amit,Pawar,Female,58,Surat,138833,2025-09-22
CUST00703,Neha,Mehta,Female,49,Bengaluru,181876,2020-02-25
CUST00704,Meera,Patil,Female,37,Kolkata,85206,2019-04-02
CUST00705,Kavya,Gupta,Male,51,Pune,30934,2018-12-11
CUST00706,Kunal,Kulkarni,Male,67,Delhi,50723,2025-08-14
CUST00707,Rohan,Pawar,Male,33,Kolkata,147968,2019-07-08
CUST00708,Arjun,Deshmukh,Male,42,Kolkata,171477,2020-10-17
CUST00709,Ananya,Gupta,Female,29,Surat,169820,2020-02-27
CUST00710,Simran,Kulkarni,Female,24,Delhi,221838,2022-12-25
CUST00711,Vivaan,Mehta,Male,56,Mumbai,197485,2019-12-06
CUST00712,Rohan,Pawar,Male,34,Delhi,173426,2021-02-01
CUST00713,Arjun,Verma,Male,62,Hyderabad,225562,2024-04-13
CUST00714,Aditya,Kadam,Female,28,Kolkata,141988,2020-03-22
CUST00715,Amit,Pawar,Female,23,Bengaluru,239747,2020-08-10
CUST00716,Amit,Shah,Male,40,Mumbai,168460,2020-03-25
CUST00717,Kavya,Gaikwad,Female,44,Chennai,56523,2022-03-29
CUST00718,Vivaan,Patil,Female,63,Pune,121150,2018-05-24
CUST00719,Kunal,Gaikwad,Male,23,Delhi,140950,2025-08-09
CUST00720,Meera,More,Female,55,Bengaluru,208765,2020-05-12
CUST00721,Kavya,Kadam,Female,19,Chennai,186804,2021-05-01
CUST00722,Aarav,Sharma,Male,39,Chennai,61646,2024-11-17
CUST00723,Priya,Deshmukh,Male,37,Kolkata,172093,2022-12-13
CUST00724,Amit,Patil,Male,42,Hyderabad,244310,2019-01-10
CUST00725,Kavya,Sharma,Male,32,Kolkata,72776,2019-11-08
CUST00726,Priya,Sharma,Female,66,Pune,39116,2025-07-02
CUST00727,Neha,Deshmukh,Female,46,Mumbai,223081,2025-04-30
CUST00728,Simran,Singh,Male,25,Surat,132858,2021-07-13
CUST00729,Pooja,Sharma,Male,54,Ahmedabad,239343,2019-07-10
CUST00730,Neha,Jadhav,Male,66,Mumbai,96620,2020-05-12
CUST00731,Meera,Gaikwad,Male,69,Pune,195843,2023-10-23
CUST00732,Isha,Joshi,Female,50,Surat,179828,2024-10-21
CUST00733,Riya,Singh,Male,39,Chennai,102604,2020-05-30
CUST00734,Riya,Joshi,Male,67,Mumbai,114452,2024-03-23
CUST00735,Isha,Shah,Male,64,Surat,153991,2023-01-17
CUST00736,Nisha,Gupta,Female,22,Delhi,43550,2024-06-13
CUST00737,Rahul,Singh,Male,56,Kolkata,187596,2020-08-23
CUST00738,Aditi,Mehta,Female,35,Ahmedabad,205678,2024-07-23
CUST00739,Rohan,More,Male,55,Bengaluru,219891,2019-04-21
CUST00740,Nisha,Patil,Female,70,Delhi,90227,2021-08-31
CUST00741,Isha,More,Female,54,Mumbai,43212,2019-06-09
CUST00742,Arjun,Patil,Male,47,Jaipur,60118,2021-12-19
CUST00743,Aarav,Singh,Male,68,Surat,48602,2025-01-15
CUST00744,Pooja,Joshi,Female,48,Chennai,37540,2019-07-16
CUST00745,Ananya,Kulkarni,Female,27,Chennai,186901,2019-07-23
CUST00746,Aditya,Verma,Male,32,Jaipur,207381,2021-04-20
CUST00747,Simran,Mehta,Male,59,Mumbai,216475,2018-04-16
CUST00748,Nisha,More,Female,65,Chennai,91455,2024-02-17
CUST00749,Priya,Gaikwad,Female,61,Hyderabad,42277,2021-03-06
CUST00750,Kavya,Gaikwad,Male,35,Chennai,139133,2019-12-01
CUST00751,Pooja,Jadhav,Female,40,Ahmedabad,210745,2021-02-17
CUST00752,Aditi,Joshi,Male,50,Hyderabad,168748,2025-11-18
CUST00753,Neha,Gupta,Female,33,Pune,193916,2018-03-13
CUST00754,Arjun,Mehta,Male,55,Pune,215780,2020-01-25
CUST00755,Kunal,More,Male,52,Surat,29752,2024-11-09
CUST00756,Neha,Gaikwad,Male,51,Hyderabad,232620,2020-06-23
CUST00757,Riya,Joshi,Female,45,Delhi,225783,2024-12-01
CUST00758,Meera,Gaikwad,Male,19,Surat,191742,2018-02-21
CUST00759,Kavya,Patil,Male,47,Delhi,218675,2020-09-30
CUST00760,Neha,Singh,Male,30,Ahmedabad,182550,2025-03-06
CUST00761,Aditi,Gupta,Male,58,Kolkata,177511,2021-07-11
CUST00762,Nisha,Deshmukh,Female,33,Mumbai,185819,2021-06-16
CUST00763,Neha,Kadam,Male,22,Hyderabad,145332,2024-04-21
CUST00764,Kavya,Mehta,Female,45,Jaipur,180882,2019-11-16
CUST00765,Aditi,Kulkarni,Female,70,Bengaluru,38302,2022-11-08
CUST00766,Ananya,Joshi,Male,56,Mumbai,86236,2022-06-19
CUST00767,Aditi,Jadhav,Male,62,Ahmedabad,84467,2023-10-06
CUST00768,Isha,Shah,Male,37,Hyderabad,122350,2020-08-07
CUST00769,Vivaan,Shah,Male,41,Pune,185913,2025-04-07
CUST00770,Pooja,Singh,Male,44,Mumbai,195785,2022-08-01
CUST00771,Isha,Shah,Male,47,Delhi,200618,2024-08-13
CUST00772,Rohan,Gupta,Female,62,Jaipur,23048,2024-03-29
CUST00773,Neha,More,Male,44,Mumbai,184362,2021-11-26
CUST00774,Amit,Jadhav,Male,43,Bengaluru,78906,2022-05-04
CUST00775,Arjun,Kulkarni,Female,24,Ahmedabad,96637,2020-11-12
CUST00776,Amit,Gupta,Male,59,Ahmedabad,49778,2025-03-06
CUST00777,Pooja,Kulkarni,Female,64,Surat,178497,2021-07-14
CUST00778,Ananya,Kulkarni,Female,70,Ahmedabad,234460,2025-11-28
CUST00779,Kunal,Singh,Male,55,Surat,140918,2023-12-06
CUST00780,Riya,Kulkarni,Female,22,Ahmedabad,110036,2022-06-12
CUST00781,Vivaan,Gaikwad,Male,40,Bengaluru,209248,2021-03-22
CUST00782,Nisha,Pawar,Male,45,Ahmedabad,163746,2024-05-04
CUST00783,Priya,More,Male,51,Jaipur,213474,2023-12-01
CUST00784,Rohan,More,Male,70,Kolkata,239803,2024-01-23
CUST00785,Arjun,Kadam,Female,32,Pune,240979,2025-06-08
CUST00786,Riya,Deshmukh,Male,49,Jaipur,184125,2020-10-28
CUST00787,Isha,Patil,Male,43,Ahmedabad,31957,2025-07-24
CUST00788,Isha,Verma,Male,65,Hyderabad,92644,2019-03-07
CUST00789,Nisha,Singh,Female,48,Delhi,204688,2021-08-08
CUST00790,Simran,Kadam,Male,36,Kolkata,133294,2020-06-11
CUST00791,Nisha,Shah,Female,26,Pune,37829,2020-12-09
CUST00792,Nisha,Patil,Male,46,Delhi,25837,2018-04-17
CUST00793,Rahul,Shah,Female,68,Jaipur,215213,2020-01-15
CUST00794,Sneha,Gupta,Female,56,Bengaluru,166104,2025-07-10
CUST00795,Aarav,Pawar,Female,21,Bengaluru,119770,2022-01-19
CUST00796,Arjun,Joshi,Female,20,Delhi,46352,2024-06-28
CUST00797,Amit,Kulkarni,Male,46,Hyderabad,50215,2024-06-14
CUST00798,Ananya,Pawar,Female,69,Delhi,207391,2025-12-07
CUST00799,Isha,Pawar,Male,28,Jaipur,225714,2019-09-14
CUST00800,Priya,Pawar,Male,50,Delhi,61247,2020-09-21
CUST00801,Riya,Pawar,Male,55,Pune,245374,2018-05-25
CUST00802,Kunal,Pawar,Female,28,Hyderabad,149692,2025-08-19
CUST00803,Aditya,Singh,Male,44,Chennai,194120,2020-03-31
CUST00804,Kunal,Jadhav,Female,50,Mumbai,226604,2019-02-16
CUST00805,Nisha,Patil,Female,38,Chennai,86714,2018-04-24
CUST00806,Rahul,Jadhav,Female,56,Surat,55319,2025-03-07
CUST00807,Aditi,Pawar,Female,48,Delhi,139058,2024-09-12
CUST00808,Ananya,Verma,Female,55,Bengaluru,36025,2018-05-04
CUST00809,Sneha,Kulkarni,Female,63,Chennai,29780,2018-03-27
CUST00810,Riya,Sharma,Female,19,Ahmedabad,42706,2018-02-16
CUST00811,Neha,Mehta,Female,44,Jaipur,193988,2023-03-15
CUST00812,Rahul,More,Female,53,Chennai,95503,2022-04-22
CUST00813,Kavya,Verma,Female,28,Kolkata,181928,2022-10-05
CUST00814,Pooja,Patil,Male,64,Hyderabad,123166,2023-06-29
CUST00815,Rohan,Kulkarni,Male,35,Jaipur,29179,2020-03-14
CUST00816,Kavya,More,Male,18,Bengaluru,189695,2024-09-02
CUST00817,Nisha,Gupta,Male,52,Surat,168659,2025-03-08
CUST00818,Simran,Shah,Female,52,Chennai,174805,2023-06-13
CUST00819,Neha,Pawar,Female,48,Hyderabad,239378,2025-05-03
CUST00820,Aarav,Jadhav,Female,45,Mumbai,119423,2025-07-24
CUST00821,Amit,Jadhav,Male,56,Hyderabad,143076,2020-12-05
CUST00822,Isha,Sharma,Female,18,Hyderabad,155047,2021-04-06
CUST00823,Nisha,Deshmukh,Female,42,Jaipur,229527,2025-04-23
CUST00824,Aarav,Singh,Female,60,Mumbai,95138,2018-02-15
CUST00825,Aditi,Verma,Female,55,Hyderabad,196535,2025-08-03
CUST00826,Priya,Pawar,Female,37,Kolkata,193226,2019-06-24
CUST00827,Meera,Kulkarni,Male,20,Chennai,226748,2018-03-28
CUST00828,Ananya,Kadam,Female,68,Chennai,106706,2025-10-21
CUST00829,Arjun,Gupta,Male,19,Kolkata,136905,2021-11-09
CUST00830,Meera,Gaikwad,Male,35,Chennai,48830,2018-09-22
CUST00831,Kavya,Verma,Female,61,Hyderabad,130076,2019-12-04
CUST00832,Meera,Kadam,Male,27,Surat,223198,2022-01-13
CUST00833,Simran,Jadhav,Female,22,Hyderabad,197817,2024-03-29
CUST00834,Ananya,Gupta,Male,26,Jaipur,50609,2018-07-05
CUST00835,Nisha,Kadam,Female,19,Ahmedabad,37401,2018-11-22
CUST00836,Kavya,Patil,Male,51,Surat,178801,2021-04-21
CUST00837,Meera,Jadhav,Female,55,Bengaluru,123480,2019-02-01
CUST00838,Ananya,Shah,Female,48,Bengaluru,138278,2022-02-13
CUST00839,Pooja,Verma,Male,27,Surat,196239,2021-11-27
CUST00840,Nisha,Gupta,Female,67,Hyderabad,245253,2021-12-11
CUST00841,Kunal,Mehta,Female,29,Delhi,77391,2020-12-24
CUST00842,Sneha,Pawar,Male,53,Ahmedabad,146543,2020-08-13
CUST00843,Ananya,Pawar,Male,38,Kolkata,148886,2019-07-09
CUST00844,Simran,Patil,Male,66,Hyderabad,114583,2025-08-12
CUST00845,Aarav,Gaikwad,Male,64,Surat,209243,2020-11-06
CUST00846,Ananya,Gupta,Female,23,Delhi,239168,2025-10-15
CUST00847,Amit,Gupta,Female,65,Hyderabad,157719,2024-09-04
CUST00848,Kunal,More,Male,66,Delhi,172178,2018-02-13
CUST00849,Riya,Mehta,Male,20,Surat,26015,2020-06-19
CUST00850,Arjun,Singh,Female,27,Hyderabad,41506,2022-09-20
CUST00851,Arjun,Patil,Male,22,Mumbai,44067,2019-04-27
CUST00852,Riya,More,Male,63,Chennai,150819,2023-07-30
CUST00853,Sneha,Joshi,Female,43,Surat,22056,2021-07-10
CUST00854,Simran,Jadhav,Female,38,Bengaluru,248327,2021-04-12
CUST00855,Nisha,Singh,Female,62,Bengaluru,49328,2022-01-04
CUST00856,Aarav,Sharma,Female,43,Ahmedabad,97712,2019-07-20
CUST00857,Isha,Gaikwad,Male,55,Pune,72832,2024-03-17
CUST00858,Arjun,Deshmukh,Female,61,Bengaluru,62771,2020-02-11
CUST00859,Priya,Shah,Male,43,Pune,117421,2021-05-03
CUST00860,Isha,Singh,Male,25,Mumbai,237877,2024-09-22
CUST00861,Amit,Gaikwad,Male,22,Surat,197587,2019-04-16
CUST00862,Neha,More,Male,32,Delhi,84538,2021-10-02
CUST00863,Kavya,Singh,Female,33,Ahmedabad,219722,2024-01-23
CUST00864,Rahul,Joshi,Male,18,Chennai,230050,2019-11-03
CUST00865,Ananya,More,Male,33,Kolkata,60151,2021-03-20
CUST00866,Arjun,Jadhav,Male,54,Pune,152701,2018-04-21
CUST00867,Pooja,More,Male,20,Chennai,103463,2025-02-09
CUST00868,Kunal,Kulkarni,Female,69,Ahmedabad,116853,2020-10-23
CUST00869,Amit,Shah,Male,64,Ahmedabad,109432,2018-12-10
CUST00870,Ananya,Pawar,Female,48,Bengaluru,48155,2022-01-12
CUST00871,Ananya,Deshmukh,Male,30,Chennai,169360,2024-07-07
CUST00872,Simran,Joshi,Female,33,Hyderabad,70588,2024-04-30
CUST00873,Isha,Kulkarni,Female,60,Jaipur,238023,2023-11-01
CUST00874,Vivaan,More,Male,38,Ahmedabad,187157,2020-02-16
CUST00875,Aditi,Deshmukh,Female,19,Pune,31251,2024-07-09
CUST00876,Kunal,Gaikwad,Male,44,Kolkata,122420,2021-11-04
CUST00877,Vivaan,Gupta,Male,55,Kolkata,176646,2019-10-20
CUST00878,Meera,Kadam,Female,43,Mumbai,29623,2023-01-08
CUST00879,Rahul,Kulkarni,Male,55,Mumbai,237544,2023-01-07
CUST00880,Rohan,Shah,Male,63,Bengaluru,74715,2019-03-30
CUST00881,Simran,Kadam,Female,42,Hyderabad,26123,2025-06-13
CUST00882,Kunal,Patil,Male,28,Bengaluru,23061,2020-01-11
CUST00883,Riya,Mehta,Female,25,Kolkata,126393,2022-11-05
CUST00884,Rahul,Kadam,Male,25,Delhi,122035,2024-07-08
CUST00885,Riya,Verma,Female,50,Kolkata,59095,2024-06-15
CUST00886,Isha,Kulkarni,Female,70,Ahmedabad,210690,2025-08-06
CUST00887,Priya,Gupta,Female,24,Chennai,179523,2021-12-14
CUST00888,Pooja,Sharma,Female,55,Chennai,101897,2022-10-15
CUST00889,Rahul,Gupta,Male,38,Ahmedabad,101443,2024-07-29
CUST00890,Amit,Jadhav,Female,25,Ahmedabad,138005,2020-04-03
CUST00891,Priya,Patil,Male,68,Kolkata,54814,2018-05-25
CUST00892,Ananya,Singh,Male,38,Chennai,105141,2023-06-30
CUST00893,Aditya,Gupta,Male,37,Chennai,248864,2020-12-03
CUST00894,Pooja,Kadam,Male,25,Surat,227940,2022-11-22
CUST00895,Vivaan,More,Male,63,Chennai,188904,2021-11-10
CUST00896,Arjun,Kulkarni,Female,48,Ahmedabad,246084,2022-10-29
CUST00897,Aditya,Singh,Female,67,Mumbai,160517,2020-06-28
CUST00898,Meera,Joshi,Female,46,Hyderabad,184562,2020-01-31
CUST00899,Arjun,Gupta,Male,65,Delhi,49767,2024-12-17
CUST00900,Arjun,More,Female,26,Ahmedabad,66057,2022-02-25
CUST00901,Meera,Gaikwad,Male,32,Chennai,231818,2025-05-13
CUST00902,Rohan,More,Male,47,Pune,240767,2019-06-15
CUST00903,Rahul,Kulkarni,Male,43,Kolkata,224172,2021-09-21
CUST00904,Neha,Sharma,Male,27,Kolkata,192115,2023-07-21
CUST00905,Amit,Gaikwad,Female,46,Hyderabad,106755,2025-01-04
CUST00906,Aditya,Jadhav,Female,33,Ahmedabad,47946,2023-12-18
CUST00907,Amit,Kadam,Male,53,Hyderabad,187659,2020-10-04
CUST00908,Neha,Shah,Male,37,Mumbai,23364,2022-03-18
CUST00909,Meera,Patil,Male,62,Jaipur,220926,2021-06-27
CUST00910,Riya,Gaikwad,Male,54,Bengaluru,207160,2025-08-13
CUST00911,Rohan,Singh,Female,39,Pune,97015,2020-08-04
CUST00912,Kunal,Mehta,Male,24,Bengaluru,158470,2021-03-07
CUST00913,Rohan,Kadam,Male,40,Jaipur,153524,2021-07-22
CUST00914,Aditya,Joshi,Male,58,Pune,107208,2020-09-28
CUST00915,Rahul,Gaikwad,Female,57,Bengaluru,143208,2024-11-16
CUST00916,Sneha,Singh,Female,46,Pune,184265,2023-12-29
CUST00917,Kavya,Gupta,Female,33,Hyderabad,230473,2023-05-22
CUST00918,Kavya,Singh,Female,55,Delhi,45345,2020-05-31
CUST00919,Sneha,Gaikwad,Male,45,Surat,105895,2023-01-22
CUST00920,Nisha,Singh,Male,65,Pune,225407,2024-11-08
CUST00921,Pooja,Patil,Female,55,Jaipur,210268,2023-05-30
CUST00922,Ananya,Gupta,Female,48,Hyderabad,174125,2024-10-17
CUST00923,Priya,Gupta,Female,31,Surat,149022,2022-06-19
CUST00924,Priya,Kadam,Female,70,Hyderabad,234292,2018-06-22
CUST00925,Rohan,Gupta,Female,50,Mumbai,156087,2019-04-18
CUST00926,Kavya,Jadhav,Female,26,Chennai,248273,2021-12-17
CUST00927,Neha,Patil,Female,44,Kolkata,159729,2024-10-22
CUST00928,Arjun,Kadam,Female,41,Mumbai,71116,2019-05-13
CUST00929,Rahul,Jadhav,Female,30,Jaipur,173023,2024-01-26
CUST00930,Vivaan,Joshi,Female,43,Ahmedabad,117599,2020-09-15
CUST00931,Riya,Shah,Male,46,Ahmedabad,249351,2022-05-25
CUST00932,Aarav,Sharma,Female,68,Kolkata,46521,2025-02-21
CUST00933,Arjun,Verma,Male,66,Hyderabad,74431,2024-10-11
CUST00934,Neha,Gupta,Female,60,Delhi,30731,2019-02-23
CUST00935,Vivaan,Patil,Female,45,Jaipur,169816,2021-10-02
CUST00936,Neha,Shah,Female,45,Kolkata,83094,2024-11-07
CUST00937,Kavya,Kadam,Male,25,Surat,38423,2019-12-15
CUST00938,Vivaan,Jadhav,Male,40,Surat,134612,2024-02-28
CUST00939,Simran,Shah,Male,46,Ahmedabad,168640,2018-06-28
CUST00940,Vivaan,Jadhav,Female,22,Chennai,198483,2023-10-06
CUST00941,Arjun,Verma,Male,59,Hyderabad,23934,2023-04-14
CUST00942,Rohan,Shah,Male,24,Ahmedabad,96945,2020-08-03
CUST00943,Amit,Gaikwad,Male,59,Delhi,150443,2023-07-12
CUST00944,Meera,Mehta,Female,53,Kolkata,116946,2024-12-23
CUST00945,Aditi,Verma,Female,58,Pune,116344,2020-01-09
CUST00946,Neha,Gaikwad,Male,44,Delhi,159244,2023-05-11
CUST00947,Rahul,Kadam,Male,63,Pune,47358,2018-04-22
CUST00948,Isha,More,Male,19,Hyderabad,217385,2019-12-16
CUST00949,Kavya,Shah,Female,42,Kolkata,149774,2021-11-02
CUST00950,Ananya,Verma,Female,26,Surat,39763,2023-04-23
CUST00951,Neha,Joshi,Male,70,Surat,199745,2021-10-13
CUST00952,Riya,Kulkarni,Female,44,Mumbai,247778,2020-03-23
CUST00953,Simran,Kulkarni,Male,18,Surat,105997,2021-04-23
CUST00954,Amit,Singh,Female,40,Jaipur,87975,2018-02-06
CUST00955,Sneha,Jadhav,Male,27,Mumbai,158876,2023-01-03
CUST00956,Isha,Jadhav,Male,59,Mumbai,198666,2025-12-20
CUST00957,Aditi,Sharma,Male,69,Surat,229820,2025-08-11
CUST00958,Neha,Pawar,Female,42,Ahmedabad,107189,2021-06-05
CUST00959,Meera,Shah,Female,20,Chennai,107507,2020-03-20
CUST00960,Neha,Jadhav,Male,23,Chennai,87525,2018-01-23
CUST00961,Pooja,More,Female,23,Jaipur,224476,2022-03-07
CUST00962,Sneha,Joshi,Female,70,Bengaluru,119248,2020-03-06
CUST00963,Amit,Kulkarni,Male,19,Ahmedabad,44604,2019-05-11
CUST00964,Aarav,Joshi,Male,35,Bengaluru,136585,2020-06-18
CUST00965,Priya,Patil,Female,40,Pune,173207,2019-03-01
CUST00966,Rohan,Jadhav,Male,19,Ahmedabad,247152,2025-07-10
CUST00967,Meera,More,Male,29,Kolkata,188990,2023-08-28
CUST00968,Meera,Verma,Female,39,Bengaluru,149716,2023-06-06
CUST00969,Sneha,Kadam,Male,54,Jaipur,201921,2022-01-08
CUST00970,Pooja,Gaikwad,Male,37,Jaipur,181919,2025-04-28
CUST00971,Aarav,Jadhav,Male,56,Ahmedabad,194846,2021-05-18
CUST00972,Sneha,Jadhav,Female,41,Mumbai,211781,2022-12-03
CUST00973,Aditya,Singh,Male,65,Kolkata,30680,2024-03-08
CUST00974,Sneha,Gupta,Male,37,Hyderabad,133508,2019-07-19
CUST00975,Aditi,More,Male,18,Kolkata,115619,2021-07-28
CUST00976,Meera,Pawar,Male,18,Jaipur,75037,2023-01-31
CUST00977,Amit,Joshi,Male,34,Pune,119969,2018-05-13
CUST00978,Arjun,More,Male,18,Bengaluru,131115,2019-03-25
CUST00979,Aditi,Deshmukh,Female,70,Bengaluru,78914,2024-04-30
CUST00980,Simran,Deshmukh,Male,69,Pune,177381,2023-01-05
CUST00981,Arjun,Gupta,Male,62,Delhi,127255,2023-11-29
CUST00982,Riya,Deshmukh,Male,47,Ahmedabad,30349,2020-04-29
CUST00983,Rahul,Pawar,Male,58,Jaipur,226151,2021-06-15
CUST00984,Kavya,Verma,Male,64,Chennai,211892,2022-01-20
CUST00985,Aditya,More,Female,20,Surat,226068,2020-06-19
CUST00986,Ananya,Shah,Male,63,Pune,185625,2020-01-29
CUST00987,Meera,Sharma,Male,28,Pune,48525,2022-03-20
CUST00988,Riya,Verma,Male,41,Kolkata,25948,2023-03-15
CUST00989,Isha,Jadhav,Female,39,Ahmedabad,34498,2025-12-18
CUST00990,Kavya,Jadhav,Female,61,Ahmedabad,170063,2020-05-11
CUST00991,Rohan,Shah,Female,62,Chennai,241582,2023-01-22
CUST00992,Rahul,Deshmukh,Male,43,Surat,79790,2024-02-19
CUST00993,Simran,Singh,Female,30,Ahmedabad,158732,2019-05-30
CUST00994,Kavya,Gaikwad,Male,18,Mumbai,46245,2025-10-08
CUST00995,Vivaan,Gupta,Male,41,Jaipur,151310,2020-08-25
CUST00996,Ananya,Gupta,Male,27,Mumbai,170992,2022-05-11
CUST00997,Arjun,More,Male,52,Delhi,66659,2018-03-25
CUST00998,Rohan,More,Female,41,Jaipur,145983,2020-03-08
CUST00999,Amit,Shah,Female,45,Hyderabad,94874,2023-10-29
CUST01000,Simran,Kadam,Male,53,Jaipur,62517,2022-05-21
CUST01001,Kunal,Kulkarni,Female,33,Jaipur,146618,2019-06-06
CUST01002,Aarav,Sharma,Female,57,Chennai,95885,2021-05-07
CUST01003,Meera,Gaikwad,Female,33,Mumbai,66350,2022-05-14
CUST01004,Aditi,Pawar,Female,34,Surat,97179,2018-08-22
CUST01005,Neha,Mehta,Female,68,Kolkata,179346,2023-01-17
CUST01006,Meera,Patil,Female,32,Chennai,65013,2024-04-10
CUST01007,Meera,Pawar,Female,33,Jaipur,59913,2021-11-17
CUST01008,Sneha,Pawar,Male,32,Kolkata,65819,2022-05-09
CUST01009,Kavya,Kulkarni,Male,51,Bengaluru,102168,2022-01-09
CUST01010,Vivaan,Pawar,Female,28,Kolkata,112680,2025-12-06
CUST01011,Meera,Kulkarni,Male,18,Pune,228929,2019-01-28
CUST01012,Meera,Shah,Female,32,Chennai,114792,2018-01-09
CUST01013,Amit,Kadam,Male,43,Chennai,215982,2019-09-05
CUST01014,Pooja,Kulkarni,Male,68,Pune,174557,2023-04-28
CUST01015,Simran,Pawar,Male,21,Bengaluru,153932,2025-10-25
CUST01016,Ananya,Verma,Male,60,Ahmedabad,69875,2019-12-16
CUST01017,Priya,Shah,Female,22,Ahmedabad,165991,2023-04-12
CUST01018,Aarav,Singh,Female,52,Ahmedabad,249945,2018-04-20
CUST01019,Isha,Singh,Female,30,Ahmedabad,93947,2020-04-13
CUST01020,Rahul,Mehta,Female,27,Mumbai,29586,2018-09-23
CUST01021,Kunal,Joshi,Male,28,Pune,71986,2021-10-28
CUST01022,Aarav,Kadam,Male,35,Bengaluru,109848,2023-07-25
CUST01023,Amit,Verma,Female,51,Jaipur,43055,2020-09-02
CUST01024,Vivaan,Jadhav,Male,56,Delhi,185962,2022-06-07
CUST01025,Amit,Pawar,Male,58,Chennai,214153,2020-08-12
CUST01026,Amit,Kulkarni,Male,59,Kolkata,48807,2022-07-28
CUST01027,Sneha,Gupta,Male,67,Ahmedabad,236992,2021-09-11
CUST01028,Arjun,Gupta,Female,40,Kolkata,67177,2025-06-12
CUST01029,Amit,Patil,Female,24,Delhi,245533,2022-04-24
CUST01030,Aditi,Gupta,Male,56,Chennai,88625,2024-02-02
CUST01031,Nisha,Gupta,Female,20,Hyderabad,165314,2025-01-16
CUST01032,Pooja,Shah,Female,29,Surat,76317,2020-11-24
CUST01033,Ananya,Gupta,Male,24,Bengaluru,191050,2023-05-12
CUST01034,Sneha,Mehta,Female,66,Mumbai,36433,2024-12-27
CUST01035,Isha,Pawar,Female,43,Kolkata,53282,2020-04-28
CUST01036,Kunal,Verma,Male,50,Ahmedabad,96519,2020-08-20
CUST01037,Isha,Verma,Male,54,Pune,63578,2022-12-31
CUST01038,Simran,Kadam,Male,65,Kolkata,150843,2024-11-24
CUST01039,Isha,Kulkarni,Male,32,Chennai,128333,2025-01-14
CUST01040,Rahul,Singh,Male,19,Hyderabad,221279,2024-05-10
CUST01041,Priya,Mehta,Female,58,Bengaluru,175205,2023-10-03
CUST01042,Rohan,Gaikwad,Male,24,Pune,70317,2020-06-06
CUST01043,Priya,More,Male,49,Surat,147878,2020-01-15
CUST01044,Ananya,Pawar,Female,21,Chennai,128745,2024-05-13
CUST01045,Rohan,Jadhav,Female,37,Hyderabad,149230,2021-12-12
CUST01046,Priya,Verma,Male,67,Pune,85950,2025-05-03
CUST01047,Isha,Deshmukh,Male,70,Surat,79612,2021-06-02
CUST01048,Aditi,Gaikwad,Male,53,Kolkata,84873,2025-03-02
CUST01049,Aditya,Gaikwad,Female,49,Chennai,135792,2018-06-25
CUST01050,Amit,Sharma,Male,45,Jaipur,237850,2019-07-20
CUST01051,Vivaan,More,Male,30,Surat,213074,2025-09-19
CUST01052,Amit,Mehta,Female,18,Hyderabad,203580,2022-08-15
CUST01053,Simran,Pawar,Male,52,Jaipur,189451,2021-11-09
CUST01054,Pooja,Gaikwad,Female,65,Jaipur,144814,2018-09-19
CUST01055,Sneha,Singh,Female,47,Mumbai,35231,2019-06-15
CUST01056,Pooja,Sharma,Male,53,Hyderabad,107385,2023-02-21
CUST01057,Meera,Shah,Female,42,Jaipur,61163,2021-10-26
CUST01058,Pooja,Shah,Male,33,Kolkata,141880,2022-09-03
CUST01059,Simran,More,Female,36,Chennai,182748,2021-05-05
CUST01060,Kunal,Gupta,Female,18,Chennai,107592,2020-08-05
CUST01061,Sneha,Verma,Female,22,Kolkata,126564,2019-08-08
CUST01062,Sneha,Singh,Male,68,Mumbai,236555,2025-11-02
CUST01063,Kunal,More,Female,39,Bengaluru,75535,2022-06-09
CUST01064,Kavya,Singh,Female,41,Mumbai,130952,2024-06-07
CUST01065,Aditi,Kadam,Male,60,Chennai,242648,2021-03-01
CUST01066,Amit,Pawar,Female,62,Bengaluru,197182,2022-10-18
CUST01067,Simran,Shah,Male,69,Mumbai,198050,2025-04-29
CUST01068,Amit,Jadhav,Male,54,Jaipur,241890,2025-03-05
CUST01069,Rohan,Gaikwad,Male,70,Bengaluru,242809,2025-01-20
CUST01070,Rahul,Gaikwad,Male,53,Chennai,223441,2023-09-13
CUST01071,Simran,Patil,Male,53,Kolkata,155824,2019-06-16
CUST01072,Kunal,Kulkarni,Female,21,Ahmedabad,44507,2021-05-16
CUST01073,Aarav,Patil,Male,53,Jaipur,236777,2023-06-17
CUST01074,Kavya,Gaikwad,Female,69,Jaipur,144225,2022-08-25
CUST01075,Simran,Singh,Male,70,Ahmedabad,130282,2022-03-26
CUST01076,Aditya,Pawar,Female,35,Surat,192567,2021-12-08
CUST01077,Pooja,Patil,Female,67,Delhi,241538,2019-01-06
CUST01078,Kunal,Jadhav,Male,33,Pune,211958,2019-02-13
CUST01079,Kavya,Gupta,Female,58,Hyderabad,90559,2021-11-07
CUST01080,Amit,Singh,Male,35,Mumbai,20982,2023-03-17
CUST01081,Meera,Mehta,Female,39,Delhi,230913,2022-01-10
CUST01082,Vivaan,Jadhav,Male,19,Mumbai,149128,2019-09-09
CUST01083,Vivaan,Shah,Female,38,Delhi,167218,2018-03-12
CUST01084,Priya,Mehta,Male,53,Bengaluru,205915,2018-03-25
CUST01085,Rahul,Joshi,Female,61,Kolkata,96737,2024-03-06
CUST01086,Arjun,Joshi,Female,56,Hyderabad,102446,2018-09-16
CUST01087,Meera,Joshi,Male,64,Hyderabad,108567,2021-08-18
CUST01088,Pooja,Verma,Male,56,Mumbai,43636,2020-07-20
CUST01089,Simran,More,Male,46,Ahmedabad,102850,2024-05-18
CUST01090,Aarav,Pawar,Male,43,Bengaluru,178404,2019-01-29
CUST01091,Nisha,Patil,Female,38,Surat,202506,2024-10-01
CUST01092,Meera,Verma,Male,34,Hyderabad,103866,2021-08-27
CUST01093,Isha,More,Male,33,Pune,212343,2025-12-16
CUST01094,Sneha,Mehta,Male,48,Mumbai,82726,2023-04-14
CUST01095,Neha,Patil,Female,68,Jaipur,100901,2022-09-17
CUST01096,Rahul,Shah,Male,26,Pune,161180,2019-09-18
CUST01097,Vivaan,Verma,Male,48,Chennai,88896,2023-03-08
CUST01098,Amit,Verma,Male,31,Mumbai,193625,2023-01-11
CUST01099,Sneha,Pawar,Male,66,Mumbai,60880,2019-07-16
CUST01100,Nisha,Sharma,Female,54,Jaipur,72077,2025-11-19
CUST01101,Arjun,Shah,Male,19,Bengaluru,23625,2022-11-29
CUST01102,Vivaan,Deshmukh,Male,69,Jaipur,58237,2020-07-29
CUST01103,Aarav,Kadam,Female,65,Hyderabad,21223,2023-10-11
CUST01104,Neha,Joshi,Female,63,Kolkata,210375,2021-03-11
CUST01105,Pooja,Mehta,Male,31,Mumbai,85197,2023-02-09
CUST01106,Isha,Shah,Female,50,Chennai,94693,2025-08-13
CUST01107,Rahul,Pawar,Female,52,Ahmedabad,131555,2023-03-07
CUST01108,Aditya,Kadam,Male,56,Mumbai,57760,2022-06-28
CUST01109,Arjun,Singh,Female,64,Jaipur,230254,2022-03-31
CUST01110,Simran,Gupta,Female,68,Delhi,130174,2020-02-21
CUST01111,Riya,Gupta,Male,37,Mumbai,147192,2022-08-22
CUST01112,Ananya,Deshmukh,Male,19,Mumbai,209038,2025-01-30
CUST01113,Kunal,Singh,Male,68,Chennai,49024,2019-08-20
CUST01114,Neha,Sharma,Female,58,Chennai,221395,2023-08-19
CUST01115,Nisha,Jadhav,Female,36,Mumbai,43202,2024-05-12
CUST01116,Nisha,Gupta,Female,54,Delhi,139414,2024-03-24
CUST01117,Sneha,Gaikwad,Male,35,Kolkata,71524,2024-02-12
CUST01118,Rahul,Kadam,Female,33,Surat,194980,2025-03-23
CUST01119,Simran,Deshmukh,Female,21,Delhi,187139,2024-10-16
CUST01120,Pooja,Shah,Male,29,Delhi,160432,2025-03-01
CUST01121,Rohan,Gupta,Male,46,Delhi,118228,2025-05-27
CUST01122,Isha,More,Female,24,Kolkata,124755,2018-12-22
CUST01123,Meera,Pawar,Male,31,Bengaluru,164013,2025-11-30
CUST01124,Isha,Pawar,Female,29,Bengaluru,35993,2023-08-03
CUST01125,Arjun,Singh,Male,52,Delhi,34620,2019-01-27
CUST01126,Nisha,Jadhav,Male,22,Surat,143271,2019-08-02
CUST01127,Aarav,Gaikwad,Male,34,Jaipur,40193,2022-06-29
CUST01128,Neha,Joshi,Male,59,Pune,71559,2024-10-03
CUST01129,Sneha,Gupta,Female,49,Bengaluru,41248,2023-07-02
CUST01130,Priya,Patil,Male,27,Ahmedabad,196924,2022-09-20
CUST01131,Nisha,Kadam,Female,60,Chennai,156099,2018-06-13
CUST01132,Simran,More,Male,34,Kolkata,83410,2025-09-27
CUST01133,Riya,Pawar,Female,22,Kolkata,24260,2019-09-30
CUST01134,Arjun,Singh,Male,62,Pune,57596,2023-08-27
CUST01135,Kavya,Kulkarni,Female,59,Bengaluru,29012,2024-10-29
CUST01136,Amit,Patil,Female,26,Surat,45823,2018-06-19
CUST01137,Sneha,More,Male,66,Surat,93851,2018-12-06
CUST01138,Kunal,Mehta,Male,50,Chennai,67027,2019-12-27
CUST01139,Amit,Jadhav,Female,53,Delhi,229239,2023-04-18
CUST01140,Priya,Patil,Female,53,Jaipur,103794,2020-10-31
CUST01141,Kunal,Shah,Male,35,Bengaluru,45099,2022-07-04
CUST01142,Simran,Pawar,Female,26,Surat,121427,2018-05-13
CUST01143,Neha,Kadam,Female,46,Pune,56992,2025-05-11
CUST01144,Isha,Pawar,Female,67,Chennai,139942,2020-04-02
CUST01145,Neha,Joshi,Female,31,Mumbai,247984,2020-08-11
CUST01146,Vivaan,Joshi,Female,42,Chennai,137886,2023-10-28
CUST01147,Neha,Singh,Male,32,Surat,162049,2018-12-12
CUST01148,Isha,Deshmukh,Male,23,Mumbai,207306,2019-09-01
CUST01149,Amit,More,Male,59,Ahmedabad,243302,2019-10-01
CUST01150,Pooja,Joshi,Female,46,Hyderabad,198448,2020-11-13
CUST01151,Arjun,Deshmukh,Female,32,Chennai,185050,2022-02-03
CUST01152,Aarav,Singh,Male,46,Pune,29218,2021-05-09
CUST01153,Simran,Kadam,Female,21,Pune,41788,2023-12-19
CUST01154,Aditya,Shah,Female,35,Jaipur,40501,2024-07-31
CUST01155,Simran,Jadhav,Female,67,Delhi,229061,2018-05-30
CUST01156,Kunal,Mehta,Male,66,Chennai,123733,2022-03-30
CUST01157,Aditya,Gupta,Male,61,Surat,35210,2021-08-20
CUST01158,Priya,More,Male,56,Hyderabad,148476,2022-04-14
CUST01159,Vivaan,Singh,Male,33,Bengaluru,94225,2018-02-19
CUST01160,Arjun,Kadam,Male,28,Surat,196561,2024-11-16
CUST01161,Isha,Patil,Male,31,Pune,243989,2022-02-14
CUST01162,Ananya,Deshmukh,Male,20,Ahmedabad,83721,2024-11-07
CUST01163,Isha,Singh,Male,68,Surat,246116,2018-12-01
CUST01164,Pooja,Deshmukh,Male,67,Kolkata,193725,2021-10-07
CUST01165,Arjun,Singh,Female,59,Pune,237750,2019-10-30
CUST01166,Vivaan,Gupta,Male,55,Chennai,192022,2022-07-31
CUST01167,Vivaan,More,Female,62,Ahmedabad,159988,2024-07-02
CUST01168,Ananya,Joshi,Female,59,Kolkata,216983,2020-10-12
CUST01169,Rahul,Gupta,Male,35,Mumbai,51449,2018-12-02
CUST01170,Sneha,Verma,Male,37,Hyderabad,109333,2019-10-28
CUST01171,Aditi,Patil,Male,65,Pune,40782,2018-03-22
CUST01172,Simran,Patil,Female,42,Chennai,243636,2023-11-05
CUST01173,Neha,Deshmukh,Female,55,Kolkata,40243,2022-12-05
CUST01174,Nisha,Kulkarni,Male,30,Kolkata,49379,2018-09-15
CUST01175,Aditya,Deshmukh,Female,21,Delhi,57780,2020-09-17
CUST01176,Rahul,Joshi,Male,31,Kolkata,181812,2018-07-04
CUST01177,Aditi,Mehta,Male,50,Hyderabad,134944,2022-09-12
CUST01178,Isha,Joshi,Female,45,Ahmedabad,39984,2025-07-08
CUST01179,Kavya,Joshi,Male,69,Ahmedabad,20050,2018-05-03
CUST01180,Riya,Verma,Female,54,Kolkata,157662,2019-08-28
CUST01181,Sneha,Patil,Male,25,Chennai,60205,2025-01-06
CUST01182,Simran,Gupta,Female,61,Pune,35162,2020-06-22
CUST01183,Amit,Gupta,Male,51,Chennai,69746,2022-03-18
CUST01184,Priya,Jadhav,Male,61,Jaipur,164177,2023-06-05
CUST01185,Arjun,Sharma,Female,22,Pune,188571,2021-10-26
CUST01186,Priya,Shah,Male,22,Mumbai,187713,2024-06-10
CUST01187,Aditya,Pawar,Female,48,Hyderabad,31628,2021-08-01
CUST01188,Sneha,Gaikwad,Female,62,Chennai,193104,2025-05-28
CUST01189,Pooja,Shah,Female,26,Delhi,216101,2023-02-09
CUST01190,Aarav,Gupta,Female,59,Ahmedabad,58516,2023-04-26
CUST01191,Meera,Kulkarni,Female,49,Kolkata,107157,2024-04-28
CUST01192,Meera,Deshmukh,Female,50,Pune,152548,2022-05-17
CUST01193,Ananya,Singh,Female,20,Kolkata,139558,2019-05-06
CUST01194,Priya,More,Female,47,Mumbai,60800,2025-08-17
CUST01195,Amit,Gaikwad,Male,67,Jaipur,55788,2020-11-20
CUST01196,Aarav,Gaikwad,Male,29,Kolkata,140754,2019-12-03
CUST01197,Amit,Gupta,Female,46,Chennai,241045,2021-07-15
CUST01198,Rahul,Jadhav,Male,20,Pune,46240,2023-08-22
CUST01199,Kavya,Kulkarni,Male,43,Delhi,161994,2021-04-29
CUST01200,Kunal,Gupta,Male,47,Mumbai,84198,2021-11-24
CUST01201,Vivaan,Joshi,Male,26,Surat,78739,2022-04-10
CUST01202,Kunal,Singh,Female,43,Hyderabad,224674,2023-04-26
CUST01203,Isha,Verma,Female,19,Jaipur,32089,2023-11-09
CUST01204,Arjun,Singh,Male,20,Chennai,52600,2019-08-23
CUST01205,Meera,Gupta,Male,63,Hyderabad,197248,2022-12-15
CUST01206,Amit,More,Female,21,Delhi,28167,2024-06-06
CUST01207,Aditi,Joshi,Male,42,Hyderabad,98352,2021-02-08
CUST01208,Kunal,Sharma,Female,68,Ahmedabad,172236,2018-03-21
CUST01209,Ananya,Kulkarni,Male,30,Pune,105965,2020-04-15
CUST01210,Vivaan,Gaikwad,Male,56,Hyderabad,145540,2019-10-14
CUST01211,Sneha,More,Female,61,Chennai,51415,2024-10-16
CUST01212,Rohan,Joshi,Male,52,Surat,224725,2019-02-21
CUST01213,Aarav,Gaikwad,Female,40,Ahmedabad,91895,2022-01-10
CUST01214,Aditya,Singh,Female,26,Ahmedabad,99900,2023-08-28
CUST01215,Priya,More,Male,19,Hyderabad,114330,2020-12-13
CUST01216,Rahul,Kadam,Female,58,Jaipur,226901,2023-03-19
CUST01217,Neha,Patil,Female,61,Bengaluru,78650,2020-01-16
CUST01218,Aarav,Gupta,Male,48,Jaipur,210053,2023-06-26
CUST01219,Sneha,Gaikwad,Female,61,Kolkata,225940,2018-08-28
CUST01220,Pooja,Joshi,Female,64,Chennai,20615,2025-12-03
CUST01221,Riya,Verma,Female,19,Bengaluru,196684,2023-04-29
CUST01222,Amit,Shah,Female,49,Pune,97937,2024-10-01
CUST01223,Kavya,Gupta,Male,35,Ahmedabad,61936,2020-05-05
CUST01224,Kunal,Kulkarni,Female,30,Chennai,180444,2025-03-31
CUST01225,Riya,Kadam,Female,63,Delhi,127812,2022-12-02
CUST01226,Amit,Mehta,Female,22,Kolkata,87875,2022-11-07
CUST01227,Arjun,Pawar,Female,59,Surat,101782,2019-02-24
CUST01228,Priya,Singh,Female,61,Kolkata,81700,2024-03-13
CUST01229,Aarav,Jadhav,Male,27,Chennai,28109,2019-12-10
CUST01230,Simran,Shah,Female,60,Pune,43758,2025-02-11
CUST01231,Pooja,Deshmukh,Female,42,Ahmedabad,239699,2022-07-26
CUST01232,Riya,Patil,Female,51,Mumbai,128592,2021-09-15
CUST01233,Pooja,Pawar,Female,54,Mumbai,33317,2023-07-29
CUST01234,Sneha,Verma,Male,47,Chennai,233370,2025-11-20
CUST01235,Rahul,Gupta,Male,24,Hyderabad,220073,2019-11-11
CUST01236,Aarav,Gupta,Male,23,Jaipur,202495,2019-05-02
CUST01237,Vivaan,Verma,Male,20,Kolkata,45622,2019-09-15
CUST01238,Ananya,More,Female,30,Pune,26800,2021-12-09
CUST01239,Arjun,Shah,Female,20,Kolkata,55539,2018-08-07
CUST01240,Sneha,Shah,Female,43,Delhi,153672,2025-07-31
CUST01241,Rahul,Shah,Male,41,Mumbai,222126,2024-08-25
CUST01242,Rahul,Verma,Female,70,Ahmedabad,105163,2023-11-05
CUST01243,Kunal,Kulkarni,Male,23,Delhi,180441,2022-01-24
CUST01244,Vivaan,Deshmukh,Male,60,Ahmedabad,248053,2025-11-02
CUST01245,Amit,More,Female,66,Kolkata,36689,2024-09-24
CUST01246,Simran,Patil,Female,59,Pune,101459,2019-11-22
CUST01247,Ananya,Singh,Male,29,Mumbai,58469,2023-07-23
CUST01248,Meera,Singh,Male,66,Kolkata,247011,2020-10-09
CUST01249,Aditya,Singh,Male,53,Mumbai,152030,2025-01-16
CUST01250,Pooja,Joshi,Male,19,Chennai,80012,2019-03-23
CUST01251,Nisha,Gupta,Female,28,Surat,220146,2024-06-05
CUST01252,Aditi,Verma,Male,56,Surat,80021,2024-09-21
CUST01253,Aditi,More,Male,51,Ahmedabad,240012,2019-01-10
CUST01254,Aditya,Gaikwad,Male,43,Kolkata,201854,2024-03-30
CUST01255,Vivaan,More,Male,35,Bengaluru,226591,2023-04-07
CUST01256,Rahul,Kulkarni,Male,38,Mumbai,210387,2019-09-30
CUST01257,Aditi,Verma,Male,53,Mumbai,44642,2022-11-06
CUST01258,Rahul,Shah,Male,57,Bengaluru,99003,2025-05-21
CUST01259,Pooja,Sharma,Male,69,Hyderabad,143714,2024-02-12
CUST01260,Kunal,Sharma,Female,63,Kolkata,20205,2023-10-27
CUST01261,Kavya,Shah,Male,61,Bengaluru,112945,2022-02-13
CUST01262,Nisha,Kadam,Female,39,Surat,32442,2018-07-13
CUST01263,Kavya,Jadhav,Male,70,Mumbai,111826,2021-10-31
CUST01264,Aarav,Verma,Female,47,Surat,242716,2024-05-23
CUST01265,Kunal,Patil,Female,67,Kolkata,156763,2022-02-14
CUST01266,Vivaan,Kulkarni,Female,60,Pune,58909,2022-10-13
CUST01267,Rahul,More,Female,47,Pune,39504,2018-09-07
CUST01268,Meera,Jadhav,Male,25,Ahmedabad,215342,2021-05-09
CUST01269,Isha,Deshmukh,Male,51,Surat,115698,2019-06-20
CUST01270,Aditya,Verma,Male,64,Surat,209123,2024-06-05
CUST01271,Amit,Pawar,Female,26,Surat,189870,2021-01-11
CUST01272,Arjun,Patil,Male,68,Hyderabad,200402,2025-10-27
CUST01273,Ananya,More,Male,37,Surat,107087,2019-04-03
CUST01274,Neha,Jadhav,Female,57,Pune,229991,2025-07-01
CUST01275,Meera,Sharma,Female,42,Hyderabad,233104,2021-10-19
CUST01276,Rohan,Sharma,Female,36,Ahmedabad,61716,2025-07-28
CUST01277,Aarav,Kulkarni,Female,22,Chennai,225696,2018-02-09
CUST01278,Nisha,Pawar,Female,28,Delhi,198054,2022-03-20
CUST01279,Isha,Patil,Male,32,Ahmedabad,178516,2023-11-26
CUST01280,Amit,Jadhav,Male,25,Jaipur,175806,2018-09-18
CUST01281,Priya,Kulkarni,Male,36,Hyderabad,192817,2022-06-30
CUST01282,Sneha,Jadhav,Male,40,Pune,54571,2021-06-01
CUST01283,Vivaan,Joshi,Female,44,Pune,243023,2025-01-17
CUST01284,Kunal,Patil,Male,57,Kolkata,166461,2025-07-20
CUST01285,Aarav,Kadam,Female,49,Mumbai,113280,2018-05-06
CUST01286,Aditi,Kulkarni,Male,43,Surat,235290,2021-05-14
CUST01287,Vivaan,Sharma,Female,44,Pune,65038,2021-07-30
CUST01288,Amit,Kadam,Female,36,Surat,92795,2023-10-03
CUST01289,Kavya,More,Male,67,Bengaluru,65168,2024-07-21
CUST01290,Arjun,Kadam,Male,59,Mumbai,229154,2018-05-16
CUST01291,Simran,Kadam,Male,46,Bengaluru,87690,2024-07-05
CUST01292,Arjun,Kulkarni,Male,56,Surat,225374,2021-12-30
CUST01293,Aditya,Gaikwad,Male,58,Hyderabad,134053,2018-05-16
CUST01294,Sneha,Kadam,Male,50,Jaipur,31230,2020-03-23
CUST01295,Meera,Kadam,Male,36,Mumbai,103301,2020-05-01
CUST01296,Aditi,Shah,Female,54,Hyderabad,156974,2022-10-11
CUST01297,Aditya,Jadhav,Female,36,Pune,86758,2023-04-23
CUST01298,Neha,Patil,Female,50,Jaipur,47050,2020-05-20
CUST01299,Meera,Sharma,Male,64,Chennai,119805,2022-01-12
CUST01300,Aditi,Kulkarni,Female,33,Pune,225658,2019-09-27
CUST01301,Kunal,Pawar,Male,40,Delhi,89110,2022-07-10
CUST01302,Neha,Gupta,Male,24,Ahmedabad,122033,2019-10-31
CUST01303,Pooja,Mehta,Female,43,Mumbai,96693,2021-07-17
CUST01304,Meera,Kadam,Male,49,Delhi,142428,2018-09-26
CUST01305,Ananya,Deshmukh,Female,29,Surat,39575,2020-05-10
CUST01306,Simran,Patil,Female,25,Mumbai,210012,2019-04-27
CUST01307,Neha,Verma,Male,22,Ahmedabad,60244,2021-06-15
CUST01308,Aditi,Verma,Male,59,Mumbai,234553,2024-05-21
CUST01309,Nisha,Singh,Male,45,Hyderabad,34962,2018-04-13
CUST01310,Kavya,Pawar,Female,70,Bengaluru,120695,2021-12-24
CUST01311,Aditya,Jadhav,Male,22,Kolkata,110388,2020-03-02
CUST01312,Sneha,Pawar,Male,66,Hyderabad,247292,2022-08-05
CUST01313,Amit,Pawar,Male,43,Ahmedabad,97332,2018-08-27
CUST01314,Riya,Pawar,Female,22,Mumbai,175522,2025-08-20
CUST01315,Rahul,Mehta,Male,39,Hyderabad,204566,2025-05-16
CUST01316,Riya,Deshmukh,Male,32,Bengaluru,147386,2022-05-08
CUST01317,Priya,Patil,Female,30,Delhi,65037,2020-05-31
CUST01318,Aditi,Pawar,Female,45,Hyderabad,132666,2025-04-08
CUST01319,Neha,More,Male,50,Surat,147048,2024-02-14
CUST01320,Kunal,Gaikwad,Male,60,Delhi,103040,2020-06-06
CUST01321,Aditya,Joshi,Male,40,Ahmedabad,131264,2021-07-03
CUST01322,Riya,Sharma,Female,50,Delhi,181113,2020-07-12
CUST01323,Ananya,Gupta,Male,60,Mumbai,30715,2020-03-04
CUST01324,Kunal,More,Male,35,Jaipur,172875,2025-01-21
CUST01325,Pooja,Kadam,Female,67,Jaipur,219978,2019-11-07
CUST01326,Priya,Jadhav,Female,70,Chennai,81726,2024-09-05
CUST01327,Nisha,Joshi,Male,47,Surat,152980,2022-08-09
CUST01328,Neha,Kulkarni,Female,43,Mumbai,138208,2022-01-31
CUST01329,Amit,Patil,Female,33,Ahmedabad,188147,2023-01-24
CUST01330,Ananya,Joshi,Male,30,Pune,215659,2021-06-30
CUST01331,Priya,Kadam,Male,56,Jaipur,73648,2019-11-03
CUST01332,Aditya,Kadam,Female,50,Ahmedabad,41134,2025-12-18
CUST01333,Amit,More,Male,43,Delhi,76143,2024-11-18
CUST01334,Arjun,Sharma,Male,65,Hyderabad,89123,2020-04-18
CUST01335,Kunal,More,Male,18,Jaipur,246631,2021-08-05
CUST01336,Kunal,Pawar,Female,66,Mumbai,196225,2020-12-09
CUST01337,Rohan,Shah,Male,55,Jaipur,153485,2018-01-04
CUST01338,Pooja,Shah,Male,19,Bengaluru,241646,2022-07-13
CUST01339,Neha,Kulkarni,Male,66,Bengaluru,173627,2025-12-09
CUST01340,Aditya,Singh,Male,23,Bengaluru,162024,2023-03-24
CUST01341,Rohan,Jadhav,Female,63,Surat,220065,2023-03-09
CUST01342,Riya,Singh,Female,67,Jaipur,225072,2023-04-07
CUST01343,Ananya,Sharma,Male,55,Chennai,141657,2021-07-09
CUST01344,Arjun,Mehta,Male,59,Ahmedabad,86686,2019-06-19
CUST01345,Meera,Patil,Female,41,Bengaluru,132841,2020-12-20
CUST01346,Vivaan,Patil,Male,35,Delhi,52264,2021-10-11
CUST01347,Meera,Gaikwad,Male,44,Mumbai,198625,2019-10-08
CUST01348,Simran,Sharma,Female,58,Surat,205431,2018-01-24
CUST01349,Vivaan,Verma,Female,25,Kolkata,129885,2021-08-09
CUST01350,Amit,Sharma,Male,45,Bengaluru,249394,2019-07-11
CUST01351,Kavya,Patil,Male,27,Ahmedabad,160880,2025-07-01
CUST01352,Rahul,Shah,Male,34,Delhi,72330,2018-12-22
CUST01353,Kavya,Singh,Male,46,Mumbai,134672,2023-07-01
CUST01354,Riya,Gupta,Male,23,Hyderabad,58345,2020-05-19
CUST01355,Vivaan,Joshi,Male,31,Pune,220689,2019-07-29
CUST01356,Meera,Patil,Male,39,Delhi,59222,2018-01-29
CUST01357,Arjun,Joshi,Female,23,Chennai,77755,2024-08-01
CUST01358,Vivaan,Kadam,Female,43,Delhi,28933,2018-12-31
CUST01359,Priya,Kadam,Male,56,Delhi,88207,2025-04-09
CUST01360,Rahul,Shah,Male,29,Chennai,194811,2019-02-13
CUST01361,Nisha,Jadhav,Female,52,Hyderabad,198810,2021-08-07
CUST01362,Arjun,Pawar,Male,31,Surat,247825,2025-02-27
CUST01363,Aarav,Singh,Male,39,Jaipur,124691,2021-03-22
CUST01364,Nisha,Singh,Female,68,Mumbai,125137,2018-08-07
CUST01365,Aditi,Kulkarni,Male,40,Delhi,235616,2024-01-30
CUST01366,Rohan,Jadhav,Female,65,Delhi,172955,2019-08-31
CUST01367,Aditi,Sharma,Female,24,Chennai,118818,2020-11-01
CUST01368,Aditi,Singh,Male,57,Ahmedabad,118510,2022-03-20
CUST01369,Isha,More,Male,67,Delhi,119251,2020-05-07
CUST01370,Priya,Singh,Male,42,Delhi,194473,2022-05-22
CUST01371,Nisha,Singh,Female,30,Chennai,166452,2025-05-28
CUST01372,Sneha,Joshi,Female,38,Ahmedabad,38212,2020-08-26
CUST01373,Neha,Verma,Female,58,Chennai,48174,2022-02-09
CUST01374,Priya,Mehta,Male,27,Surat,157933,2021-01-10
CUST01375,Riya,Jadhav,Female,70,Delhi,157166,2022-06-29
CUST01376,Rohan,Mehta,Female,26,Bengaluru,124649,2022-09-13
CUST01377,Isha,Kadam,Female,32,Mumbai,71319,2024-10-24
CUST01378,Kunal,More,Female,69,Ahmedabad,197800,2019-09-09
CUST01379,Isha,Pawar,Female,19,Bengaluru,175435,2018-08-14
CUST01380,Ananya,Kulkarni,Female,42,Chennai,107846,2024-08-15
CUST01381,Kavya,Shah,Female,30,Delhi,190372,2018-01-28
CUST01382,Aditi,More,Male,51,Chennai,74808,2020-09-21
CUST01383,Rohan,Jadhav,Male,68,Jaipur,157015,2018-01-16
CUST01384,Meera,Patil,Female,51,Jaipur,231177,2018-11-29
CUST01385,Meera,Gaikwad,Male,52,Surat,62616,2019-04-28
CUST01386,Isha,More,Female,55,Delhi,94329,2019-07-20
CUST01387,Neha,Jadhav,Female,20,Delhi,176359,2023-12-02
CUST01388,Vivaan,Deshmukh,Female,59,Bengaluru,147957,2023-09-17
CUST01389,Kunal,Pawar,Male,23,Kolkata,185043,2019-03-30
CUST01390,Riya,Deshmukh,Male,65,Delhi,76152,2025-08-21
CUST01391,Isha,Gupta,Male,66,Surat,62351,2018-06-15
CUST01392,Rahul,Kulkarni,Female,36,Ahmedabad,211112,2025-07-04
CUST01393,Sneha,Kulkarni,Female,20,Ahmedabad,247977,2024-03-02
CUST01394,Pooja,More,Female,35,Chennai,239631,2020-05-27
CUST01395,Sneha,Verma,Male,56,Bengaluru,142377,2018-09-02
CUST01396,Isha,Gupta,Female,26,Hyderabad,80616,2023-03-10
CUST01397,Rahul,Mehta,Female,69,Pune,174969,2021-09-18
CUST01398,Vivaan,More,Male,29,Chennai,43010,2020-07-31
CUST01399,Amit,Gupta,Female,22,Delhi,191226,2025-11-08
CUST01400,Kavya,Verma,Male,20,Chennai,141822,2024-12-29
CUST01401,Ananya,Joshi,Male,28,Hyderabad,171186,2023-05-07
CUST01402,Ananya,Patil,Female,47,Pune,39050,2021-07-06
CUST01403,Neha,Mehta,Male,21,Hyderabad,41125,2022-10-12
CUST01404,Pooja,Jadhav,Female,22,Hyderabad,245166,2019-02-14
CUST01405,Kunal,Kulkarni,Female,18,Jaipur,201468,2024-06-15
CUST01406,Kavya,Kulkarni,Female,44,Ahmedabad,195918,2023-10-17
CUST01407,Aarav,Singh,Male,45,Kolkata,171468,2023-12-02
CUST01408,Pooja,Kulkarni,Male,46,Delhi,112661,2024-03-17
CUST01409,Ananya,Kulkarni,Female,35,Surat,108116,2024-03-17
CUST01410,Arjun,Kadam,Male,29,Bengaluru,139233,2022-02-05
CUST01411,Arjun,Verma,Male,30,Chennai,190045,2025-08-09
CUST01412,Meera,Verma,Male,58,Delhi,174646,2025-08-28
CUST01413,Aditya,Kadam,Female,19,Jaipur,110155,2019-01-21
CUST01414,Riya,Kadam,Male,54,Ahmedabad,149843,2020-07-18
CUST01415,Vivaan,Pawar,Female,62,Chennai,33869,2019-02-09
CUST01416,Rohan,Gaikwad,Female,33,Bengaluru,217266,2019-05-07
CUST01417,Kunal,Sharma,Male,65,Kolkata,82167,2018-12-23
CUST01418,Simran,Singh,Male,41,Delhi,207219,2018-08-03
CUST01419,Rahul,Gupta,Female,52,Surat,163194,2021-11-04
CUST01420,Vivaan,Shah,Female,39,Ahmedabad,194899,2020-01-22
CUST01421,Neha,Mehta,Female,53,Mumbai,164407,2020-04-06
CUST01422,Rahul,Kadam,Female,28,Delhi,83576,2021-05-22
CUST01423,Priya,Joshi,Male,63,Hyderabad,41677,2021-01-26
CUST01424,Sneha,Gupta,Male,46,Hyderabad,179295,2025-01-19
CUST01425,Aditi,Patil,Male,52,Surat,180886,2019-10-28
CUST01426,Kunal,Gaikwad,Male,65,Pune,145662,2025-07-20
CUST01427,Aarav,Kulkarni,Male,32,Surat,234683,2023-07-22
CUST01428,Rohan,Singh,Male,48,Ahmedabad,194257,2025-01-26
CUST01429,Ananya,Sharma,Male,59,Hyderabad,96794,2019-07-08
CUST01430,Aditya,Sharma,Female,58,Kolkata,247135,2022-04-22
CUST01431,Meera,Pawar,Female,60,Kolkata,95675,2018-11-24
CUST01432,Ananya,Joshi,Male,33,Hyderabad,62325,2021-04-03
CUST01433,Rahul,Shah,Female,27,Ahmedabad,60503,2018-05-30
CUST01434,Kavya,Shah,Male,66,Jaipur,39514,2020-11-21
CUST01435,Amit,Sharma,Female,49,Bengaluru,76196,2019-10-19
CUST01436,Rohan,Deshmukh,Male,68,Bengaluru,171989,2025-10-24
CUST01437,Sneha,Jadhav,Female,19,Ahmedabad,205771,2023-04-21
CUST01438,Amit,Kulkarni,Female,41,Mumbai,114633,2018-10-20
CUST01439,Aditya,Deshmukh,Male,40,Bengaluru,201191,2025-06-29
CUST01440,Ananya,Sharma,Male,19,Chennai,103324,2020-08-14
CUST01441,Neha,Sharma,Male,55,Bengaluru,176133,2020-12-20
CUST01442,Ananya,Singh,Male,48,Chennai,161019,2022-06-01
CUST01443,Vivaan,Sharma,Male,68,Hyderabad,232152,2019-02-20
CUST01444,Aarav,Shah,Female,57,Jaipur,105550,2025-03-30
CUST01445,Vivaan,Pawar,Male,43,Surat,100331,2023-08-17
CUST01446,Isha,Deshmukh,Female,46,Jaipur,183704,2020-07-06
CUST01447,Pooja,Mehta,Female,20,Bengaluru,170424,2018-03-26
CUST01448,Rahul,Kadam,Male,31,Bengaluru,43653,2025-09-22
CUST01449,Vivaan,Kadam,Female,42,Ahmedabad,218187,2020-08-14
CUST01450,Riya,Singh,Male,65,Surat,117294,2021-11-22
CUST01451,Simran,Kadam,Female,18,Bengaluru,63755,2023-04-20
CUST01452,Ananya,Patil,Male,70,Pune,124296,2022-11-30
CUST01453,Kavya,Mehta,Female,20,Pune,118354,2021-11-17
CUST01454,Aditi,Mehta,Female,43,Mumbai,91988,2020-12-06
CUST01455,Nisha,Joshi,Male,35,Hyderabad,57921,2022-03-02
CUST01456,Aditi,Deshmukh,Male,26,Chennai,210075,2025-04-07
CUST01457,Kunal,Jadhav,Female,55,Jaipur,231948,2022-02-10
CUST01458,Vivaan,Kadam,Female,40,Hyderabad,66668,2024-10-09
CUST01459,Simran,Kulkarni,Male,38,Chennai,75175,2024-10-09
CUST01460,Ananya,Deshmukh,Male,18,Chennai,198810,2020-01-06
CUST01461,Isha,Singh,Female,38,Delhi,73452,2025-10-09
CUST01462,Kavya,Shah,Male,44,Bengaluru,219395,2025-01-06
CUST01463,Meera,Joshi,Female,59,Mumbai,66149,2021-02-26
CUST01464,Meera,Sharma,Male,23,Bengaluru,35839,2021-06-26
CUST01465,Aditya,More,Male,61,Mumbai,22155,2020-01-11
CUST01466,Amit,Pawar,Female,53,Hyderabad,158091,2023-02-06
CUST01467,Neha,Kadam,Male,45,Ahmedabad,74512,2018-05-11
CUST01468,Aditya,Kulkarni,Male,62,Ahmedabad,212762,2022-10-30
CUST01469,Riya,Joshi,Male,34,Hyderabad,106150,2022-09-09
CUST01470,Priya,Shah,Male,57,Surat,146041,2018-11-19
CUST01471,Kunal,Kadam,Female,69,Pune,46190,2020-04-02
CUST01472,Kavya,Shah,Male,20,Chennai,30928,2019-06-27
CUST01473,Kavya,Kulkarni,Female,29,Mumbai,68425,2023-10-15
CUST01474,Neha,Mehta,Female,56,Kolkata,94134,2025-07-28
CUST01475,Rahul,Mehta,Female,29,Bengaluru,129875,2023-01-30
CUST01476,Aditi,Pawar,Male,19,Hyderabad,237189,2023-09-10
CUST01477,Rohan,Kulkarni,Male,63,Chennai,144264,2020-06-03
CUST01478,Rohan,Pawar,Female,39,Mumbai,200046,2018-07-10
CUST01479,Kunal,Mehta,Female,40,Jaipur,130191,2019-02-19
CUST01480,Simran,Joshi,Female,47,Surat,198868,2023-01-13
CUST01481,Neha,Verma,Male,22,Bengaluru,199815,2025-08-26
CUST01482,Isha,Patil,Male,26,Ahmedabad,230527,2022-12-19
CUST01483,Vivaan,Singh,Female,38,Hyderabad,123716,2022-10-27
CUST01484,Riya,Kadam,Female,28,Ahmedabad,221107,2020-12-05
CUST01485,Rohan,Kadam,Female,22,Mumbai,188749,2022-09-18
CUST01486,Nisha,Joshi,Female,52,Ahmedabad,76321,2019-01-10
CUST01487,Arjun,Verma,Female,44,Bengaluru,133782,2019-07-12
CUST01488,Rahul,Gupta,Male,66,Pune,129398,2021-07-04
CUST01489,Rohan,Patil,Male,19,Chennai,78973,2023-04-29
CUST01490,Meera,Patil,Male,41,Pune,72414,2022-05-16
CUST01491,Rohan,Kadam,Male,48,Hyderabad,176674,2021-02-02
CUST01492,Kunal,Singh,Female,50,Pune,49692,2021-09-22
CUST01493,Sneha,Sharma,Male,56,Delhi,125958,2021-08-17
CUST01494,Rohan,Pawar,Male,47,Chennai,68750,2021-01-05
CUST01495,Vivaan,Gaikwad,Male,63,Mumbai,172832,2022-03-15
CUST01496,Kavya,Kadam,Male,54,Chennai,88456,2021-06-07
CUST01497,Aditi,Sharma,Male,68,Delhi,44085,2022-08-30
CUST01498,Aarav,Kadam,Male,45,Kolkata,215036,2025-03-10
CUST01499,Kavya,Sharma,Female,48,Pune,42925,2018-02-01
CUST01500,Aarav,Kadam,Male,28,Chennai,25615,2022-06-20
CUST01501,Aarav,Joshi,Female,40,Ahmedabad,57083,2018-02-27
CUST01502,Amit,Gaikwad,Male,19,Mumbai,130764,2021-02-01
CUST01503,Kavya,Deshmukh,Male,57,Jaipur,219391,2018-11-08
CUST01504,Simran,Deshmukh,Male,58,Hyderabad,29605,2022-10-19
CUST01505,Kavya,Jadhav,Female,44,Hyderabad,131093,2023-06-25
CUST01506,Kavya,Pawar,Female,52,Hyderabad,64608,2025-06-30
CUST01507,Rohan,Gupta,Male,19,Chennai,148788,2021-10-29
CUST01508,Nisha,Joshi,Male,56,Pune,39192,2022-11-18
CUST01509,Aditya,Gaikwad,Female,54,Chennai,154403,2024-04-01
CUST01510,Kunal,Verma,Male,38,Bengaluru,71330,2025-05-14
CUST01511,Arjun,Sharma,Male,22,Ahmedabad,248464,2021-11-13
CUST01512,Arjun,Pawar,Female,69,Jaipur,69949,2021-12-02
CUST01513,Simran,Gaikwad,Female,62,Jaipur,88382,2020-03-12
CUST01514,Rahul,Patil,Male,38,Ahmedabad,119233,2018-08-27
CUST01515,Isha,Pawar,Female,46,Delhi,188658,2022-11-11
CUST01516,Meera,Joshi,Female,37,Surat,72243,2021-08-11
CUST01517,Neha,Jadhav,Male,55,Bengaluru,120566,2018-04-22
CUST01518,Pooja,Joshi,Female,37,Mumbai,78618,2024-11-28
CUST01519,Nisha,Sharma,Female,67,Jaipur,229383,2024-06-09
CUST01520,Isha,Deshmukh,Male,42,Hyderabad,158621,2021-08-21
CUST01521,Riya,Kulkarni,Male,19,Chennai,138168,2018-10-17
CUST01522,Amit,More,Male,49,Delhi,72494,2024-03-05
CUST01523,Rohan,Kulkarni,Female,43,Surat,239045,2025-12-25
CUST01524,Rahul,Verma,Male,23,Ahmedabad,43958,2022-12-15
CUST01525,Arjun,Singh,Female,58,Kolkata,240851,2019-08-05
CUST01526,Nisha,More,Female,20,Mumbai,127960,2019-01-05
CUST01527,Isha,Joshi,Male,50,Surat,245592,2018-08-08
CUST01528,Kavya,Gaikwad,Female,18,Hyderabad,122478,2025-10-20
CUST01529,Aditi,Sharma,Male,68,Surat,188610,2025-11-06
CUST01530,Isha,Kadam,Female,22,Jaipur,25833,2023-03-12
CUST01531,Rahul,Verma,Female,30,Chennai,174458,2018-12-15
CUST01532,Ananya,Singh,Male,36,Ahmedabad,119341,2024-04-21
CUST01533,Neha,Deshmukh,Male,29,Surat,222850,2019-03-28
CUST01534,Nisha,Verma,Male,65,Mumbai,114240,2023-12-30
CUST01535,Arjun,Pawar,Male,42,Surat,127955,2018-03-30
CUST01536,Pooja,Singh,Male,68,Kolkata,175904,2020-05-20
CUST01537,Aditi,Jadhav,Male,52,Delhi,228929,2021-03-05
CUST01538,Pooja,Sharma,Female,29,Jaipur,190002,2023-08-05
CUST01539,Arjun,Joshi,Male,47,Chennai,183479,2023-02-18
CUST01540,Amit,Patil,Male,22,Hyderabad,24073,2019-06-07
CUST01541,Vivaan,Patil,Female,51,Ahmedabad,37667,2025-05-31
CUST01542,Nisha,Sharma,Male,39,Ahmedabad,167107,2020-06-28
CUST01543,Rohan,More,Female,56,Delhi,26732,2019-03-18
CUST01544,Kavya,Patil,Female,30,Pune,75097,2018-02-07
CUST01545,Aditya,Joshi,Female,64,Pune,23487,2023-02-24
CUST01546,Meera,Jadhav,Male,20,Hyderabad,77702,2018-07-29
CUST01547,Aditi,Verma,Male,70,Surat,114961,2025-01-04
CUST01548,Priya,Kadam,Male,37,Kolkata,105107,2022-05-20
CUST01549,Sneha,Shah,Female,48,Ahmedabad,180147,2020-09-07
CUST01550,Ananya,Pawar,Male,22,Surat,127721,2019-01-16
CUST01551,Isha,Kulkarni,Male,41,Ahmedabad,91031,2025-11-15
CUST01552,Neha,Gupta,Female,57,Ahmedabad,104217,2022-04-10
CUST01553,Amit,Gaikwad,Male,50,Surat,34781,2025-12-16
CUST01554,Ananya,Kulkarni,Male,25,Delhi,59865,2019-01-29
CUST01555,Simran,More,Male,41,Pune,28469,2020-12-09
CUST01556,Sneha,Patil,Female,67,Bengaluru,65167,2019-01-31
CUST01557,Pooja,Verma,Male,37,Mumbai,232810,2022-11-12
CUST01558,Kavya,Gupta,Female,33,Delhi,39928,2023-09-11
CUST01559,Aditya,Kadam,Female,67,Jaipur,227593,2019-06-29
CUST01560,Rahul,Pawar,Male,69,Kolkata,59599,2025-07-22
CUST01561,Simran,Shah,Female,29,Kolkata,167847,2020-12-20
CUST01562,Aarav,Singh,Male,30,Mumbai,86504,2019-07-07
CUST01563,Sneha,Singh,Male,62,Kolkata,226990,2022-01-04
CUST01564,Simran,Jadhav,Female,59,Surat,90687,2021-02-27
CUST01565,Pooja,Verma,Female,56,Kolkata,177876,2021-10-09
CUST01566,Meera,Verma,Female,42,Bengaluru,129122,2024-02-24
CUST01567,Kunal,Deshmukh,Male,63,Kolkata,183331,2025-10-17
CUST01568,Kunal,Sharma,Male,49,Ahmedabad,106284,2022-08-14
CUST01569,Vivaan,Singh,Male,41,Delhi,105227,2022-10-06
CUST01570,Priya,Singh,Male,65,Surat,117556,2019-11-25
CUST01571,Rahul,Gupta,Male,64,Pune,63560,2024-01-04
CUST01572,Kavya,Gupta,Male,61,Kolkata,47256,2022-10-06
CUST01573,Riya,Gaikwad,Male,26,Hyderabad,26125,2019-05-13
CUST01574,Aarav,Deshmukh,Male,57,Hyderabad,24370,2023-09-27
CUST01575,Pooja,Singh,Male,67,Hyderabad,24838,2025-09-18
CUST01576,Arjun,Gaikwad,Male,40,Kolkata,134479,2025-05-22
CUST01577,Amit,Kulkarni,Female,67,Jaipur,77429,2021-04-10
CUST01578,Aarav,Verma,Male,30,Ahmedabad,154206,2019-09-05
CUST01579,Vivaan,Gupta,Female,49,Chennai,63199,2025-07-09
CUST01580,Kavya,Patil,Female,67,Kolkata,97092,2021-08-31
CUST01581,Isha,Gupta,Male,32,Jaipur,144925,2019-01-11
CUST01582,Rahul,Jadhav,Female,53,Chennai,184894,2020-03-16
CUST01583,Isha,Kadam,Female,66,Mumbai,244585,2020-07-09
CUST01584,Simran,Gaikwad,Female,22,Bengaluru,40113,2020-05-24
CUST01585,Neha,Gaikwad,Male,39,Ahmedabad,214666,2025-10-28
CUST01586,Aditi,Pawar,Male,33,Kolkata,116102,2021-12-14
CUST01587,Neha,Gupta,Male,58,Delhi,22669,2021-11-20
CUST01588,Aditya,Joshi,Male,27,Surat,200499,2022-03-26
CUST01589,Vivaan,Shah,Female,41,Delhi,232689,2021-04-25
CUST01590,Meera,Gaikwad,Female,35,Delhi,164010,2020-10-02
CUST01591,Ananya,Sharma,Male,66,Mumbai,156789,2023-09-12
CUST01592,Priya,Jadhav,Female,35,Surat,97818,2023-10-18
CUST01593,Nisha,Singh,Male,24,Mumbai,198731,2019-08-15
CUST01594,Vivaan,Jadhav,Male,21,Chennai,215647,2021-04-29
CUST01595,Amit,Deshmukh,Female,43,Mumbai,99737,2023-11-19
CUST01596,Amit,Verma,Male,22,Hyderabad,167361,2022-02-17
CUST01597,Amit,Gupta,Male,33,Bengaluru,44406,2021-08-01
CUST01598,Isha,Sharma,Male,52,Hyderabad,247894,2020-07-02
CUST01599,Vivaan,Kadam,Male,43,Kolkata,32873,2025-08-12
CUST01600,Vivaan,Singh,Female,35,Chennai,145812,2019-01-25
CUST01601,Meera,More,Female,46,Jaipur,102048,2018-06-09
CUST01602,Ananya,Joshi,Female,40,Chennai,245535,2020-06-10
CUST01603,Priya,More,Female,70,Jaipur,43461,2020-12-06
CUST01604,Aditya,Deshmukh,Male,31,Bengaluru,171782,2022-01-09
CUST01605,Simran,Jadhav,Male,32,Mumbai,236560,2019-11-27
CUST01606,Sneha,Sharma,Female,66,Mumbai,33448,2020-01-28
CUST01607,Meera,More,Male,50,Surat,35198,2025-01-14
CUST01608,Isha,Kadam,Female,42,Kolkata,93158,2025-08-11
CUST01609,Riya,Kadam,Female,38,Delhi,219010,2024-01-12
CUST01610,Simran,Verma,Male,34,Pune,201871,2018-12-05
CUST01611,Aditi,Patil,Female,40,Chennai,245075,2023-05-31
CUST01612,Simran,Gaikwad,Female,60,Chennai,186033,2020-03-05
CUST01613,Kavya,Mehta,Female,34,Kolkata,194079,2022-09-19
CUST01614,Aditi,Gaikwad,Male,31,Hyderabad,85470,2022-05-17
CUST01615,Kunal,Kadam,Male,46,Ahmedabad,203328,2020-06-17
CUST01616,Amit,Sharma,Male,37,Kolkata,40739,2021-03-13
CUST01617,Neha,Deshmukh,Male,47,Pune,104054,2018-04-13
CUST01618,Aarav,Patil,Male,36,Mumbai,78186,2025-10-30
CUST01619,Neha,Pawar,Female,70,Jaipur,46547,2018-04-03
CUST01620,Rohan,Kadam,Male,56,Hyderabad,114472,2020-09-01
CUST01621,Kavya,Sharma,Female,30,Hyderabad,105823,2021-12-18
CUST01622,Nisha,Kulkarni,Female,35,Surat,126887,2018-04-29
CUST01623,Riya,Jadhav,Female,40,Bengaluru,202503,2023-07-26
CUST01624,Aditya,More,Male,63,Pune,176548,2023-09-08
CUST01625,Aditya,Sharma,Female,50,Hyderabad,229483,2022-03-15
CUST01626,Rahul,Kulkarni,Male,56,Pune,30686,2025-12-29
CUST01627,Aditya,Verma,Male,57,Kolkata,168608,2021-10-21
CUST01628,Riya,Gaikwad,Female,35,Jaipur,54062,2025-10-18
CUST01629,Rahul,Kulkarni,Male,26,Jaipur,68216,2019-04-20
CUST01630,Isha,Kadam,Male,50,Chennai,176113,2025-02-23
CUST01631,Kavya,Verma,Female,49,Mumbai,51653,2019-03-11
CUST01632,Aarav,Shah,Male,34,Chennai,41673,2025-10-22
CUST01633,Simran,Joshi,Male,36,Hyderabad,161439,2021-06-11
CUST01634,Ananya,Pawar,Male,44,Bengaluru,39629,2018-02-24
CUST01635,Sneha,Shah,Female,23,Chennai,140756,2020-07-19
CUST01636,Arjun,More,Female,52,Chennai,131641,2021-08-08
CUST01637,Vivaan,Singh,Male,54,Chennai,239708,2025-08-31
CUST01638,Sneha,Gaikwad,Male,51,Pune,223262,2018-11-08
CUST01639,Rahul,Kulkarni,Male,37,Kolkata,45063,2022-04-21
CUST01640,Arjun,Joshi,Male,42,Bengaluru,39322,2020-08-14
CUST01641,Rahul,Gaikwad,Female,21,Jaipur,235618,2024-06-23
CUST01642,Nisha,Kadam,Male,27,Surat,32693,2023-03-16
CUST01643,Pooja,Kulkarni,Male,27,Pune,160313,2020-01-27
CUST01644,Rahul,Singh,Female,41,Hyderabad,180850,2024-11-17
CUST01645,Riya,Sharma,Female,38,Bengaluru,122379,2021-12-03
CUST01646,Aditya,Gaikwad,Female,28,Jaipur,32651,2021-06-17
CUST01647,Nisha,Mehta,Male,44,Bengaluru,177038,2023-01-30
CUST01648,Rohan,Gupta,Male,33,Ahmedabad,29275,2025-07-10
CUST01649,Rohan,Sharma,Male,43,Ahmedabad,65606,2025-08-14
CUST01650,Rahul,Kulkarni,Male,47,Chennai,21658,2020-12-29
CUST01651,Aarav,Singh,Female,66,Chennai,245571,2025-08-18
CUST01652,Kunal,Kadam,Female,33,Ahmedabad,92468,2025-09-16
CUST01653,Aarav,Singh,Female,24,Surat,165320,2020-01-14
CUST01654,Rohan,Pawar,Female,33,Jaipur,175509,2024-05-12
CUST01655,Aditi,Deshmukh,Male,52,Hyderabad,190799,2018-08-21
CUST01656,Isha,Pawar,Female,33,Mumbai,169273,2023-10-03
CUST01657,Ananya,Kulkarni,Male,57,Mumbai,61150,2018-09-14
CUST01658,Vivaan,Kulkarni,Male,29,Pune,240963,2023-07-22
CUST01659,Arjun,Patil,Male,52,Surat,34999,2023-11-08
CUST01660,Pooja,Kulkarni,Male,66,Surat,26376,2022-10-28
CUST01661,Amit,Deshmukh,Male,38,Hyderabad,71673,2023-04-14
CUST01662,Rohan,Mehta,Female,67,Bengaluru,23476,2021-12-29
CUST01663,Aditya,Joshi,Male,60,Mumbai,89902,2022-07-07
CUST01664,Sneha,Sharma,Male,53,Bengaluru,111269,2019-02-12
CUST01665,Isha,Verma,Male,65,Bengaluru,229066,2022-08-20
CUST01666,Aditi,Kadam,Female,34,Surat,213950,2023-06-01
CUST01667,Ananya,More,Female,49,Bengaluru,118331,2024-08-10
CUST01668,Rahul,Mehta,Female,58,Mumbai,171687,2024-07-26
CUST01669,Isha,Kulkarni,Male,23,Jaipur,31164,2021-08-15
CUST01670,Riya,Pawar,Female,41,Delhi,59316,2023-04-14
CUST01671,Kunal,Patil,Male,44,Bengaluru,219632,2021-03-28
CUST01672,Amit,Patil,Female,37,Hyderabad,180631,2024-12-09
CUST01673,Amit,Pawar,Female,42,Kolkata,82968,2020-04-21
CUST01674,Aditya,Mehta,Male,19,Chennai,217872,2020-09-10
CUST01675,Aditya,Jadhav,Male,26,Hyderabad,160119,2022-10-27
CUST01676,Nisha,Kulkarni,Male,45,Ahmedabad,196057,2021-10-10
CUST01677,Pooja,Gupta,Male,70,Mumbai,223195,2019-09-13
CUST01678,Aarav,Gupta,Male,55,Kolkata,157649,2020-07-18
CUST01679,Rahul,Sharma,Female,20,Chennai,234243,2024-09-14
CUST01680,Arjun,Mehta,Male,37,Hyderabad,154942,2022-09-27
CUST01681,Kavya,Patil,Male,23,Kolkata,54094,2025-03-02
CUST01682,Meera,Shah,Male,56,Delhi,75329,2020-09-01
CUST01683,Nisha,Joshi,Male,50,Mumbai,160289,2019-01-27
CUST01684,Simran,Singh,Female,18,Jaipur,103138,2018-12-18
CUST01685,Isha,Kadam,Male,54,Pune,86141,2025-10-24
CUST01686,Isha,Sharma,Female,23,Surat,173415,2022-08-17
CUST01687,Riya,Joshi,Female,62,Delhi,148307,2019-07-30
CUST01688,Rohan,Verma,Female,51,Ahmedabad,201894,2022-08-21
CUST01689,Pooja,Gupta,Female,64,Surat,164075,2025-09-25
CUST01690,Nisha,Verma,Male,32,Jaipur,210610,2025-05-04
CUST01691,Meera,Patil,Female,62,Delhi,183161,2021-08-04
CUST01692,Amit,Kulkarni,Male,43,Chennai,204667,2019-06-07
CUST01693,Riya,More,Male,31,Kolkata,103197,2019-12-27
CUST01694,Simran,Sharma,Female,24,Mumbai,102318,2018-06-11
CUST01695,Sneha,Mehta,Female,63,Kolkata,181101,2023-04-22
CUST01696,Ananya,Pawar,Female,48,Bengaluru,99023,2019-10-21
CUST01697,Rahul,Kulkarni,Male,41,Hyderabad,202396,2025-12-07
CUST01698,Vivaan,Patil,Male,48,Ahmedabad,71962,2022-04-22
CUST01699,Meera,Verma,Female,46,Bengaluru,133037,2023-10-31
CUST01700,Neha,Kadam,Male,59,Bengaluru,190114,2019-06-08
CUST01701,Priya,Kadam,Female,49,Ahmedabad,107601,2018-01-04
CUST01702,Priya,Joshi,Female,34,Hyderabad,227452,2024-12-17
CUST01703,Aditi,Deshmukh,Male,31,Chennai,104859,2022-04-28
CUST01704,Ananya,Gupta,Male,57,Hyderabad,110933,2020-12-10
CUST01705,Priya,Jadhav,Male,53,Mumbai,65957,2021-07-08
CUST01706,Amit,Kadam,Male,65,Kolkata,102864,2022-06-11
CUST01707,Isha,Sharma,Female,41,Chennai,146358,2025-02-28
CUST01708,Pooja,Shah,Male,62,Pune,63739,2020-05-27
CUST01709,Rahul,Verma,Female,44,Kolkata,58733,2020-12-27
CUST01710,Riya,Kulkarni,Male,42,Chennai,65389,2025-12-21
CUST01711,Priya,Shah,Female,49,Hyderabad,180787,2021-03-12
CUST01712,Kunal,Sharma,Male,69,Ahmedabad,190188,2022-04-27
CUST01713,Nisha,Singh,Male,35,Hyderabad,76922,2022-08-02
CUST01714,Aarav,Verma,Male,63,Pune,207323,2022-05-28
CUST01715,Rahul,Gaikwad,Female,35,Chennai,212866,2025-09-27
CUST01716,Ananya,More,Female,54,Mumbai,37580,2021-05-02
CUST01717,Aditi,Kulkarni,Female,43,Hyderabad,135900,2022-08-18
CUST01718,Ananya,Deshmukh,Male,26,Chennai,151895,2018-11-10
CUST01719,Kavya,Deshmukh,Male,52,Kolkata,243080,2019-12-31
CUST01720,Priya,Kadam,Male,25,Pune,27084,2019-01-19
CUST01721,Meera,Deshmukh,Male,37,Mumbai,97991,2022-11-24
CUST01722,Amit,Jadhav,Male,59,Chennai,161679,2022-12-18
CUST01723,Meera,Pawar,Female,39,Delhi,102455,2024-05-13
CUST01724,Kavya,Kadam,Female,36,Hyderabad,132540,2020-12-31
CUST01725,Rohan,Kulkarni,Female,47,Pune,236002,2021-02-26
CUST01726,Ananya,More,Female,70,Mumbai,134540,2025-07-08
CUST01727,Simran,Gupta,Male,45,Mumbai,227427,2022-03-29
CUST01728,Meera,Gupta,Male,52,Bengaluru,163041,2023-02-08
CUST01729,Kavya,Mehta,Male,60,Surat,214131,2020-01-21
CUST01730,Vivaan,Pawar,Female,28,Pune,37333,2020-09-09
CUST01731,Arjun,Patil,Male,48,Mumbai,228308,2025-04-25
CUST01732,Riya,Mehta,Male,66,Chennai,147182,2018-08-16
CUST01733,Rohan,Mehta,Male,65,Bengaluru,248400,2023-08-06
CUST01734,Nisha,Deshmukh,Male,56,Surat,249919,2023-06-01
CUST01735,Ananya,Verma,Female,53,Kolkata,56668,2023-08-27
CUST01736,Sneha,Kulkarni,Female,47,Chennai,31945,2022-05-28
CUST01737,Aditya,Kulkarni,Male,40,Hyderabad,122528,2018-01-12
CUST01738,Vivaan,Deshmukh,Female,36,Surat,66526,2022-03-03
CUST01739,Nisha,Verma,Female,29,Pune,67717,2019-11-23
CUST01740,Meera,Singh,Male,32,Hyderabad,210498,2022-10-06
CUST01741,Nisha,Mehta,Male,48,Jaipur,235238,2022-03-06
CUST01742,Riya,Gupta,Male,60,Jaipur,110480,2018-03-11
CUST01743,Meera,Pawar,Male,54,Pune,239968,2023-11-26
CUST01744,Simran,Sharma,Female,54,Kolkata,229421,2024-02-27
CUST01745,Nisha,Pawar,Male,32,Surat,155673,2022-04-22
CUST01746,Nisha,Mehta,Female,46,Bengaluru,32930,2019-09-21
CUST01747,Ananya,Sharma,Male,67,Delhi,24333,2021-07-11
CUST01748,Nisha,Kadam,Male,60,Mumbai,222007,2020-06-24
CUST01749,Aditya,Jadhav,Male,43,Delhi,140384,2024-06-08
CUST01750,Pooja,Joshi,Male,61,Jaipur,37839,2019-07-30
CUST01751,Isha,Kulkarni,Male,19,Jaipur,71337,2025-02-15
CUST01752,Arjun,Gupta,Female,37,Kolkata,191276,2023-12-13
CUST01753,Nisha,Jadhav,Male,32,Delhi,40195,2023-07-14
CUST01754,Rahul,Sharma,Female,69,Delhi,178920,2020-05-08
CUST01755,Isha,Pawar,Male,21,Bengaluru,109229,2020-01-15
CUST01756,Neha,Kadam,Male,39,Kolkata,133251,2024-12-02
CUST01757,Amit,Verma,Male,67,Kolkata,132265,2023-12-20
CUST01758,Neha,Deshmukh,Female,55,Pune,191926,2018-04-25
CUST01759,Kunal,Patil,Male,40,Hyderabad,121986,2019-04-26
CUST01760,Aditya,Gupta,Male,43,Kolkata,70998,2020-09-07
CUST01761,Aarav,Deshmukh,Female,68,Kolkata,218462,2020-10-21
CUST01762,Aditya,Deshmukh,Male,28,Chennai,51558,2024-07-06
CUST01763,Ananya,Jadhav,Male,45,Surat,22985,2022-05-20
CUST01764,Nisha,Patil,Male,19,Surat,81794,2020-07-30
CUST01765,Amit,Pawar,Female,25,Ahmedabad,63585,2020-08-12
CUST01766,Sneha,More,Female,46,Delhi,235886,2022-07-19
CUST01767,Arjun,Kulkarni,Male,28,Mumbai,60264,2020-02-07
CUST01768,Priya,Jadhav,Male,54,Delhi,184398,2024-09-04
CUST01769,Nisha,Pawar,Female,35,Pune,104816,2020-04-13
CUST01770,Kavya,Kadam,Female,67,Pune,210333,2023-12-31
CUST01771,Neha,Kadam,Male,31,Pune,54022,2024-07-03
CUST01772,Riya,Verma,Female,27,Hyderabad,166739,2022-11-17
CUST01773,Aditya,Singh,Male,52,Mumbai,38065,2019-09-20
CUST01774,Kunal,Kulkarni,Male,26,Surat,134382,2019-01-12
CUST01775,Riya,Pawar,Female,52,Bengaluru,148145,2018-03-31
CUST01776,Sneha,Jadhav,Male,28,Surat,107191,2025-10-26
CUST01777,Riya,Patil,Female,61,Hyderabad,161078,2020-10-17
CUST01778,Simran,Kadam,Female,29,Pune,91819,2020-12-01
CUST01779,Pooja,Mehta,Female,20,Hyderabad,127158,2023-05-25
CUST01780,Vivaan,Mehta,Male,70,Surat,196148,2020-11-24
CUST01781,Arjun,Pawar,Male,56,Bengaluru,219933,2022-02-26
CUST01782,Ananya,Patil,Male,31,Ahmedabad,247391,2025-02-13
CUST01783,Vivaan,Pawar,Female,45,Mumbai,201465,2018-05-04
CUST01784,Arjun,More,Male,28,Hyderabad,23143,2023-10-06
CUST01785,Arjun,Gaikwad,Male,56,Surat,77505,2025-10-24
CUST01786,Aditi,Mehta,Female,42,Mumbai,163489,2022-01-19
CUST01787,Aarav,Kulkarni,Male,38,Surat,182372,2024-04-01
CUST01788,Ananya,Shah,Female,27,Surat,243134,2025-04-09
CUST01789,Vivaan,Singh,Male,60,Bengaluru,48896,2024-09-05
CUST01790,Riya,Joshi,Female,32,Ahmedabad,70629,2022-02-24
CUST01791,Kunal,Kadam,Male,36,Mumbai,178678,2023-01-29
CUST01792,Aditi,Pawar,Male,65,Pune,59916,2021-09-28
CUST01793,Arjun,Jadhav,Male,39,Mumbai,81330,2018-02-21
CUST01794,Kavya,Shah,Male,38,Kolkata,27551,2022-04-23
CUST01795,Meera,Gupta,Female,69,Pune,120972,2022-02-10
CUST01796,Rahul,Shah,Female,61,Mumbai,139623,2024-12-11
CUST01797,Rahul,Pawar,Female,49,Chennai,207494,2023-08-15
CUST01798,Meera,Jadhav,Male,67,Chennai,133216,2019-09-24
CUST01799,Simran,Sharma,Male,40,Surat,87782,2023-02-05
CUST01800,Aditya,More,Male,30,Pune,85391,2021-05-17
CUST01801,Nisha,Singh,Female,22,Mumbai,124957,2024-03-14
CUST01802,Ananya,Deshmukh,Female,21,Surat,143546,2023-08-10
CUST01803,Rohan,Pawar,Male,45,Delhi,145006,2019-06-20
CUST01804,Neha,Mehta,Male,31,Surat,83411,2025-08-17
CUST01805,Simran,Verma,Female,25,Hyderabad,93185,2019-12-31
CUST01806,Isha,Patil,Female,26,Chennai,151960,2021-06-29
CUST01807,Rohan,Singh,Female,68,Delhi,147574,2023-08-13
CUST01808,Priya,Verma,Female,52,Jaipur,208207,2020-10-22
CUST01809,Kavya,Mehta,Male,54,Hyderabad,49424,2024-01-07
CUST01810,Nisha,Joshi,Male,38,Pune,61559,2023-08-14
CUST01811,Aditi,Deshmukh,Female,35,Surat,31075,2022-03-01
CUST01812,Rohan,More,Female,50,Chennai,173771,2023-03-10
CUST01813,Riya,Sharma,Male,25,Ahmedabad,199044,2019-04-13
CUST01814,Aditya,Gupta,Female,68,Chennai,29950,2023-10-19
CUST01815,Neha,Mehta,Female,66,Bengaluru,156485,2018-07-20
CUST01816,Kavya,Patil,Female,34,Chennai,59305,2018-11-04
CUST01817,Aditya,More,Female,60,Ahmedabad,23569,2023-08-08
CUST01818,Kavya,Gaikwad,Male,48,Ahmedabad,86778,2020-07-10
CUST01819,Arjun,Sharma,Male,51,Surat,122633,2024-05-28
CUST01820,Aditi,Singh,Male,23,Pune,50085,2020-06-01
CUST01821,Pooja,Kadam,Female,39,Ahmedabad,227095,2019-08-09
CUST01822,Arjun,Gaikwad,Female,31,Chennai,234917,2022-09-17
CUST01823,Arjun,Gaikwad,Female,20,Pune,116307,2019-05-24
CUST01824,Amit,Deshmukh,Male,29,Mumbai,112174,2018-01-05
CUST01825,Neha,Kulkarni,Female,53,Chennai,56163,2024-05-29
CUST01826,Vivaan,Singh,Female,29,Kolkata,69592,2018-12-26
CUST01827,Kavya,Mehta,Female,62,Surat,238223,2018-08-02
CUST01828,Amit,Mehta,Female,19,Hyderabad,208405,2021-12-30
CUST01829,Riya,Kadam,Female,19,Surat,137431,2019-07-17
CUST01830,Ananya,Sharma,Male,32,Ahmedabad,28039,2025-09-13
CUST01831,Aarav,Gupta,Male,40,Jaipur,159270,2018-02-14
CUST01832,Sneha,Deshmukh,Male,46,Bengaluru,185426,2025-07-13
CUST01833,Rahul,Singh,Male,34,Kolkata,23824,2019-09-26
CUST01834,Simran,Verma,Female,49,Ahmedabad,70420,2021-12-06
CUST01835,Aarav,Kadam,Female,24,Chennai,109535,2021-04-25
CUST01836,Simran,More,Male,47,Pune,23436,2022-10-16
CUST01837,Neha,Joshi,Male,45,Kolkata,113550,2025-06-01
CUST01838,Pooja,Singh,Female,31,Jaipur,191929,2025-07-31
CUST01839,Ananya,Shah,Male,61,Hyderabad,36057,2019-08-17
CUST01840,Pooja,Sharma,Male,47,Pune,21310,2021-11-25
CUST01841,Pooja,Singh,Male,34,Bengaluru,146913,2024-04-12
CUST01842,Rohan,Deshmukh,Male,49,Delhi,226427,2023-04-11
CUST01843,Rohan,Mehta,Male,63,Bengaluru,230065,2020-05-06
CUST01844,Aditi,Gupta,Male,23,Surat,86013,2023-03-08
CUST01845,Priya,Joshi,Male,68,Kolkata,80022,2019-07-06
CUST01846,Riya,Sharma,Female,41,Surat,159978,2018-02-12
CUST01847,Aditya,Verma,Male,23,Ahmedabad,160940,2025-11-28
CUST01848,Amit,Gaikwad,Female,44,Mumbai,38546,2018-06-28
CUST01849,Rahul,Joshi,Male,35,Ahmedabad,118812,2022-01-20
CUST01850,Kunal,Gupta,Male,41,Hyderabad,92855,2025-01-26
CUST01851,Rahul,Joshi,Female,54,Kolkata,53149,2019-08-30
CUST01852,Neha,Shah,Male,41,Mumbai,133591,2019-11-03
CUST01853,Arjun,Patil,Male,55,Pune,218453,2020-07-15
CUST01854,Riya,Sharma,Female,51,Mumbai,174756,2018-01-17
CUST01855,Nisha,Kadam,Female,57,Hyderabad,49858,2021-02-09
CUST01856,Aditya,Kulkarni,Male,64,Chennai,65330,2022-06-27
CUST01857,Amit,More,Male,32,Surat,210276,2025-11-13
CUST01858,Kunal,Singh,Female,28,Jaipur,112203,2025-02-07
CUST01859,Meera,Jadhav,Male,39,Ahmedabad,45293,2020-11-19
CUST01860,Simran,Mehta,Female,41,Kolkata,76869,2021-04-30
CUST01861,Riya,Shah,Female,18,Hyderabad,110429,2024-10-20
CUST01862,Arjun,Deshmukh,Female,35,Delhi,155701,2024-02-05
CUST01863,Kavya,Joshi,Male,61,Jaipur,25704,2019-09-08
CUST01864,Pooja,Pawar,Female,29,Hyderabad,152848,2025-06-17
CUST01865,Neha,Singh,Male,60,Delhi,208327,2025-05-05
CUST01866,Arjun,Joshi,Male,45,Delhi,68281,2025-10-20
CUST01867,Neha,Gaikwad,Male,57,Delhi,136972,2018-11-08
CUST01868,Simran,Singh,Female,24,Chennai,133532,2023-09-04
CUST01869,Sneha,Sharma,Male,40,Mumbai,182308,2024-08-15
CUST01870,Neha,Mehta,Male,38,Bengaluru,86780,2019-06-09
CUST01871,Meera,Gaikwad,Male,51,Ahmedabad,152405,2024-03-27
CUST01872,Aditi,Kulkarni,Female,28,Delhi,220277,2022-01-13
CUST01873,Vivaan,More,Female,39,Hyderabad,234192,2024-08-22
CUST01874,Sneha,Mehta,Female,59,Pune,202018,2020-06-06
CUST01875,Isha,Patil,Male,52,Pune,75333,2023-04-09
CUST01876,Arjun,Sharma,Male,69,Kolkata,178349,2023-07-01
CUST01877,Arjun,Gupta,Female,46,Surat,201678,2019-04-07
CUST01878,Rohan,Gaikwad,Male,59,Delhi,153005,2024-08-09
CUST01879,Rahul,Verma,Male,45,Hyderabad,184586,2023-11-22
CUST01880,Simran,Patil,Female,35,Delhi,109893,2019-03-04
CUST01881,Pooja,Jadhav,Female,31,Chennai,243679,2019-04-14
CUST01882,Aditi,Jadhav,Female,35,Surat,82958,2020-10-11
CUST01883,Simran,Sharma,Female,45,Delhi,157899,2022-05-24
CUST01884,Riya,Shah,Female,41,Ahmedabad,50844,2020-05-19
CUST01885,Aarav,More,Male,25,Pune,134501,2025-09-18
CUST01886,Simran,Pawar,Female,59,Delhi,111200,2025-06-20
CUST01887,Aditya,Joshi,Female,62,Ahmedabad,20792,2025-10-23
CUST01888,Isha,Kadam,Male,70,Ahmedabad,190767,2020-06-04
CUST01889,Neha,More,Female,25,Mumbai,103187,2025-02-21
CUST01890,Meera,More,Female,21,Ahmedabad,62510,2021-06-27
CUST01891,Rohan,Pawar,Female,44,Surat,190209,2018-11-27
CUST01892,Aditi,Gaikwad,Female,53,Pune,133104,2023-05-10
CUST01893,Vivaan,Shah,Female,22,Kolkata,235682,2019-08-10
CUST01894,Arjun,Patil,Female,50,Chennai,224482,2018-07-20
CUST01895,Pooja,Verma,Male,66,Pune,233284,2019-03-30
CUST01896,Pooja,Sharma,Female,51,Hyderabad,59632,2020-04-05
CUST01897,Simran,Gupta,Male,47,Kolkata,187862,2018-04-21
CUST01898,Rohan,Kadam,Male,25,Ahmedabad,103568,2025-12-21
CUST01899,Ananya,Patil,Male,56,Delhi,181957,2020-06-26
CUST01900,Riya,Joshi,Male,64,Mumbai,85214,2022-11-08
CUST01901,Kavya,Kadam,Male,43,Kolkata,227616,2022-04-17
CUST01902,Kunal,Shah,Female,54,Hyderabad,64870,2021-05-17
CUST01903,Aarav,Shah,Female,51,Hyderabad,68110,2023-09-12
CUST01904,Priya,Jadhav,Female,24,Kolkata,129414,2019-07-09
CUST01905,Vivaan,Shah,Male,57,Mumbai,156243,2023-03-19
CUST01906,Riya,More,Female,45,Ahmedabad,160661,2018-04-17
CUST01907,Isha,Joshi,Female,56,Surat,38077,2024-03-23
CUST01908,Aditya,Kulkarni,Female,56,Hyderabad,84874,2024-12-09
CUST01909,Sneha,Jadhav,Male,45,Ahmedabad,223318,2024-02-05
CUST01910,Kunal,Joshi,Male,31,Surat,236844,2021-10-25
CUST01911,Ananya,Gaikwad,Male,70,Surat,189299,2025-05-08
CUST01912,Meera,Mehta,Male,67,Hyderabad,166009,2025-10-06
CUST01913,Rohan,Kulkarni,Male,55,Kolkata,29754,2018-06-16
CUST01914,Vivaan,Sharma,Female,21,Surat,45688,2025-06-03
CUST01915,Aarav,Shah,Male,59,Delhi,27048,2024-06-05
CUST01916,Aditya,Gupta,Male,35,Pune,42568,2021-11-05
CUST01917,Nisha,Patil,Male,61,Chennai,117583,2023-09-14
CUST01918,Isha,Shah,Male,65,Hyderabad,226091,2024-09-20
CUST01919,Simran,Joshi,Male,42,Jaipur,168617,2022-03-06
CUST01920,Vivaan,Jadhav,Male,24,Surat,234021,2018-11-10
CUST01921,Riya,Gaikwad,Male,55,Bengaluru,114449,2020-03-26
CUST01922,Sneha,Gaikwad,Female,45,Delhi,65217,2020-01-13
CUST01923,Kunal,Verma,Female,22,Jaipur,199194,2025-08-06
CUST01924,Priya,Jadhav,Male,20,Ahmedabad,184818,2020-04-05
CUST01925,Sneha,Singh,Male,61,Chennai,159781,2021-01-29
CUST01926,Kunal,Joshi,Female,48,Mumbai,147873,2019-07-23
CUST01927,Amit,Kadam,Male,64,Surat,45358,2021-05-23
CUST01928,Rohan,Deshmukh,Male,59,Mumbai,134064,2023-05-13
CUST01929,Vivaan,Singh,Female,37,Chennai,31023,2025-03-08
CUST01930,Sneha,Shah,Male,36,Delhi,115387,2023-10-11
CUST01931,Sneha,Deshmukh,Female,65,Delhi,179828,2019-01-04
CUST01932,Riya,Jadhav,Female,28,Chennai,214247,2021-10-23
CUST01933,Sneha,Shah,Male,57,Delhi,205353,2018-04-04
CUST01934,Vivaan,Gaikwad,Male,20,Surat,200361,2021-12-29
CUST01935,Riya,Patil,Female,40,Chennai,209169,2023-09-29
CUST01936,Kavya,Gaikwad,Male,24,Hyderabad,227753,2020-02-03
CUST01937,Isha,Shah,Male,40,Bengaluru,106728,2023-09-15
CUST01938,Aditi,Pawar,Female,24,Ahmedabad,198331,2021-12-04
CUST01939,Aarav,Gaikwad,Male,63,Pune,169911,2023-11-18
CUST01940,Pooja,Jadhav,Male,51,Kolkata,47410,2018-11-25
CUST01941,Vivaan,Shah,Female,59,Bengaluru,125696,2019-12-07
CUST01942,Isha,Joshi,Male,36,Pune,31447,2018-08-09
CUST01943,Aarav,Kadam,Female,26,Kolkata,137954,2022-12-20
CUST01944,Meera,Verma,Female,65,Mumbai,106569,2023-02-05
CUST01945,Nisha,More,Female,68,Bengaluru,226737,2025-02-27
CUST01946,Sneha,Kadam,Male,35,Jaipur,115894,2020-09-22
CUST01947,Kunal,Verma,Female,58,Bengaluru,33907,2020-10-18
CUST01948,Amit,Singh,Male,65,Delhi,41637,2018-04-20
CUST01949,Sneha,Patil,Female,62,Surat,189268,2018-05-29
CUST01950,Sneha,Patil,Male,59,Surat,173441,2024-09-19
CUST01951,Ananya,Joshi,Male,42,Pune,246089,2019-11-30
CUST01952,Arjun,Kadam,Male,69,Delhi,248289,2021-12-04
CUST01953,Amit,Jadhav,Female,31,Mumbai,153661,2018-04-18
CUST01954,Amit,Mehta,Female,61,Surat,43560,2019-01-24
CUST01955,Arjun,Deshmukh,Male,42,Ahmedabad,23034,2019-03-01
CUST01956,Neha,Gaikwad,Male,36,Mumbai,151241,2024-10-30
CUST01957,Simran,Kulkarni,Female,56,Delhi,112449,2020-12-27
CUST01958,Aditi,Singh,Male,32,Delhi,23239,2025-05-27
CUST01959,Aditya,Pawar,Male,33,Pune,23415,2023-06-23
CUST01960,Sneha,Jadhav,Female,44,Hyderabad,236560,2022-07-22
CUST01961,Rahul,Kadam,Male,57,Surat,96944,2022-03-08
CUST01962,Aditi,Singh,Female,27,Delhi,154556,2023-07-20
CUST01963,Kavya,Kulkarni,Male,21,Delhi,73987,2024-06-26
CUST01964,Kunal,Deshmukh,Male,68,Ahmedabad,38225,2025-07-29
CUST01965,Kavya,Jadhav,Male,36,Bengaluru,100459,2023-01-30
CUST01966,Riya,Sharma,Female,45,Bengaluru,212176,2025-08-07
CUST01967,Kavya,Kulkarni,Male,38,Delhi,40936,2025-03-12
CUST01968,Nisha,Jadhav,Female,64,Mumbai,59612,2019-03-23
CUST01969,Meera,Mehta,Male,31,Ahmedabad,236018,2022-05-17
CUST01970,Nisha,Deshmukh,Female,50,Mumbai,115533,2018-07-29
CUST01971,Isha,Kulkarni,Male,65,Kolkata,140877,2020-04-28
CUST01972,Kavya,Mehta,Male,27,Hyderabad,122269,2023-02-06
CUST01973,Rahul,Joshi,Female,36,Bengaluru,59952,2024-08-14
CUST01974,Kunal,Gupta,Male,47,Bengaluru,78945,2023-05-19
CUST01975,Kavya,Shah,Male,39,Ahmedabad,238471,2022-05-07
CUST01976,Aarav,Verma,Female,20,Chennai,25380,2022-07-10
CUST01977,Ananya,Singh,Male,54,Mumbai,201370,2023-04-01
CUST01978,Ananya,Gaikwad,Female,58,Surat,237318,2023-04-03
CUST01979,Vivaan,Verma,Male,35,Ahmedabad,100821,2019-07-31
CUST01980,Riya,Verma,Female,28,Pune,178332,2022-07-24
CUST01981,Rahul,Gaikwad,Male,65,Chennai,183951,2019-11-20
CUST01982,Aditya,Gaikwad,Male,19,Jaipur,167215,2020-02-29
CUST01983,Kunal,Shah,Female,29,Mumbai,69744,2020-09-18
CUST01984,Arjun,Patil,Female,23,Chennai,224021,2024-01-20
CUST01985,Pooja,More,Male,60,Ahmedabad,182650,2020-09-03
CUST01986,Isha,Deshmukh,Male,57,Surat,100262,2021-09-17
CUST01987,Aarav,Gaikwad,Female,61,Pune,77331,2022-08-15
CUST01988,Rahul,Kadam,Male,46,Hyderabad,112551,2018-12-16
CUST01989,Amit,Verma,Female,47,Chennai,83815,2022-11-07
CUST01990,Rohan,Singh,Female,19,Hyderabad,91519,2025-06-10
CUST01991,Meera,More,Male,26,Delhi,170250,2019-03-02
CUST01992,Meera,Gupta,Male,64,Bengaluru,112526,2018-11-23
CUST01993,Kunal,Pawar,Female,19,Kolkata,226929,2021-02-03
CUST01994,Vivaan,Verma,Male,46,Bengaluru,211269,2018-09-12
CUST01995,Isha,More,Male,50,Jaipur,129365,2023-07-31
CUST01996,Kavya,Singh,Female,27,Surat,56366,2024-08-02
CUST01997,Priya,Kulkarni,Female,51,Pune,204027,2023-06-14
CUST01998,Meera,Kadam,Female,61,Hyderabad,119830,2019-03-20
CUST01999,Arjun,Jadhav,Female,25,Ahmedabad,61911,2018-04-23
CUST02000,Neha,Verma,Female,54,Hyderabad,103422,2020-11-19
CUST02001,Priya,Kadam,Male,50,Surat,73619,2025-01-15
CUST02002,Vivaan,Patil,Male,64,Ahmedabad,195368,2019-11-20
CUST02003,Arjun,Gaikwad,Male,23,Ahmedabad,42791,2020-09-17
CUST02004,Aditi,Pawar,Male,61,Jaipur,28301,2023-02-17
CUST02005,Rohan,Gaikwad,Female,57,Surat,146866,2018-02-15
CUST02006,Isha,Sharma,Male,62,Chennai,123623,2021-04-09
CUST02007,Aditya,Pawar,Male,36,Bengaluru,249601,2020-01-27
CUST02008,Meera,Sharma,Male,49,Delhi,132824,2021-10-08
CUST02009,Aarav,Jadhav,Male,44,Hyderabad,186851,2021-05-11
CUST02010,Riya,Pawar,Male,18,Chennai,56894,2021-06-03
CUST02011,Aarav,Gaikwad,Male,60,Delhi,249989,2019-07-18
CUST02012,Pooja,Shah,Male,69,Pune,99618,2024-01-18
CUST02013,Kunal,Patil,Male,50,Kolkata,200322,2025-11-27
CUST02014,Nisha,Gupta,Male,57,Hyderabad,90994,2025-01-29
CUST02015,Aditya,Jadhav,Female,49,Jaipur,61770,2024-03-22
CUST02016,Nisha,Pawar,Male,22,Delhi,42300,2021-09-02
CUST02017,Aditi,Gupta,Male,34,Ahmedabad,138025,2021-12-08
CUST02018,Sneha,Joshi,Female,25,Chennai,219307,2018-04-05
CUST02019,Rohan,Patil,Male,59,Bengaluru,180557,2022-12-08
CUST02020,Aditi,Gupta,Female,51,Jaipur,140605,2020-08-06
CUST02021,Vivaan,Mehta,Male,26,Hyderabad,60285,2019-07-07
CUST02022,Arjun,Shah,Male,40,Surat,217627,2025-05-16
CUST02023,Nisha,Gaikwad,Female,52,Chennai,137713,2018-03-07
CUST02024,Amit,Sharma,Male,67,Jaipur,183543,2022-02-06
CUST02025,Ananya,Deshmukh,Female,24,Kolkata,68671,2019-10-27
CUST02026,Rahul,Sharma,Male,32,Hyderabad,138216,2025-06-24
CUST02027,Kunal,Shah,Female,70,Pune,40270,2025-11-24
CUST02028,Ananya,Gupta,Male,37,Bengaluru,239223,2025-03-03
CUST02029,Aditi,Gaikwad,Male,67,Pune,139870,2025-07-06
CUST02030,Aditi,More,Female,42,Delhi,147897,2018-06-29
CUST02031,Meera,Singh,Male,20,Surat,164770,2025-11-21
CUST02032,Aditya,Kulkarni,Male,63,Delhi,92265,2022-01-22
CUST02033,Amit,Mehta,Female,41,Bengaluru,190801,2018-07-21
CUST02034,Kunal,Kadam,Female,51,Chennai,31171,2022-02-07
CUST02035,Ananya,Gaikwad,Male,63,Delhi,230555,2022-03-22
CUST02036,Priya,Joshi,Female,39,Surat,80684,2025-02-03
CUST02037,Aditi,Mehta,Female,28,Mumbai,206237,2025-09-22
CUST02038,Sneha,Singh,Female,65,Mumbai,69948,2021-08-05
CUST02039,Meera,Gaikwad,Male,25,Jaipur,54725,2023-05-03
CUST02040,Aditi,Joshi,Female,56,Jaipur,39450,2019-11-25
CUST02041,Rahul,Shah,Male,60,Hyderabad,164372,2022-09-16
CUST02042,Meera,Sharma,Female,52,Jaipur,145900,2021-06-21
CUST02043,Arjun,More,Male,66,Kolkata,104600,2022-11-27
CUST02044,Rahul,Pawar,Male,63,Jaipur,155513,2025-04-13
CUST02045,Meera,Gaikwad,Female,55,Kolkata,131315,2022-09-18
CUST02046,Simran,Kulkarni,Male,25,Jaipur,170404,2022-06-10
CUST02047,Kunal,Jadhav,Female,54,Pune,40115,2021-04-12
CUST02048,Riya,Joshi,Female,44,Ahmedabad,119405,2022-04-07
CUST02049,Sneha,Kulkarni,Female,45,Kolkata,107404,2022-03-13
CUST02050,Priya,Jadhav,Male,57,Chennai,193069,2024-04-10
CUST02051,Rahul,Pawar,Female,51,Hyderabad,237223,2023-10-09
CUST02052,Priya,Kadam,Male,49,Bengaluru,164687,2018-04-14
CUST02053,Aarav,Mehta,Male,32,Kolkata,165804,2025-05-22
CUST02054,Arjun,Gaikwad,Female,61,Delhi,176439,2022-08-22
CUST02055,Rahul,Joshi,Male,34,Ahmedabad,130670,2020-10-07
CUST02056,Amit,Sharma,Male,50,Pune,62738,2022-11-03
CUST02057,Rahul,Jadhav,Female,64,Mumbai,152053,2023-10-26
CUST02058,Aditi,Joshi,Male,63,Pune,213953,2020-11-07
CUST02059,Kunal,Verma,Male,69,Jaipur,209681,2022-04-07
CUST02060,Simran,Mehta,Female,33,Hyderabad,238162,2021-04-22
CUST02061,Aarav,More,Male,46,Ahmedabad,241927,2022-08-08
CUST02062,Nisha,Kadam,Female,26,Delhi,101666,2022-08-06
CUST02063,Neha,Joshi,Female,50,Kolkata,104351,2025-07-08
CUST02064,Aditya,Gupta,Female,66,Pune,159638,2024-05-03
CUST02065,Aditi,Jadhav,Female,46,Ahmedabad,242937,2020-02-20
CUST02066,Isha,Shah,Male,30,Kolkata,222957,2025-04-10
CUST02067,Kavya,Deshmukh,Male,38,Hyderabad,30728,2020-08-03
CUST02068,Nisha,Pawar,Female,38,Bengaluru,125852,2023-01-05
CUST02069,Priya,Kadam,Female,22,Mumbai,103911,2019-07-02
CUST02070,Meera,Shah,Male,27,Hyderabad,137616,2024-01-17
CUST02071,Priya,Kadam,Male,23,Jaipur,238422,2024-09-12
CUST02072,Aarav,Shah,Male,68,Surat,56214,2025-02-03
CUST02073,Riya,Mehta,Male,30,Bengaluru,209007,2023-12-15
CUST02074,Vivaan,Deshmukh,Female,18,Jaipur,238153,2022-12-03
CUST02075,Pooja,Pawar,Male,37,Pune,65588,2023-02-24
CUST02076,Kavya,Mehta,Female,64,Bengaluru,170025,2020-08-05
CUST02077,Kunal,More,Female,63,Jaipur,88408,2024-03-07
CUST02078,Aditya,Sharma,Male,25,Bengaluru,225976,2024-01-07
CUST02079,Riya,Kadam,Female,27,Hyderabad,54103,2018-01-31
CUST02080,Isha,More,Male,26,Ahmedabad,90949,2019-09-04
CUST02081,Ananya,Kadam,Female,66,Mumbai,245877,2023-02-08
CUST02082,Neha,Shah,Female,58,Mumbai,200336,2018-10-29
CUST02083,Ananya,Mehta,Female,20,Jaipur,171228,2025-12-22
CUST02084,Ananya,Sharma,Female,28,Jaipur,33423,2025-09-13
CUST02085,Nisha,Deshmukh,Male,29,Bengaluru,58062,2019-11-14
CUST02086,Priya,Sharma,Male,27,Pune,193877,2018-09-14
CUST02087,Kavya,Kulkarni,Female,42,Jaipur,21987,2020-07-28
CUST02088,Kunal,Gupta,Male,66,Bengaluru,82979,2023-08-19
CUST02089,Rohan,Gaikwad,Male,66,Chennai,57597,2025-12-04
CUST02090,Riya,Gaikwad,Male,42,Mumbai,103905,2020-02-16
CUST02091,Pooja,Mehta,Female,28,Jaipur,178940,2025-06-25
CUST02092,Meera,Deshmukh,Male,53,Hyderabad,96970,2020-01-02
CUST02093,Pooja,Singh,Female,56,Delhi,83805,2021-05-13
CUST02094,Aarav,Verma,Female,70,Bengaluru,139779,2023-09-03
CUST02095,Vivaan,Sharma,Male,43,Mumbai,231156,2024-12-15
CUST02096,Pooja,Verma,Male,31,Jaipur,167708,2023-08-05
CUST02097,Vivaan,Kadam,Male,56,Ahmedabad,77467,2020-08-27
CUST02098,Ananya,Singh,Female,57,Bengaluru,248991,2018-04-13
CUST02099,Pooja,Jadhav,Male,18,Pune,127732,2020-12-19
CUST02100,Priya,Patil,Male,21,Jaipur,168079,2021-01-14
CUST02101,Meera,Mehta,Male,47,Bengaluru,121460,2020-02-06
CUST02102,Aarav,More,Female,29,Jaipur,246819,2019-01-07
CUST02103,Isha,Kadam,Male,52,Surat,227936,2019-11-10
CUST02104,Priya,Singh,Female,30,Delhi,154461,2025-03-28
CUST02105,Nisha,Singh,Female,69,Kolkata,138105,2023-06-17
CUST02106,Ananya,Gupta,Male,48,Kolkata,144535,2018-07-21
CUST02107,Amit,More,Female,55,Surat,29458,2022-06-14
CUST02108,Meera,Deshmukh,Male,60,Bengaluru,88481,2018-03-30
CUST02109,Aditya,Sharma,Female,40,Pune,94888,2024-10-20
CUST02110,Vivaan,Kadam,Female,21,Jaipur,96022,2023-12-08
CUST02111,Kunal,Verma,Female,69,Bengaluru,192472,2024-01-13
CUST02112,Kunal,Gupta,Male,33,Ahmedabad,87628,2023-06-20
CUST02113,Ananya,Gaikwad,Male,24,Pune,202929,2019-02-03
CUST02114,Kavya,Deshmukh,Male,39,Ahmedabad,215439,2022-09-20
CUST02115,Vivaan,Kulkarni,Male,46,Surat,187599,2018-07-07
CUST02116,Rahul,Kadam,Male,28,Hyderabad,90648,2020-12-11
CUST02117,Amit,Joshi,Male,50,Kolkata,36937,2019-10-14
CUST02118,Aditi,Gaikwad,Male,46,Kolkata,188744,2022-04-04
CUST02119,Pooja,More,Male,56,Jaipur,21112,2022-02-12
CUST02120,Vivaan,Verma,Female,29,Delhi,186617,2019-08-10
CUST02121,Aditya,Jadhav,Male,24,Surat,248348,2018-08-18
CUST02122,Sneha,Gupta,Male,56,Bengaluru,240089,2021-02-27
CUST02123,Priya,Singh,Male,59,Surat,68355,2018-02-24
CUST02124,Pooja,Sharma,Male,65,Bengaluru,95561,2018-09-28
CUST02125,Pooja,Shah,Female,43,Surat,185154,2021-01-28
CUST02126,Rahul,Gupta,Male,57,Hyderabad,138181,2020-08-27
CUST02127,Amit,More,Female,26,Chennai,80482,2022-04-02
CUST02128,Simran,Verma,Female,58,Delhi,99098,2021-10-09
CUST02129,Meera,Sharma,Female,51,Bengaluru,162376,2021-03-21
CUST02130,Rahul,Pawar,Female,62,Delhi,142978,2024-07-05
CUST02131,Amit,Deshmukh,Female,30,Pune,76625,2018-04-26
CUST02132,Vivaan,More,Female,53,Surat,223623,2018-11-19
CUST02133,Nisha,Gaikwad,Female,42,Jaipur,195957,2025-02-23
CUST02134,Priya,Joshi,Female,41,Mumbai,144359,2022-05-15
CUST02135,Aarav,Jadhav,Female,61,Pune,91246,2024-03-26
CUST02136,Isha,Mehta,Male,34,Ahmedabad,32588,2018-12-26
CUST02137,Riya,Kadam,Female,19,Kolkata,135910,2018-01-28
CUST02138,Kavya,Patil,Male,30,Mumbai,148658,2021-06-08
CUST02139,Riya,Deshmukh,Male,48,Hyderabad,40967,2021-11-19
CUST02140,Rohan,Gupta,Male,46,Surat,150153,2025-12-26
CUST02141,Neha,Patil,Male,67,Chennai,238512,2022-10-02
CUST02142,Aditya,Gupta,Male,45,Hyderabad,44256,2023-02-11
CUST02143,Amit,Gaikwad,Male,44,Bengaluru,209420,2021-07-18
CUST02144,Aditya,Verma,Female,32,Mumbai,176124,2023-02-18
CUST02145,Simran,Pawar,Male,48,Kolkata,148121,2023-09-07
CUST02146,Meera,Kadam,Female,57,Jaipur,232044,2022-03-23
CUST02147,Riya,Kadam,Male,32,Chennai,238423,2020-01-14
CUST02148,Riya,Kadam,Male,50,Delhi,209551,2021-01-16
CUST02149,Ananya,Sharma,Female,37,Surat,100732,2022-09-18
CUST02150,Aditi,Jadhav,Female,59,Bengaluru,211272,2022-11-14
CUST02151,Vivaan,More,Male,29,Surat,234697,2019-08-03
CUST02152,Amit,Jadhav,Female,54,Hyderabad,234212,2024-11-03
CUST02153,Riya,More,Female,26,Mumbai,150145,2019-03-09
CUST02154,Amit,Deshmukh,Male,40,Hyderabad,153578,2019-01-09
CUST02155,Priya,Sharma,Male,25,Mumbai,118120,2024-10-18
CUST02156,Neha,Jadhav,Female,49,Jaipur,171781,2021-04-25
CUST02157,Nisha,Sharma,Female,65,Kolkata,209607,2022-11-10
CUST02158,Rohan,Shah,Male,31,Delhi,64840,2023-08-04
CUST02159,Aditi,Joshi,Female,44,Jaipur,132647,2024-03-15
CUST02160,Kunal,Deshmukh,Male,42,Pune,211659,2021-02-05
CUST02161,Rahul,Verma,Male,30,Kolkata,79321,2023-01-17
CUST02162,Aditya,Shah,Male,38,Jaipur,63202,2022-04-23
CUST02163,Vivaan,Singh,Female,62,Chennai,207660,2023-04-15
CUST02164,Rohan,Jadhav,Female,48,Surat,154162,2020-08-05
CUST02165,Amit,Sharma,Female,54,Hyderabad,79231,2018-12-15
CUST02166,Kunal,Singh,Male,65,Kolkata,41552,2020-02-27
CUST02167,Arjun,Mehta,Male,60,Chennai,245743,2022-03-26
CUST02168,Neha,Gupta,Male,22,Hyderabad,231299,2018-01-26
CUST02169,Neha,Verma,Female,30,Pune,184813,2020-12-07
CUST02170,Simran,Shah,Male,45,Ahmedabad,41661,2020-05-08
CUST02171,Riya,Gupta,Male,60,Kolkata,192097,2019-01-05
CUST02172,Sneha,Gaikwad,Female,42,Chennai,157164,2022-06-24
CUST02173,Neha,Verma,Male,68,Hyderabad,186746,2021-04-25
CUST02174,Simran,Kulkarni,Female,52,Hyderabad,151642,2022-03-28
CUST02175,Priya,Verma,Male,64,Jaipur,163156,2020-06-02
CUST02176,Riya,Shah,Female,56,Mumbai,85843,2023-03-30
CUST02177,Ananya,More,Male,24,Jaipur,211824,2018-10-06
CUST02178,Aditi,Kadam,Female,55,Chennai,89278,2024-07-16
CUST02179,Pooja,Kulkarni,Male,49,Bengaluru,114328,2021-09-13
CUST02180,Arjun,Patil,Male,20,Surat,151837,2022-08-30
CUST02181,Meera,Sharma,Male,62,Kolkata,146355,2022-07-16
CUST02182,Neha,Shah,Male,56,Jaipur,44198,2023-04-13
CUST02183,Priya,Patil,Male,54,Hyderabad,81201,2019-08-30
CUST02184,Amit,Singh,Female,67,Hyderabad,93271,2020-11-14
CUST02185,Vivaan,Gupta,Male,39,Ahmedabad,232810,2025-01-20
CUST02186,Amit,Joshi,Female,25,Kolkata,198271,2024-10-09
CUST02187,Kunal,Gaikwad,Female,34,Ahmedabad,162449,2018-01-29
CUST02188,Riya,Singh,Female,69,Surat,131578,2020-08-13
CUST02189,Rohan,More,Male,44,Pune,230905,2018-11-19
CUST02190,Kunal,Mehta,Male,50,Jaipur,159108,2023-02-20
CUST02191,Aditi,Joshi,Female,63,Delhi,60364,2024-06-18
CUST02192,Arjun,Pawar,Female,34,Chennai,135227,2019-08-07
CUST02193,Aditi,Singh,Male,59,Chennai,240977,2021-07-17
CUST02194,Sneha,Deshmukh,Male,29,Pune,120353,2025-09-10
CUST02195,Rahul,Mehta,Male,65,Kolkata,188515,2024-05-31
CUST02196,Rohan,Joshi,Female,63,Jaipur,152735,2019-10-18
CUST02197,Riya,Kulkarni,Male,44,Surat,190316,2020-02-25
CUST02198,Neha,Gupta,Male,65,Mumbai,209463,2018-08-11
CUST02199,Rahul,Gupta,Female,25,Ahmedabad,97564,2023-10-24
CUST02200,Rahul,More,Male,40,Pune,236431,2023-11-20
CUST02201,Nisha,Singh,Male,59,Mumbai,166149,2024-01-30
CUST02202,Rohan,Kulkarni,Female,66,Ahmedabad,208921,2020-10-24
CUST02203,Sneha,More,Female,46,Pune,125447,2022-08-11
CUST02204,Ananya,Kadam,Male,67,Chennai,39631,2024-09-08
CUST02205,Isha,Gupta,Male,37,Chennai,203724,2022-07-08
CUST02206,Vivaan,Jadhav,Male,33,Hyderabad,218518,2020-04-12
CUST02207,Isha,Verma,Male,34,Ahmedabad,53500,2020-09-30
CUST02208,Riya,More,Female,33,Delhi,170969,2018-06-16
CUST02209,Priya,Singh,Male,36,Surat,78915,2024-06-05
CUST02210,Rahul,Gupta,Male,25,Bengaluru,188449,2023-07-10
CUST02211,Arjun,Kulkarni,Male,55,Kolkata,227742,2018-04-28
CUST02212,Amit,Patil,Female,55,Kolkata,122760,2025-01-03
CUST02213,Pooja,Gupta,Male,70,Ahmedabad,46897,2025-04-13
CUST02214,Priya,Shah,Female,46,Pune,198352,2022-12-15
CUST02215,Priya,Joshi,Male,58,Pune,121639,2024-01-16
CUST02216,Arjun,Singh,Female,53,Bengaluru,133849,2021-11-08
CUST02217,Kavya,Joshi,Female,43,Surat,131118,2021-06-04
CUST02218,Meera,More,Male,48,Jaipur,77320,2019-04-08
CUST02219,Ananya,Pawar,Male,61,Surat,223664,2022-09-30
CUST02220,Riya,More,Male,29,Jaipur,245558,2022-07-30
CUST02221,Aditya,Sharma,Male,34,Bengaluru,88289,2023-11-22
CUST02222,Meera,Patil,Male,32,Jaipur,51941,2020-09-08
CUST02223,Kavya,Shah,Male,26,Delhi,165306,2024-04-16
CUST02224,Isha,Kadam,Male,56,Hyderabad,95172,2020-11-02
CUST02225,Rahul,Kadam,Female,59,Surat,23376,2025-02-27
CUST02226,Simran,Kulkarni,Male,65,Jaipur,50783,2023-02-23
CUST02227,Nisha,Gaikwad,Female,29,Chennai,192321,2019-08-20
CUST02228,Riya,Jadhav,Male,49,Delhi,63025,2019-09-13
CUST02229,Aarav,Kulkarni,Female,42,Surat,36447,2025-02-15
CUST02230,Sneha,Sharma,Female,56,Jaipur,236937,2021-11-12
CUST02231,Isha,Gaikwad,Male,35,Chennai,36713,2018-03-12
CUST02232,Aditi,Jadhav,Female,32,Bengaluru,148869,2020-08-13
CUST02233,Aditi,Joshi,Male,49,Bengaluru,24858,2022-12-09
CUST02234,Ananya,Kulkarni,Male,23,Ahmedabad,202187,2019-03-14
CUST02235,Vivaan,Kadam,Female,61,Kolkata,236080,2020-12-03
CUST02236,Aditi,Gupta,Male,60,Mumbai,79834,2023-04-10
CUST02237,Rahul,Gaikwad,Male,69,Chennai,102060,2020-11-03
CUST02238,Meera,Gaikwad,Female,52,Ahmedabad,155611,2021-11-03
CUST02239,Neha,Gupta,Female,51,Delhi,215055,2024-06-19
CUST02240,Isha,Patil,Female,55,Jaipur,169929,2021-12-09
CUST02241,Ananya,Shah,Male,22,Surat,123898,2019-04-30
CUST02242,Sneha,More,Female,35,Pune,122207,2018-06-18
CUST02243,Aditi,Sharma,Male,33,Chennai,156436,2020-03-13
CUST02244,Kunal,Gupta,Female,25,Mumbai,217057,2018-09-03
CUST02245,Neha,Jadhav,Female,42,Pune,210241,2024-05-02
CUST02246,Aditya,Jadhav,Female,49,Hyderabad,106366,2020-04-28
CUST02247,Meera,Kadam,Female,43,Mumbai,172150,2024-04-09
CUST02248,Kunal,More,Male,69,Ahmedabad,188646,2023-07-19
CUST02249,Amit,Shah,Female,39,Mumbai,20869,2022-08-21
CUST02250,Simran,Kadam,Female,48,Jaipur,82624,2021-09-12
CUST02251,Neha,Deshmukh,Male,60,Surat,191147,2019-06-14
CUST02252,Aditi,Gupta,Female,27,Delhi,113676,2022-06-07
CUST02253,Nisha,Shah,Male,29,Pune,23659,2020-04-26
CUST02254,Nisha,Sharma,Female,70,Mumbai,187442,2024-07-17
CUST02255,Meera,Shah,Female,45,Jaipur,126888,2022-11-24
CUST02256,Aditya,More,Female,23,Bengaluru,78185,2022-08-30
CUST02257,Riya,Gaikwad,Male,37,Mumbai,137136,2020-01-30
CUST02258,Meera,Mehta,Female,22,Mumbai,230993,2021-11-04
CUST02259,Kavya,Verma,Male,40,Kolkata,194823,2020-03-08
CUST02260,Simran,Singh,Female,26,Pune,82758,2019-06-16
CUST02261,Aarav,Mehta,Male,46,Kolkata,235945,2023-04-02
CUST02262,Ananya,Deshmukh,Male,33,Kolkata,156203,2020-05-13
CUST02263,Rohan,Kadam,Female,63,Surat,152430,2018-02-11
CUST02264,Sneha,Deshmukh,Male,39,Jaipur,111150,2019-08-22
CUST02265,Aditi,Joshi,Female,25,Kolkata,208443,2018-11-02
CUST02266,Kavya,Kulkarni,Female,37,Mumbai,233379,2020-03-19
CUST02267,Rohan,Verma,Female,68,Ahmedabad,230211,2025-12-19
CUST02268,Neha,Mehta,Female,31,Ahmedabad,167318,2021-06-17
CUST02269,Riya,Gaikwad,Male,56,Bengaluru,37216,2019-11-10
CUST02270,Pooja,More,Male,54,Ahmedabad,61209,2020-01-01
CUST02271,Pooja,Joshi,Male,67,Bengaluru,62987,2024-10-24
CUST02272,Arjun,Gaikwad,Male,51,Ahmedabad,128024,2023-07-19
CUST02273,Sneha,Gupta,Male,28,Hyderabad,171649,2020-07-21
CUST02274,Isha,Singh,Female,57,Bengaluru,62320,2020-06-21
CUST02275,Isha,Kadam,Female,50,Chennai,31301,2018-05-13
CUST02276,Simran,Kadam,Male,48,Pune,226123,2025-07-29
CUST02277,Rahul,More,Female,61,Pune,243410,2023-09-30
CUST02278,Riya,Verma,Female,51,Pune,146560,2025-04-19
CUST02279,Vivaan,More,Female,67,Jaipur,20891,2019-01-27
CUST02280,Pooja,Jadhav,Female,24,Surat,173044,2025-07-06
CUST02281,Ananya,Shah,Male,66,Delhi,70457,2025-01-14
CUST02282,Vivaan,Joshi,Male,40,Surat,133389,2019-05-23
CUST02283,Aarav,More,Male,63,Bengaluru,205507,2022-08-13
CUST02284,Aditya,Singh,Male,24,Surat,40932,2024-07-29
CUST02285,Neha,Jadhav,Female,42,Ahmedabad,24192,2025-12-24
CUST02286,Amit,Joshi,Female,20,Bengaluru,36128,2021-11-19
CUST02287,Aarav,Gupta,Male,55,Surat,42836,2020-08-13
CUST02288,Sneha,Shah,Male,37,Surat,44837,2018-04-06
CUST02289,Nisha,Shah,Female,51,Kolkata,137028,2018-04-16
CUST02290,Aditi,Kadam,Male,66,Hyderabad,136481,2019-11-09
CUST02291,Rohan,Deshmukh,Male,61,Jaipur,145176,2025-01-04
CUST02292,Sneha,Deshmukh,Female,61,Bengaluru,145172,2020-05-05
CUST02293,Kunal,Pawar,Male,47,Delhi,42778,2023-05-17
CUST02294,Nisha,Joshi,Male,34,Pune,63130,2020-02-29
CUST02295,Meera,Joshi,Male,27,Mumbai,36708,2019-05-30
CUST02296,Aarav,Mehta,Female,52,Chennai,127481,2020-12-20
CUST02297,Isha,Mehta,Female,37,Surat,175304,2020-10-04
CUST02298,Nisha,Jadhav,Male,35,Pune,208338,2021-08-10
CUST02299,Riya,Kulkarni,Male,62,Ahmedabad,190484,2025-08-16
CUST02300,Riya,Deshmukh,Male,61,Chennai,24782,2024-06-07
CUST02301,Priya,Kadam,Female,44,Hyderabad,212268,2025-05-17
CUST02302,Aditi,Shah,Female,66,Pune,177387,2024-03-28
CUST02303,Rohan,Gupta,Male,53,Kolkata,30052,2021-12-03
CUST02304,Simran,Jadhav,Female,40,Pune,39521,2025-08-17
CUST02305,Isha,Gupta,Male,49,Hyderabad,220506,2018-10-24
CUST02306,Pooja,More,Male,27,Pune,233827,2019-03-31
CUST02307,Kunal,Joshi,Male,28,Surat,89690,2020-07-30
CUST02308,Priya,Sharma,Male,55,Pune,55546,2018-08-28
CUST02309,Sneha,Jadhav,Male,23,Kolkata,230417,2022-06-10
CUST02310,Rahul,Gaikwad,Male,58,Jaipur,177044,2025-02-11
CUST02311,Arjun,Verma,Male,64,Hyderabad,124713,2023-12-26
CUST02312,Rohan,Patil,Female,51,Kolkata,229131,2019-03-30
CUST02313,Rohan,Gupta,Male,53,Bengaluru,215457,2021-06-03
CUST02314,Pooja,Deshmukh,Female,54,Pune,122617,2024-10-26
CUST02315,Arjun,Kadam,Female,34,Delhi,42030,2023-09-06
CUST02316,Kunal,Shah,Male,57,Pune,191448,2024-11-09
CUST02317,Rahul,Gaikwad,Male,57,Hyderabad,236713,2019-11-26
CUST02318,Vivaan,Pawar,Male,29,Chennai,109831,2019-12-11
CUST02319,Sneha,Kadam,Male,38,Kolkata,97400,2023-07-08
CUST02320,Ananya,Gupta,Male,57,Delhi,229484,2020-04-28
CUST02321,Aditi,Singh,Female,36,Bengaluru,38055,2020-08-06
CUST02322,Aditi,Singh,Female,20,Ahmedabad,238580,2018-04-17
CUST02323,Ananya,More,Male,35,Bengaluru,176565,2024-10-27
CUST02324,Amit,Mehta,Female,70,Kolkata,94861,2022-09-21
CUST02325,Isha,Gaikwad,Male,68,Chennai,141184,2023-09-15
CUST02326,Rohan,Sharma,Female,36,Kolkata,136524,2019-08-20
CUST02327,Arjun,Kulkarni,Female,64,Mumbai,136826,2018-06-04
CUST02328,Rohan,Deshmukh,Female,23,Delhi,56775,2020-03-06
CUST02329,Aditya,Joshi,Male,33,Chennai,202129,2018-09-29
CUST02330,Rohan,Kulkarni,Male,25,Delhi,105909,2022-04-20
CUST02331,Aditya,Verma,Female,65,Kolkata,56253,2021-12-14
CUST02332,Aarav,Shah,Male,35,Jaipur,237789,2021-04-22
CUST02333,Nisha,Deshmukh,Female,69,Delhi,71884,2022-06-23
CUST02334,Arjun,Deshmukh,Male,65,Mumbai,96497,2021-06-14
CUST02335,Rohan,Verma,Male,60,Surat,37705,2023-04-23
CUST02336,Simran,More,Male,56,Chennai,195748,2022-03-13
CUST02337,Nisha,Pawar,Male,66,Mumbai,111640,2018-05-02
CUST02338,Rohan,Pawar,Female,66,Mumbai,230117,2021-12-11
CUST02339,Vivaan,More,Male,29,Ahmedabad,27101,2021-10-30
CUST02340,Neha,More,Male,62,Jaipur,82495,2022-02-12
CUST02341,Neha,Deshmukh,Male,27,Pune,155815,2018-05-30
CUST02342,Arjun,Gaikwad,Male,24,Jaipur,28951,2019-12-08
CUST02343,Kavya,Joshi,Male,63,Hyderabad,158086,2022-06-04
CUST02344,Aditi,Patil,Male,18,Ahmedabad,56180,2022-02-22
CUST02345,Priya,Pawar,Female,66,Kolkata,76977,2024-01-10
CUST02346,Priya,Kadam,Male,53,Kolkata,210606,2025-02-11
CUST02347,Amit,Patil,Male,38,Bengaluru,83209,2020-04-24
CUST02348,Isha,Singh,Male,54,Pune,192980,2024-05-16
CUST02349,Amit,Shah,Male,69,Hyderabad,128575,2024-10-05
CUST02350,Neha,Kulkarni,Female,41,Delhi,70918,2023-05-31
CUST02351,Ananya,Deshmukh,Male,42,Jaipur,159291,2023-01-10
CUST02352,Simran,Kulkarni,Male,24,Chennai,158235,2020-03-14
CUST02353,Ananya,Gaikwad,Female,59,Mumbai,153542,2018-12-21
CUST02354,Aditya,Pawar,Male,34,Delhi,167615,2022-05-25
CUST02355,Riya,Gupta,Male,46,Bengaluru,170348,2019-01-13
CUST02356,Arjun,Mehta,Female,47,Jaipur,140014,2023-10-29
CUST02357,Kunal,Gaikwad,Female,24,Chennai,187953,2022-04-30
CUST02358,Isha,Deshmukh,Female,50,Bengaluru,98950,2020-09-14
CUST02359,Aditi,Patil,Male,24,Mumbai,27749,2018-08-21
CUST02360,Isha,Kulkarni,Male,41,Ahmedabad,44182,2018-06-03
CUST02361,Kavya,Mehta,Male,28,Pune,97450,2020-06-25
CUST02362,Meera,Patil,Male,26,Ahmedabad,100543,2022-06-09
CUST02363,Neha,Gaikwad,Female,29,Chennai,116487,2024-08-15
CUST02364,Kavya,Jadhav,Male,52,Ahmedabad,130227,2018-11-19
CUST02365,Aditi,Mehta,Female,21,Chennai,249216,2018-11-28
CUST02366,Riya,Kadam,Female,53,Hyderabad,172455,2018-08-31
CUST02367,Rahul,Verma,Male,45,Hyderabad,98578,2019-03-06
CUST02368,Neha,Kulkarni,Male,30,Surat,136258,2021-04-20
CUST02369,Rahul,Mehta,Female,40,Surat,176484,2025-10-27
CUST02370,Priya,Mehta,Male,36,Ahmedabad,33181,2022-02-05
CUST02371,Simran,Gupta,Female,59,Kolkata,64898,2024-08-20
CUST02372,Meera,Pawar,Male,54,Ahmedabad,210702,2018-03-22
CUST02373,Kunal,Shah,Male,56,Ahmedabad,23405,2022-04-23
CUST02374,Kunal,More,Female,41,Kolkata,247476,2019-02-24
CUST02375,Kunal,Gupta,Female,33,Pune,30862,2019-04-12
CUST02376,Priya,Gaikwad,Male,50,Jaipur,205751,2020-12-16
CUST02377,Aditi,Gaikwad,Female,29,Kolkata,48688,2023-06-24
CUST02378,Pooja,Verma,Male,51,Chennai,68017,2022-04-15
CUST02379,Kavya,Singh,Female,24,Jaipur,247553,2022-02-27
CUST02380,Sneha,Kulkarni,Female,28,Mumbai,32939,2025-11-16
CUST02381,Kavya,Verma,Male,48,Pune,245539,2023-07-29
CUST02382,Priya,Gupta,Male,46,Mumbai,124152,2020-03-14
CUST02383,Aditya,Kadam,Female,30,Surat,59585,2020-12-13
CUST02384,Isha,Verma,Male,48,Delhi,136315,2022-06-21
CUST02385,Pooja,Verma,Female,19,Hyderabad,124447,2023-06-08
CUST02386,Arjun,More,Male,56,Mumbai,174014,2018-01-04
CUST02387,Arjun,Singh,Female,32,Bengaluru,156344,2023-03-18
CUST02388,Rohan,Sharma,Female,28,Ahmedabad,195206,2019-08-26
CUST02389,Riya,Patil,Female,51,Chennai,175337,2024-06-25
CUST02390,Ananya,Kulkarni,Male,56,Mumbai,199264,2021-10-30
CUST02391,Kunal,Shah,Female,21,Mumbai,179740,2019-05-16
CUST02392,Isha,Kadam,Female,28,Delhi,101560,2022-08-13
CUST02393,Kunal,Joshi,Male,46,Surat,117435,2025-03-03
CUST02394,Isha,Gupta,Male,19,Ahmedabad,89283,2018-07-04
CUST02395,Amit,Jadhav,Male,33,Ahmedabad,29297,2025-02-16
CUST02396,Nisha,Sharma,Female,56,Delhi,84005,2021-07-19
CUST02397,Neha,Kadam,Male,30,Kolkata,148833,2018-02-24
CUST02398,Isha,Kadam,Male,54,Delhi,209506,2022-09-21
CUST02399,Meera,Gupta,Female,34,Bengaluru,215821,2025-12-20
CUST02400,Nisha,Shah,Male,38,Jaipur,152679,2023-02-14
CUST02401,Neha,Gupta,Male,61,Bengaluru,150654,2018-03-18
CUST02402,Priya,Gaikwad,Female,36,Delhi,210255,2024-06-01
CUST02403,Neha,More,Female,24,Hyderabad,106994,2022-05-21
CUST02404,Kunal,Kadam,Male,55,Kolkata,76305,2022-07-30
CUST02405,Rohan,Joshi,Male,25,Hyderabad,179045,2025-08-25
CUST02406,Riya,Verma,Female,30,Bengaluru,174189,2022-10-01
CUST02407,Aarav,Deshmukh,Male,54,Ahmedabad,233058,2023-09-22
CUST02408,Pooja,Kadam,Male,19,Bengaluru,232143,2021-10-16
CUST02409,Kavya,Jadhav,Male,58,Pune,142688,2021-06-05
CUST02410,Nisha,Pawar,Male,28,Surat,245963,2024-03-24
CUST02411,Neha,Gupta,Female,41,Chennai,27645,2020-12-22
CUST02412,Rahul,Patil,Male,23,Pune,62238,2018-06-20
CUST02413,Pooja,More,Female,43,Delhi,89694,2025-09-10
CUST02414,Kunal,Mehta,Female,24,Mumbai,192845,2025-12-07
CUST02415,Rohan,Joshi,Male,56,Hyderabad,36786,2024-06-12
CUST02416,Aditya,Singh,Female,36,Jaipur,60693,2022-11-09
CUST02417,Aditi,Gupta,Female,23,Pune,116447,2025-02-28
CUST02418,Arjun,More,Male,60,Kolkata,177650,2023-09-13
CUST02419,Neha,Kadam,Male,46,Hyderabad,197480,2020-04-06
CUST02420,Pooja,Kulkarni,Female,60,Pune,89702,2022-07-24
CUST02421,Vivaan,Shah,Female,56,Ahmedabad,104845,2018-05-10
CUST02422,Riya,Verma,Female,19,Chennai,35076,2021-11-18
CUST02423,Arjun,Sharma,Male,36,Bengaluru,39377,2021-03-20
CUST02424,Pooja,Pawar,Female,21,Bengaluru,160350,2025-05-26
CUST02425,Riya,Jadhav,Male,23,Pune,215880,2025-05-01
CUST02426,Kunal,Pawar,Male,66,Delhi,147368,2021-11-08
CUST02427,Kunal,Joshi,Female,54,Kolkata,53539,2020-11-06
CUST02428,Kavya,Singh,Male,45,Delhi,146552,2019-08-17
CUST02429,Ananya,Patil,Male,47,Hyderabad,162512,2020-11-03
CUST02430,Nisha,Joshi,Male,24,Surat,46245,2023-10-30
CUST02431,Arjun,Mehta,Male,26,Chennai,173169,2018-07-23
CUST02432,Aarav,Jadhav,Male,42,Chennai,224775,2022-12-13
CUST02433,Aarav,Kulkarni,Female,50,Bengaluru,87092,2022-04-17
CUST02434,Isha,Jadhav,Male,18,Chennai,129454,2018-01-23
CUST02435,Arjun,More,Female,68,Delhi,152223,2025-04-15
CUST02436,Ananya,More,Female,23,Kolkata,172770,2022-06-22
CUST02437,Nisha,Kulkarni,Female,35,Kolkata,168673,2024-01-01
CUST02438,Kavya,Kadam,Male,27,Bengaluru,177879,2018-04-14
CUST02439,Simran,Mehta,Female,45,Pune,196374,2021-11-06
CUST02440,Vivaan,Shah,Male,28,Kolkata,236936,2022-01-18
CUST02441,Arjun,Gaikwad,Female,50,Delhi,159111,2024-06-29
CUST02442,Aditya,Deshmukh,Female,18,Mumbai,67427,2021-04-09
CUST02443,Meera,Singh,Female,30,Pune,91839,2019-07-30
CUST02444,Vivaan,Shah,Male,54,Surat,209121,2022-05-26
CUST02445,Riya,Kulkarni,Female,37,Jaipur,170125,2018-10-01
CUST02446,Sneha,Mehta,Male,18,Ahmedabad,248252,2019-03-28
CUST02447,Priya,Shah,Female,69,Chennai,136801,2018-05-05
CUST02448,Riya,Singh,Female,20,Chennai,130845,2024-06-22
CUST02449,Rahul,Jadhav,Male,35,Mumbai,106298,2023-02-10
CUST02450,Isha,Deshmukh,Female,58,Pune,109147,2023-11-25
CUST02451,Priya,Kadam,Male,31,Bengaluru,75413,2022-08-11
CUST02452,Kavya,Singh,Male,48,Delhi,85958,2020-06-25
CUST02453,Rohan,Gupta,Male,44,Mumbai,51275,2019-03-06
CUST02454,Kunal,Deshmukh,Male,34,Ahmedabad,46597,2025-07-14
CUST02455,Vivaan,Gupta,Female,63,Kolkata,97521,2018-12-28
CUST02456,Nisha,Sharma,Male,46,Bengaluru,114243,2020-03-06
CUST02457,Aditi,Patil,Male,53,Jaipur,88908,2019-03-08
CUST02458,Kunal,Joshi,Female,54,Bengaluru,232691,2025-06-15
CUST02459,Rahul,Deshmukh,Female,43,Mumbai,75188,2022-03-24
CUST02460,Simran,Shah,Female,70,Surat,54710,2020-05-08
CUST02461,Kavya,Jadhav,Female,34,Mumbai,138493,2021-11-30
CUST02462,Rahul,Shah,Female,39,Mumbai,242424,2021-09-07
CUST02463,Simran,More,Male,42,Mumbai,226558,2022-06-19
CUST02464,Arjun,Shah,Male,19,Bengaluru,200122,2019-07-30
CUST02465,Aarav,Pawar,Female,39,Mumbai,69249,2020-12-24
CUST02466,Rohan,Deshmukh,Male,22,Pune,54247,2020-06-11
CUST02467,Aarav,More,Female,21,Bengaluru,221234,2018-09-27
CUST02468,Arjun,Gupta,Male,53,Kolkata,46408,2023-07-13
CUST02469,Vivaan,Kadam,Male,23,Pune,96313,2021-01-28
CUST02470,Pooja,Kadam,Male,69,Ahmedabad,221755,2019-03-14
CUST02471,Isha,Gupta,Female,38,Kolkata,25443,2020-11-08
CUST02472,Simran,Gaikwad,Female,30,Jaipur,150270,2024-03-22
CUST02473,Ananya,Kulkarni,Female,54,Chennai,151151,2022-06-30
CUST02474,Aditya,Verma,Male,42,Bengaluru,116818,2024-11-12
CUST02475,Amit,Joshi,Male,43,Chennai,189417,2024-09-07
CUST02476,Priya,Kadam,Female,56,Bengaluru,163973,2021-10-15
CUST02477,Ananya,Joshi,Female,37,Kolkata,218831,2021-12-24
CUST02478,Priya,Kadam,Male,50,Jaipur,193804,2018-01-15
CUST02479,Kunal,Gupta,Female,31,Delhi,230376,2025-02-20
CUST02480,Rahul,Shah,Male,53,Delhi,168579,2022-08-02
CUST02481,Vivaan,Singh,Male,34,Pune,101785,2020-09-30
CUST02482,Meera,Shah,Male,38,Mumbai,146691,2024-09-27
CUST02483,Kavya,Shah,Female,63,Mumbai,55391,2021-10-10
CUST02484,Arjun,Kulkarni,Female,33,Delhi,54171,2022-01-20
CUST02485,Kavya,Verma,Male,63,Kolkata,202802,2022-10-12
CUST02486,Neha,Verma,Female,33,Jaipur,135019,2023-02-05
CUST02487,Isha,Gupta,Male,37,Pune,27485,2018-04-25
CUST02488,Neha,Singh,Male,46,Kolkata,147628,2021-10-07
CUST02489,Kavya,Gaikwad,Male,45,Mumbai,130104,2020-09-02
CUST02490,Kavya,Gupta,Male,25,Pune,135427,2022-08-13
CUST02491,Neha,Deshmukh,Male,41,Chennai,246392,2023-09-15
CUST02492,Vivaan,Joshi,Female,20,Hyderabad,110153,2024-04-08
CUST02493,Isha,Kadam,Female,42,Ahmedabad,57748,2022-08-14
CUST02494,Ananya,Kadam,Male,36,Pune,154950,2018-03-04
CUST02495,Sneha,Verma,Male,50,Mumbai,153021,2025-06-06
CUST02496,Amit,Kadam,Male,19,Kolkata,236452,2019-05-24
CUST02497,Neha,Jadhav,Male,32,Chennai,171953,2018-07-07
CUST02498,Simran,Verma,Male,39,Ahmedabad,202378,2025-08-14
CUST02499,Sneha,Verma,Female,27,Ahmedabad,107150,2018-04-03
CUST02500,Rohan,Mehta,Male,35,Pune,109364,2018-01-05
CUST02501,Neha,Mehta,Female,39,Ahmedabad,135925,2023-09-04
CUST02502,Aditi,Singh,Female,63,Chennai,29958,2024-12-30
CUST02503,Priya,Shah,Male,66,Jaipur,210257,2018-04-08
CUST02504,Sneha,Kadam,Female,44,Kolkata,159769,2021-07-15
CUST02505,Neha,Kadam,Female,30,Pune,107160,2025-06-02
CUST02506,Aarav,Pawar,Female,50,Ahmedabad,35493,2022-11-23
CUST02507,Vivaan,Joshi,Male,22,Jaipur,193873,2021-08-01
CUST02508,Riya,Deshmukh,Male,43,Kolkata,41199,2019-11-15
CUST02509,Aarav,Kadam,Male,30,Bengaluru,216864,2021-02-06
CUST02510,Kavya,Pawar,Male,44,Jaipur,185560,2018-01-27
CUST02511,Kavya,Kadam,Male,31,Bengaluru,50493,2022-11-17
CUST02512,Nisha,More,Female,41,Bengaluru,131545,2023-10-04
CUST02513,Nisha,Sharma,Male,20,Jaipur,69002,2020-02-20
CUST02514,Pooja,Singh,Female,64,Ahmedabad,43731,2024-06-03
CUST02515,Neha,More,Female,68,Bengaluru,158148,2022-06-03
CUST02516,Sneha,Gaikwad,Male,66,Ahmedabad,21071,2020-11-07
CUST02517,Rahul,Deshmukh,Male,47,Ahmedabad,119926,2025-11-05
CUST02518,Sneha,Patil,Female,52,Kolkata,147872,2022-11-29
CUST02519,Pooja,Patil,Female,65,Surat,218674,2020-05-04
CUST02520,Kavya,Mehta,Female,31,Chennai,242253,2022-07-01
CUST02521,Priya,Jadhav,Male,29,Ahmedabad,61410,2023-04-17
CUST02522,Kavya,Shah,Male,45,Kolkata,205399,2023-07-20
CUST02523,Isha,Shah,Male,61,Hyderabad,114948,2023-06-11
CUST02524,Vivaan,Kulkarni,Male,46,Bengaluru,212144,2025-02-19
CUST02525,Riya,Sharma,Female,60,Pune,248443,2021-06-23
CUST02526,Ananya,Patil,Female,34,Ahmedabad,61041,2024-12-25
CUST02527,Riya,Patil,Female,57,Jaipur,143616,2021-01-17
CUST02528,Ananya,Shah,Female,66,Bengaluru,73326,2024-02-29
CUST02529,Isha,Gupta,Female,38,Bengaluru,189621,2018-08-28
CUST02530,Meera,Shah,Male,40,Hyderabad,73096,2019-05-05
CUST02531,Amit,Kulkarni,Male,37,Pune,206650,2020-11-02
CUST02532,Meera,Deshmukh,Female,28,Kolkata,197462,2025-05-20
CUST02533,Kunal,Gaikwad,Male,51,Hyderabad,197124,2021-08-31
CUST02534,Arjun,Jadhav,Female,27,Chennai,63167,2023-07-30
CUST02535,Nisha,Verma,Female,27,Bengaluru,205659,2019-11-16
CUST02536,Isha,Shah,Male,60,Ahmedabad,81292,2023-07-20
CUST02537,Nisha,Deshmukh,Female,23,Ahmedabad,243186,2024-04-09
CUST02538,Arjun,Kadam,Female,53,Hyderabad,95419,2024-12-29
CUST02539,Vivaan,Kadam,Female,41,Chennai,193211,2022-06-03
CUST02540,Rohan,Sharma,Female,29,Delhi,107753,2022-11-03
CUST02541,Ananya,Pawar,Female,60,Mumbai,161779,2019-09-05
CUST02542,Aarav,Sharma,Male,40,Jaipur,164212,2018-06-11
CUST02543,Meera,Verma,Male,44,Jaipur,31093,2019-10-18
CUST02544,Neha,Mehta,Female,62,Delhi,233108,2019-09-13
CUST02545,Nisha,Patil,Female,54,Bengaluru,124089,2021-06-10
CUST02546,Rahul,Verma,Male,23,Kolkata,92043,2023-11-29
CUST02547,Ananya,Singh,Male,18,Pune,249194,2023-05-06
CUST02548,Riya,Deshmukh,Female,23,Delhi,144534,2021-06-09
CUST02549,Aarav,Sharma,Female,67,Chennai,156902,2023-05-30
CUST02550,Simran,Singh,Female,39,Ahmedabad,181680,2020-01-20
CUST02551,Kunal,Joshi,Female,58,Mumbai,122865,2019-12-10
CUST02552,Kavya,Jadhav,Male,41,Bengaluru,144678,2024-05-09
CUST02553,Ananya,Pawar,Male,42,Mumbai,67287,2022-06-10
CUST02554,Riya,Shah,Female,32,Pune,241119,2025-10-25
CUST02555,Ananya,Verma,Male,43,Ahmedabad,53427,2018-02-10
CUST02556,Meera,Mehta,Male,25,Chennai,235114,2019-07-14
CUST02557,Kunal,Gupta,Male,68,Jaipur,179467,2019-04-11
CUST02558,Isha,Pawar,Female,41,Pune,149849,2021-01-05
CUST02559,Aarav,Singh,Female,65,Delhi,129839,2022-09-10
CUST02560,Priya,Kadam,Male,55,Jaipur,112662,2019-05-05
CUST02561,Amit,More,Male,23,Jaipur,246074,2018-04-27
CUST02562,Nisha,Shah,Female,52,Chennai,37970,2024-10-17
CUST02563,Neha,Joshi,Female,59,Delhi,90218,2022-05-14
CUST02564,Vivaan,Verma,Male,18,Hyderabad,227547,2018-07-15
CUST02565,Nisha,Singh,Male,63,Pune,94362,2019-09-11
CUST02566,Amit,Pawar,Male,53,Kolkata,174443,2022-01-14
CUST02567,Aditi,Verma,Female,29,Surat,246554,2024-10-08
CUST02568,Neha,Deshmukh,Male,55,Ahmedabad,240967,2021-07-31
CUST02569,Aditi,Mehta,Male,28,Chennai,170338,2018-02-03
CUST02570,Isha,Deshmukh,Female,29,Ahmedabad,170267,2024-05-31
CUST02571,Priya,Kulkarni,Female,59,Pune,130949,2021-06-28
CUST02572,Sneha,Kulkarni,Male,67,Delhi,146895,2018-12-05
CUST02573,Meera,Deshmukh,Female,56,Kolkata,47315,2025-04-19
CUST02574,Aditi,Sharma,Male,24,Surat,103804,2018-06-29
CUST02575,Priya,Gupta,Female,28,Mumbai,226318,2019-09-14
CUST02576,Riya,Shah,Male,53,Kolkata,61581,2022-07-15
CUST02577,Riya,Deshmukh,Female,69,Chennai,196609,2025-04-20
CUST02578,Neha,Joshi,Male,48,Ahmedabad,230769,2019-10-05
CUST02579,Neha,Singh,Female,50,Kolkata,117357,2023-09-02
CUST02580,Sneha,Kadam,Female,30,Bengaluru,139761,2022-08-08
CUST02581,Aditi,Gupta,Female,35,Delhi,226337,2021-09-12
CUST02582,Arjun,Singh,Female,58,Delhi,133984,2021-03-23
CUST02583,Aarav,Gupta,Female,41,Bengaluru,112449,2019-09-11
CUST02584,Kavya,Shah,Male,26,Jaipur,173256,2021-03-15
CUST02585,Aarav,More,Male,48,Jaipur,174351,2018-09-09
CUST02586,Pooja,Patil,Female,58,Pune,177642,2018-10-29
CUST02587,Aditya,Pawar,Male,27,Hyderabad,150522,2022-04-16
CUST02588,Neha,Singh,Female,19,Mumbai,63030,2024-01-20
CUST02589,Sneha,Singh,Female,55,Bengaluru,82245,2019-09-04
CUST02590,Arjun,Jadhav,Male,32,Pune,206539,2020-12-07
CUST02591,Vivaan,More,Female,20,Ahmedabad,55133,2024-10-28
CUST02592,Sneha,Kadam,Male,60,Bengaluru,229803,2023-04-28
CUST02593,Aditi,Kulkarni,Female,48,Hyderabad,194877,2018-03-15
CUST02594,Pooja,Deshmukh,Male,23,Bengaluru,63998,2025-11-13
CUST02595,Isha,Sharma,Male,20,Hyderabad,168310,2022-09-24
CUST02596,Aditya,Kulkarni,Female,28,Hyderabad,232160,2019-06-26
CUST02597,Nisha,Kadam,Female,32,Hyderabad,219336,2018-06-06
CUST02598,Sneha,Jadhav,Female,62,Delhi,135603,2021-07-13
CUST02599,Meera,Patil,Male,69,Kolkata,68245,2018-09-13
CUST02600,Priya,Verma,Male,45,Delhi,43557,2020-11-17
CUST02601,Simran,Mehta,Female,27,Pune,90474,2020-07-25
CUST02602,Pooja,Jadhav,Male,55,Delhi,247810,2023-12-06
CUST02603,Aarav,Verma,Female,64,Delhi,216739,2024-08-14
CUST02604,Ananya,Sharma,Female,67,Ahmedabad,111228,2024-03-06
CUST02605,Rahul,Joshi,Female,67,Bengaluru,236585,2025-03-19
CUST02606,Sneha,Singh,Female,24,Delhi,85074,2025-12-06
CUST02607,Amit,Kulkarni,Male,32,Surat,78204,2023-03-07
CUST02608,Amit,Gupta,Female,35,Hyderabad,249669,2022-05-01
CUST02609,Vivaan,Gaikwad,Male,35,Bengaluru,243872,2018-11-12
CUST02610,Riya,Shah,Female,69,Jaipur,176647,2024-10-27
CUST02611,Aditi,Gupta,Male,58,Ahmedabad,231335,2022-11-11
CUST02612,Nisha,Deshmukh,Female,41,Kolkata,227096,2023-05-25
CUST02613,Priya,Shah,Female,19,Ahmedabad,171141,2021-05-06
CUST02614,Rahul,Shah,Male,57,Hyderabad,175472,2022-09-19
CUST02615,Kavya,Kadam,Male,37,Bengaluru,175218,2025-04-29
CUST02616,Rahul,Jadhav,Female,51,Kolkata,26846,2024-10-28
CUST02617,Meera,Joshi,Male,60,Mumbai,191424,2019-07-24
CUST02618,Kavya,More,Male,43,Chennai,43694,2025-03-14
CUST02619,Arjun,Pawar,Male,24,Ahmedabad,41740,2025-04-06
CUST02620,Isha,Shah,Male,55,Kolkata,200510,2025-08-20
CUST02621,Simran,Singh,Female,47,Pune,50996,2020-06-26
CUST02622,Simran,Shah,Female,59,Kolkata,83874,2019-10-11
CUST02623,Kavya,Mehta,Male,22,Chennai,117661,2022-06-29
CUST02624,Sneha,Kadam,Male,28,Hyderabad,126945,2024-06-10
CUST02625,Vivaan,Pawar,Male,18,Bengaluru,210754,2018-12-05
CUST02626,Ananya,Mehta,Male,51,Mumbai,195272,2019-06-13
CUST02627,Meera,Mehta,Male,18,Pune,42970,2023-10-03
CUST02628,Aditya,Verma,Male,36,Kolkata,161967,2021-02-09
CUST02629,Kavya,Sharma,Male,19,Surat,189143,2025-06-24
CUST02630,Riya,Pawar,Female,38,Delhi,203340,2023-05-06
CUST02631,Rohan,Mehta,Male,37,Hyderabad,173330,2019-02-23
CUST02632,Isha,Gupta,Female,40,Ahmedabad,108890,2024-06-10
CUST02633,Rahul,Shah,Female,38,Ahmedabad,247249,2022-08-07
CUST02634,Rahul,Verma,Female,41,Chennai,77300,2018-03-26
CUST02635,Rohan,Verma,Female,21,Hyderabad,81915,2024-04-18
CUST02636,Nisha,Shah,Male,29,Pune,159516,2022-10-18
CUST02637,Nisha,Singh,Female,39,Jaipur,95147,2018-05-06
CUST02638,Riya,Kulkarni,Female,37,Mumbai,96064,2025-04-11
CUST02639,Vivaan,Pawar,Male,35,Pune,86535,2023-07-21
CUST02640,Simran,Gaikwad,Female,18,Mumbai,23760,2021-11-29
CUST02641,Aarav,More,Female,47,Bengaluru,187956,2024-06-09
CUST02642,Sneha,Jadhav,Male,50,Bengaluru,122715,2025-12-05
CUST02643,Pooja,Gaikwad,Male,41,Hyderabad,145491,2021-07-13
CUST02644,Arjun,Shah,Male,31,Hyderabad,238549,2025-05-26
CUST02645,Rahul,Sharma,Female,53,Ahmedabad,177094,2019-10-06
CUST02646,Nisha,Singh,Female,22,Delhi,205576,2025-12-15
CUST02647,Priya,Gaikwad,Female,28,Chennai,150992,2025-01-02
CUST02648,Arjun,Sharma,Female,41,Delhi,194202,2024-03-04
CUST02649,Pooja,Gaikwad,Male,48,Pune,194953,2019-07-28
CUST02650,Pooja,Kadam,Male,30,Ahmedabad,82399,2025-01-02
CUST02651,Simran,Gaikwad,Female,33,Mumbai,187523,2023-07-15
CUST02652,Kunal,Gupta,Female,41,Jaipur,202485,2022-07-26
CUST02653,Arjun,Gaikwad,Female,30,Kolkata,243129,2024-02-27
CUST02654,Aditya,Sharma,Male,41,Surat,82278,2025-11-10
CUST02655,Ananya,Gupta,Male,43,Bengaluru,133286,2021-07-31
CUST02656,Neha,Jadhav,Female,19,Delhi,180711,2018-05-17
CUST02657,Sneha,Pawar,Female,33,Chennai,185693,2018-05-10
CUST02658,Meera,Shah,Female,55,Jaipur,248057,2021-05-03
CUST02659,Pooja,Shah,Female,63,Jaipur,164151,2020-10-14
CUST02660,Rahul,Patil,Male,18,Bengaluru,157967,2019-03-08
CUST02661,Rahul,Patil,Female,66,Surat,113515,2025-01-31
CUST02662,Riya,More,Female,28,Hyderabad,72142,2024-07-10
CUST02663,Ananya,Shah,Female,68,Jaipur,147157,2025-01-17
CUST02664,Sneha,Kulkarni,Female,52,Pune,163624,2025-02-18
CUST02665,Aditya,Patil,Male,60,Pune,112930,2020-06-27
CUST02666,Nisha,Verma,Male,46,Hyderabad,199893,2023-07-07
CUST02667,Pooja,Sharma,Female,54,Mumbai,117812,2025-01-01
CUST02668,Neha,Patil,Male,34,Ahmedabad,184702,2018-07-28
CUST02669,Sneha,More,Female,56,Hyderabad,90063,2023-06-08
CUST02670,Priya,Verma,Male,59,Surat,150990,2018-02-27
CUST02671,Pooja,Shah,Female,45,Pune,32247,2023-07-01
CUST02672,Aditi,Kulkarni,Female,46,Jaipur,37603,2025-11-03
CUST02673,Aditi,Mehta,Female,60,Pune,122099,2021-09-30
CUST02674,Pooja,Deshmukh,Male,20,Kolkata,196636,2020-11-03
CUST02675,Sneha,More,Female,69,Ahmedabad,20527,2021-10-14
CUST02676,Priya,Sharma,Male,27,Chennai,207593,2019-01-12
CUST02677,Riya,Deshmukh,Male,59,Kolkata,219530,2024-04-09
CUST02678,Rohan,Gaikwad,Female,31,Mumbai,25849,2020-09-19
CUST02679,Amit,Deshmukh,Female,29,Bengaluru,246908,2019-02-19
CUST02680,Meera,Patil,Female,64,Kolkata,244388,2019-01-29
CUST02681,Riya,More,Male,59,Mumbai,70314,2019-12-30
CUST02682,Isha,Mehta,Male,47,Mumbai,196796,2018-12-24
CUST02683,Kavya,Pawar,Male,49,Chennai,244748,2022-05-19
CUST02684,Isha,Gupta,Male,49,Bengaluru,37230,2021-03-27
CUST02685,Aditi,Singh,Male,59,Delhi,112229,2025-06-14
CUST02686,Vivaan,Deshmukh,Female,49,Hyderabad,92495,2023-08-28
CUST02687,Sneha,Gaikwad,Male,43,Jaipur,121390,2025-08-07
CUST02688,Aditya,Gupta,Female,68,Surat,193802,2025-02-21
CUST02689,Rohan,Gaikwad,Female,18,Surat,236275,2022-05-11
CUST02690,Rahul,Singh,Female,59,Surat,111937,2018-06-04
CUST02691,Isha,Sharma,Female,19,Delhi,133723,2022-05-10
CUST02692,Meera,Sharma,Female,34,Hyderabad,23323,2022-04-04
CUST02693,Nisha,Deshmukh,Male,47,Surat,151517,2019-05-02
CUST02694,Simran,Kadam,Male,56,Hyderabad,102945,2024-01-08
CUST02695,Sneha,Gaikwad,Male,24,Jaipur,161035,2021-10-14
CUST02696,Riya,Singh,Female,69,Surat,201583,2024-08-12
CUST02697,Sneha,More,Female,44,Bengaluru,140801,2020-12-06
CUST02698,Kavya,Kadam,Male,26,Mumbai,166509,2024-03-04
CUST02699,Rohan,Gaikwad,Female,39,Surat,167927,2024-11-02
CUST02700,Kunal,Kadam,Female,51,Hyderabad,101947,2022-02-15
CUST02701,Aditya,Pawar,Male,63,Mumbai,161919,2023-02-19
CUST02702,Rahul,Mehta,Female,66,Chennai,154308,2020-07-12
CUST02703,Amit,Shah,Male,18,Surat,81897,2025-07-07
CUST02704,Aarav,Deshmukh,Male,26,Surat,138636,2025-03-02
CUST02705,Arjun,Jadhav,Female,37,Kolkata,33487,2023-12-31
CUST02706,Kavya,More,Male,70,Mumbai,97384,2020-12-06
CUST02707,Isha,Singh,Female,36,Surat,213495,2018-07-10
CUST02708,Aarav,Shah,Male,53,Bengaluru,33155,2018-05-20
CUST02709,Arjun,Sharma,Male,57,Jaipur,31255,2019-09-07
CUST02710,Priya,Verma,Female,62,Mumbai,140860,2022-02-23
CUST02711,Ananya,Kulkarni,Male,21,Jaipur,153051,2019-09-16
CUST02712,Amit,Shah,Male,26,Ahmedabad,145596,2021-09-01
CUST02713,Arjun,Verma,Male,58,Hyderabad,172377,2021-09-07
CUST02714,Aarav,Pawar,Female,39,Chennai,94543,2018-03-28
CUST02715,Aarav,Patil,Male,35,Kolkata,55094,2023-04-02
CUST02716,Simran,Gaikwad,Male,29,Bengaluru,186170,2018-10-09
CUST02717,Priya,Sharma,Male,59,Chennai,240638,2025-09-12
CUST02718,Rahul,Gaikwad,Male,60,Kolkata,184842,2021-01-02
CUST02719,Amit,Joshi,Female,56,Chennai,29734,2019-03-29
CUST02720,Kunal,More,Female,26,Chennai,223056,2018-02-16
CUST02721,Vivaan,Shah,Male,23,Pune,59605,2022-05-31
CUST02722,Sneha,Kulkarni,Female,36,Hyderabad,97932,2023-09-10
CUST02723,Arjun,Deshmukh,Male,65,Delhi,206691,2025-01-25
CUST02724,Neha,Gupta,Female,64,Kolkata,144109,2023-08-27
CUST02725,Ananya,Gaikwad,Female,24,Bengaluru,47881,2022-08-11
CUST02726,Rahul,Sharma,Male,33,Mumbai,214473,2021-06-12
CUST02727,Neha,Jadhav,Female,22,Chennai,182249,2019-01-27
CUST02728,Arjun,Gaikwad,Female,33,Chennai,60122,2018-12-20
CUST02729,Pooja,Gaikwad,Male,18,Kolkata,55297,2018-11-01
CUST02730,Aarav,Jadhav,Male,68,Ahmedabad,131513,2022-06-11
CUST02731,Nisha,Singh,Male,54,Delhi,56680,2022-04-23
CUST02732,Arjun,Kulkarni,Female,56,Chennai,103452,2022-04-13
CUST02733,Arjun,More,Female,36,Surat,71044,2022-06-01
CUST02734,Kunal,Verma,Female,54,Pune,247847,2023-05-03
CUST02735,Aditi,Shah,Female,34,Jaipur,195156,2024-12-31
CUST02736,Rohan,Gaikwad,Female,43,Pune,185261,2019-12-13
CUST02737,Arjun,Gaikwad,Female,39,Delhi,164582,2021-11-19
CUST02738,Arjun,Deshmukh,Female,25,Surat,110502,2025-06-25
CUST02739,Ananya,Jadhav,Male,50,Pune,42152,2020-02-25
CUST02740,Sneha,More,Female,19,Jaipur,104738,2020-05-06
CUST02741,Isha,More,Female,47,Mumbai,177517,2018-06-26
CUST02742,Arjun,Joshi,Male,64,Hyderabad,227760,2021-11-30
CUST02743,Pooja,Kulkarni,Female,37,Mumbai,222225,2024-06-06
CUST02744,Rohan,Joshi,Male,35,Hyderabad,152267,2024-10-28
CUST02745,Pooja,Singh,Male,60,Ahmedabad,124533,2023-08-31
CUST02746,Aditya,Pawar,Female,27,Ahmedabad,211021,2019-12-12
CUST02747,Amit,Gupta,Male,41,Ahmedabad,45433,2025-07-11
CUST02748,Aarav,Patil,Male,21,Pune,156377,2023-02-11
CUST02749,Ananya,Kulkarni,Male,54,Ahmedabad,209932,2018-06-01
CUST02750,Vivaan,Pawar,Female,21,Hyderabad,224685,2025-12-16
CUST02751,Rahul,Patil,Male,30,Mumbai,68648,2022-01-06
CUST02752,Isha,Shah,Female,42,Kolkata,214162,2018-04-06
CUST02753,Pooja,Sharma,Male,30,Chennai,247993,2021-01-03
CUST02754,Kavya,Kulkarni,Female,35,Hyderabad,62113,2019-10-02
CUST02755,Meera,Gupta,Female,41,Mumbai,123504,2021-03-02
CUST02756,Aditya,Shah,Male,19,Mumbai,150431,2024-09-13
CUST02757,Rohan,Jadhav,Male,65,Chennai,193714,2024-04-12
CUST02758,Sneha,Verma,Male,50,Surat,53062,2018-04-22
CUST02759,Aditya,Pawar,Female,36,Kolkata,91633,2021-04-08
CUST02760,Pooja,Gaikwad,Male,26,Surat,61604,2022-06-11
CUST02761,Pooja,Joshi,Male,45,Surat,157750,2022-06-22
CUST02762,Amit,Patil,Male,52,Mumbai,52121,2021-03-07
CUST02763,Rahul,Pawar,Male,56,Jaipur,199575,2022-06-06
CUST02764,Kunal,Kadam,Male,27,Bengaluru,145015,2021-06-13
CUST02765,Kunal,Kulkarni,Female,18,Hyderabad,106940,2022-07-30
CUST02766,Amit,Joshi,Female,59,Pune,222351,2025-10-12
CUST02767,Riya,More,Male,38,Surat,36494,2022-05-14
CUST02768,Amit,Gupta,Female,26,Ahmedabad,195257,2023-12-04
CUST02769,Arjun,Joshi,Male,64,Pune,160750,2022-02-04
CUST02770,Priya,Verma,Female,32,Delhi,188704,2021-05-09
CUST02771,Pooja,Pawar,Female,52,Jaipur,66235,2018-10-19
CUST02772,Arjun,Jadhav,Female,22,Pune,152720,2024-07-17
CUST02773,Riya,Mehta,Female,58,Chennai,101213,2020-10-11
CUST02774,Priya,Mehta,Male,39,Bengaluru,239373,2022-06-22
CUST02775,Amit,Mehta,Female,58,Kolkata,218989,2021-05-24
CUST02776,Rahul,Sharma,Female,40,Chennai,36489,2022-07-18
CUST02777,Aditya,Patil,Male,24,Surat,97281,2019-08-08
CUST02778,Vivaan,Singh,Female,40,Jaipur,156890,2023-03-29
CUST02779,Ananya,Joshi,Male,61,Jaipur,128190,2023-07-20
CUST02780,Priya,Sharma,Female,42,Surat,144613,2022-02-01
CUST02781,Pooja,Verma,Male,44,Bengaluru,184221,2018-01-27
CUST02782,Amit,Gaikwad,Male,58,Mumbai,178384,2022-08-28
CUST02783,Priya,Shah,Female,23,Pune,188196,2019-03-31
CUST02784,Arjun,Singh,Female,51,Ahmedabad,124222,2020-07-06
CUST02785,Aditi,More,Male,26,Surat,21316,2025-03-12
CUST02786,Kavya,Gupta,Male,66,Ahmedabad,222062,2018-01-14
CUST02787,Aditi,Deshmukh,Female,50,Pune,80046,2023-11-16
CUST02788,Rohan,Singh,Male,68,Bengaluru,98643,2018-10-06
CUST02789,Sneha,Gaikwad,Male,23,Mumbai,220682,2023-05-18
CUST02790,Pooja,Mehta,Female,54,Kolkata,237796,2019-05-05
CUST02791,Amit,Mehta,Female,48,Bengaluru,117504,2020-09-11
CUST02792,Nisha,Kadam,Male,51,Ahmedabad,135594,2020-08-18
CUST02793,Isha,More,Female,58,Jaipur,84042,2022-11-18
CUST02794,Rahul,Kadam,Female,46,Jaipur,148295,2025-04-25
CUST02795,Pooja,Jadhav,Female,31,Delhi,174174,2024-03-04
CUST02796,Kunal,Patil,Male,53,Hyderabad,134430,2023-03-03
CUST02797,Meera,Gaikwad,Male,53,Chennai,145782,2023-02-13
CUST02798,Riya,Jadhav,Male,70,Chennai,183029,2022-05-16
CUST02799,Sneha,Kulkarni,Male,32,Surat,163944,2025-03-29
CUST02800,Rohan,Deshmukh,Female,25,Ahmedabad,70094,2025-07-05
CUST02801,Isha,More,Male,43,Chennai,67719,2021-06-16
CUST02802,Priya,Patil,Female,53,Chennai,224957,2018-09-07
CUST02803,Sneha,Patil,Male,65,Bengaluru,141103,2022-05-26
CUST02804,Simran,Joshi,Male,38,Kolkata,148826,2020-01-10
CUST02805,Pooja,Kulkarni,Female,45,Ahmedabad,170765,2018-11-02
CUST02806,Simran,Singh,Male,21,Delhi,70478,2022-12-12
CUST02807,Riya,Patil,Male,33,Kolkata,249235,2023-04-21
CUST02808,Pooja,Singh,Female,39,Delhi,63677,2022-12-31
CUST02809,Sneha,Gupta,Male,29,Ahmedabad,211084,2025-07-28
CUST02810,Aarav,Gupta,Female,33,Mumbai,161832,2018-07-02
CUST02811,Aarav,Pawar,Female,68,Mumbai,31584,2025-05-16
CUST02812,Rahul,Kulkarni,Male,57,Chennai,22106,2018-01-30
CUST02813,Kunal,Deshmukh,Female,55,Surat,164741,2021-11-12
CUST02814,Nisha,Deshmukh,Male,59,Jaipur,45223,2020-02-06
CUST02815,Arjun,Kadam,Male,54,Bengaluru,211738,2019-09-07
CUST02816,Aarav,Deshmukh,Male,46,Chennai,55706,2020-10-01
CUST02817,Meera,Pawar,Male,35,Hyderabad,219091,2023-10-23
CUST02818,Aditi,More,Female,27,Mumbai,212657,2018-01-24
CUST02819,Arjun,Sharma,Male,59,Chennai,178554,2024-10-11
CUST02820,Sneha,Shah,Male,56,Jaipur,80369,2020-11-21
CUST02821,Aditi,Sharma,Male,35,Delhi,185215,2025-12-20
CUST02822,Priya,Singh,Female,18,Delhi,175312,2024-07-14
CUST02823,Meera,Verma,Male,56,Pune,30015,2023-05-25
CUST02824,Aditya,Mehta,Male,38,Bengaluru,102164,2023-06-28
CUST02825,Vivaan,Joshi,Female,18,Surat,214095,2022-03-19
CUST02826,Rahul,Patil,Male,32,Delhi,71500,2025-01-03
CUST02827,Aarav,Deshmukh,Male,21,Pune,83925,2019-11-03
CUST02828,Ananya,Gupta,Male,37,Mumbai,110979,2019-07-25
CUST02829,Neha,Kadam,Male,27,Delhi,116355,2020-02-03
CUST02830,Aditya,Singh,Female,40,Surat,231668,2021-05-27
CUST02831,Kavya,Joshi,Male,58,Chennai,244045,2019-12-14
CUST02832,Isha,Jadhav,Male,51,Jaipur,200703,2025-03-21
CUST02833,Neha,Patil,Male,63,Hyderabad,227262,2020-02-06
CUST02834,Aditi,Singh,Female,65,Delhi,214724,2022-11-18
CUST02835,Kavya,Pawar,Female,50,Hyderabad,202159,2021-07-17
CUST02836,Kunal,Sharma,Male,51,Hyderabad,230861,2025-11-06
CUST02837,Simran,Kadam,Female,56,Hyderabad,74909,2022-08-02
CUST02838,Simran,Joshi,Female,27,Kolkata,31565,2023-10-27
CUST02839,Amit,Mehta,Female,37,Hyderabad,47597,2023-08-20
CUST02840,Meera,Gaikwad,Female,18,Kolkata,244376,2022-01-31
CUST02841,Sneha,Sharma,Male,30,Jaipur,85623,2021-09-21
CUST02842,Arjun,Mehta,Male,18,Hyderabad,160504,2019-09-28
CUST02843,Kunal,Pawar,Male,22,Pune,94300,2021-04-24
CUST02844,Priya,Patil,Male,33,Hyderabad,216786,2025-03-24
CUST02845,Meera,More,Female,32,Ahmedabad,111837,2025-07-28
CUST02846,Nisha,Gaikwad,Male,66,Bengaluru,69314,2025-02-25
CUST02847,Isha,Pawar,Male,45,Pune,61965,2022-08-19
CUST02848,Rahul,Kadam,Female,48,Surat,117449,2021-07-21
CUST02849,Sneha,Singh,Male,40,Delhi,235340,2024-09-23
CUST02850,Pooja,Jadhav,Male,65,Jaipur,87957,2018-12-24
CUST02851,Riya,Singh,Male,62,Jaipur,194787,2022-07-29
CUST02852,Ananya,More,Male,60,Ahmedabad,204522,2023-11-16
CUST02853,Neha,Pawar,Female,34,Ahmedabad,237134,2020-10-03
CUST02854,Aditya,Joshi,Male,66,Ahmedabad,212974,2018-08-29
CUST02855,Vivaan,Singh,Male,51,Ahmedabad,48317,2025-02-17
CUST02856,Meera,Jadhav,Male,30,Ahmedabad,139191,2025-07-21
CUST02857,Rahul,Pawar,Male,31,Mumbai,86753,2023-01-01
CUST02858,Amit,More,Female,28,Chennai,55242,2021-06-18
CUST02859,Arjun,Kadam,Male,45,Jaipur,152001,2018-06-05
CUST02860,Rahul,Sharma,Male,59,Ahmedabad,126262,2018-12-18
CUST02861,Kavya,Shah,Female,49,Delhi,119806,2018-02-13
CUST02862,Meera,More,Female,52,Mumbai,118724,2025-03-24
CUST02863,Kavya,More,Male,48,Pune,33580,2018-05-18
CUST02864,Arjun,Joshi,Female,34,Pune,124134,2023-05-22
CUST02865,Rohan,Kulkarni,Female,64,Kolkata,115967,2024-10-19
CUST02866,Nisha,Kulkarni,Female,26,Chennai,40742,2020-01-24
CUST02867,Aditya,Pawar,Male,27,Pune,37833,2018-05-23
CUST02868,Rahul,Kadam,Female,25,Ahmedabad,116421,2023-01-21
CUST02869,Vivaan,Singh,Male,38,Jaipur,91347,2024-04-28
CUST02870,Kavya,Kulkarni,Male,30,Kolkata,94155,2025-01-03
CUST02871,Rohan,Jadhav,Male,67,Bengaluru,109791,2025-06-13
CUST02872,Meera,Kadam,Male,22,Mumbai,241580,2018-03-03
CUST02873,Nisha,Joshi,Female,23,Bengaluru,164599,2022-05-10
CUST02874,Rohan,Gaikwad,Male,47,Bengaluru,209211,2021-12-17
CUST02875,Pooja,Jadhav,Male,48,Ahmedabad,134527,2021-11-20
CUST02876,Pooja,Kulkarni,Female,34,Bengaluru,249482,2023-07-13
CUST02877,Aarav,Patil,Male,28,Bengaluru,220657,2023-09-10
CUST02878,Kavya,Patil,Male,37,Pune,61057,2025-10-20
CUST02879,Arjun,Patil,Male,65,Surat,218511,2021-04-07
CUST02880,Simran,More,Male,26,Kolkata,64261,2024-05-02
CUST02881,Nisha,Gaikwad,Male,19,Bengaluru,221984,2024-06-13
CUST02882,Kavya,Kadam,Female,54,Chennai,151114,2024-11-11
CUST02883,Aarav,Kadam,Male,18,Delhi,42769,2018-11-30
CUST02884,Rohan,Patil,Male,21,Kolkata,218185,2025-01-06
CUST02885,Ananya,Verma,Female,53,Chennai,228990,2024-10-24
CUST02886,Rohan,Gaikwad,Female,42,Delhi,42449,2025-06-13
CUST02887,Simran,Sharma,Male,20,Bengaluru,189725,2024-09-04
CUST02888,Arjun,Jadhav,Male,26,Surat,179931,2022-12-01
CUST02889,Isha,Shah,Male,39,Hyderabad,159648,2025-02-20
CUST02890,Isha,Verma,Male,40,Jaipur,196946,2018-09-11
CUST02891,Aditi,Kulkarni,Male,29,Chennai,228271,2021-11-24
CUST02892,Kunal,Joshi,Male,27,Bengaluru,56345,2020-10-24
CUST02893,Vivaan,Mehta,Female,51,Kolkata,137926,2023-03-27
CUST02894,Rahul,Patil,Male,60,Pune,221852,2023-12-07
CUST02895,Arjun,Gupta,Female,27,Bengaluru,144576,2020-09-22
CUST02896,Priya,Singh,Male,47,Hyderabad,89428,2019-04-15
CUST02897,Aditi,Gaikwad,Female,39,Bengaluru,243720,2022-02-02
CUST02898,Aditya,More,Female,23,Bengaluru,24321,2025-10-03
CUST02899,Kavya,Kadam,Female,67,Jaipur,25776,2023-03-03
CUST02900,Priya,Gupta,Male,19,Pune,36119,2022-03-04
CUST02901,Meera,Kadam,Female,47,Chennai,181641,2020-12-29
CUST02902,Arjun,More,Male,19,Ahmedabad,150078,2019-11-25
CUST02903,Aarav,Joshi,Female,49,Ahmedabad,189668,2025-12-22
CUST02904,Meera,More,Male,59,Kolkata,72967,2025-09-24
CUST02905,Priya,Patil,Male,33,Surat,184135,2021-10-25
CUST02906,Aditi,Verma,Male,29,Bengaluru,249789,2023-08-07
CUST02907,Nisha,Sharma,Male,18,Kolkata,173412,2018-06-30
CUST02908,Kavya,More,Male,70,Surat,95723,2021-05-05
CUST02909,Sneha,Verma,Male,25,Chennai,206502,2018-02-16
CUST02910,Riya,Sharma,Female,65,Chennai,132620,2019-09-26
CUST02911,Simran,Kadam,Female,67,Pune,157740,2021-03-09
CUST02912,Priya,Pawar,Female,30,Ahmedabad,100880,2022-08-16
CUST02913,Riya,Shah,Male,32,Ahmedabad,28195,2022-04-13
CUST02914,Kunal,Verma,Female,70,Kolkata,233169,2021-12-21
CUST02915,Riya,Pawar,Female,61,Jaipur,122658,2019-08-12
CUST02916,Rahul,Jadhav,Female,25,Ahmedabad,77995,2023-02-21
CUST02917,Vivaan,Sharma,Female,27,Jaipur,150112,2024-06-15
CUST02918,Meera,Joshi,Male,63,Jaipur,238906,2024-05-10
CUST02919,Simran,Gaikwad,Female,22,Chennai,58250,2022-04-12
CUST02920,Priya,Deshmukh,Male,67,Pune,167148,2020-04-19
CUST02921,Vivaan,More,Male,36,Kolkata,35376,2021-11-14
CUST02922,Sneha,Gupta,Male,64,Delhi,206911,2024-11-11
CUST02923,Vivaan,Deshmukh,Female,55,Kolkata,84723,2020-01-03
CUST02924,Nisha,Verma,Female,28,Jaipur,63442,2024-08-05
CUST02925,Neha,Shah,Female,70,Surat,25392,2020-10-14
CUST02926,Meera,Kulkarni,Female,60,Surat,178178,2025-06-02
CUST02927,Aditi,Pawar,Male,37,Pune,230917,2025-07-09
CUST02928,Rohan,Kulkarni,Male,37,Chennai,44809,2021-12-25
CUST02929,Nisha,Gaikwad,Male,38,Chennai,135095,2020-01-28
CUST02930,Pooja,Verma,Male,35,Jaipur,151765,2023-06-26
CUST02931,Arjun,Joshi,Male,67,Jaipur,119473,2019-09-13
CUST02932,Neha,Sharma,Male,27,Hyderabad,114769,2023-03-04
CUST02933,Sneha,Verma,Male,51,Hyderabad,210893,2018-07-01
CUST02934,Vivaan,More,Female,43,Jaipur,225231,2025-06-26
CUST02935,Kavya,Kulkarni,Male,47,Ahmedabad,94710,2025-06-21
CUST02936,Aarav,Kulkarni,Female,26,Kolkata,31352,2024-04-14
CUST02937,Arjun,Kulkarni,Female,63,Ahmedabad,203268,2025-04-21
CUST02938,Meera,Joshi,Male,68,Chennai,222138,2021-08-13
CUST02939,Aditi,More,Male,48,Delhi,156064,2022-12-05
CUST02940,Aarav,Joshi,Male,59,Kolkata,73076,2023-09-09
CUST02941,Aditi,Jadhav,Male,21,Ahmedabad,43354,2021-08-18
CUST02942,Meera,Kadam,Female,23,Ahmedabad,154384,2022-02-08
CUST02943,Aditya,Kadam,Male,31,Mumbai,65833,2025-12-30
CUST02944,Pooja,Shah,Male,21,Kolkata,24318,2020-08-05
CUST02945,Nisha,Kulkarni,Male,43,Delhi,132363,2021-10-07
CUST02946,Pooja,Deshmukh,Female,64,Pune,119992,2020-09-11
CUST02947,Priya,Patil,Female,65,Pune,86003,2024-06-22
CUST02948,Aditi,Jadhav,Female,56,Ahmedabad,178264,2025-08-16
CUST02949,Amit,Pawar,Male,34,Jaipur,127841,2021-11-21
CUST02950,Kunal,Singh,Female,36,Delhi,120726,2024-01-25
CUST02951,Aarav,Mehta,Female,68,Delhi,109199,2025-08-22
CUST02952,Nisha,Gaikwad,Female,66,Chennai,247854,2018-05-06
CUST02953,Neha,Mehta,Female,23,Surat,139195,2025-03-05
CUST02954,Nisha,Gupta,Male,46,Mumbai,188561,2018-04-30
CUST02955,Neha,Jadhav,Female,28,Chennai,127507,2021-12-22
CUST02956,Aditi,Verma,Female,33,Delhi,191381,2020-10-05
CUST02957,Sneha,Kadam,Male,47,Bengaluru,128173,2021-04-28
CUST02958,Vivaan,Joshi,Male,42,Jaipur,48273,2021-12-22
CUST02959,Isha,Deshmukh,Female,57,Delhi,198625,2025-02-20
CUST02960,Arjun,Sharma,Male,28,Mumbai,49473,2019-11-28
CUST02961,Meera,Gupta,Male,24,Delhi,81410,2024-03-20
CUST02962,Simran,Sharma,Female,43,Kolkata,148536,2022-02-24
CUST02963,Riya,Sharma,Female,39,Kolkata,164751,2020-10-31
CUST02964,Rohan,Singh,Male,42,Hyderabad,112981,2025-10-11
CUST02965,Sneha,Pawar,Female,36,Mumbai,65310,2022-03-16
CUST02966,Simran,Gupta,Male,48,Ahmedabad,103406,2020-03-24
CUST02967,Meera,Gaikwad,Male,43,Surat,211755,2018-11-06
CUST02968,Rahul,Kadam,Male,59,Ahmedabad,132765,2020-10-08
CUST02969,Nisha,Kulkarni,Female,58,Surat,45992,2025-08-28
CUST02970,Arjun,Deshmukh,Male,53,Surat,49433,2020-11-23
CUST02971,Vivaan,Gaikwad,Female,40,Surat,227646,2020-10-15
CUST02972,Riya,More,Female,64,Pune,45933,2024-12-03
CUST02973,Rahul,Kadam,Male,30,Surat,196092,2025-03-06
CUST02974,Arjun,Mehta,Female,42,Delhi,180308,2020-04-04
CUST02975,Rahul,Joshi,Male,19,Bengaluru,209807,2023-08-07
CUST02976,Riya,Shah,Female,19,Mumbai,160842,2021-01-21
CUST02977,Pooja,Gupta,Male,33,Bengaluru,89285,2019-09-20
CUST02978,Kavya,Gupta,Female,26,Hyderabad,130121,2021-03-02
CUST02979,Neha,Verma,Male,45,Delhi,142747,2025-12-01
CUST02980,Sneha,Verma,Male,30,Surat,186343,2020-09-15
CUST02981,Kavya,Sharma,Female,52,Pune,224463,2024-10-02
CUST02982,Isha,Jadhav,Male,58,Chennai,131682,2022-01-31
CUST02983,Aarav,More,Male,30,Ahmedabad,43439,2023-01-03
CUST02984,Aditi,Patil,Female,48,Kolkata,115826,2023-09-09
CUST02985,Arjun,Singh,Female,38,Mumbai,162173,2023-06-16
CUST02986,Sneha,Verma,Female,49,Bengaluru,112776,2024-06-03
CUST02987,Riya,Jadhav,Male,51,Delhi,233391,2020-12-20
CUST02988,Isha,Singh,Female,25,Chennai,139070,2024-11-10
CUST02989,Neha,Deshmukh,Male,58,Jaipur,195989,2024-06-09
CUST02990,Arjun,Mehta,Female,65,Jaipur,112345,2018-12-06
CUST02991,Amit,Mehta,Female,19,Kolkata,132923,2024-10-31
CUST02992,Simran,Pawar,Male,55,Jaipur,103459,2023-02-03
CUST02993,Aarav,Gupta,Male,49,Ahmedabad,231634,2021-08-18
CUST02994,Isha,Kadam,Male,57,Hyderabad,192268,2025-01-31
CUST02995,Meera,Mehta,Male,45,Jaipur,174641,2024-12-07
CUST02996,Neha,Deshmukh,Male,54,Kolkata,139598,2018-03-18
CUST02997,Neha,Verma,Male,58,Hyderabad,192959,2022-07-15
CUST02998,Rohan,Sharma,Female,18,Ahmedabad,171965,2025-01-06
CUST02999,Pooja,Gaikwad,Male,58,Kolkata,107971,2022-04-22
CUST03000,Kavya,Kulkarni,Female,27,Jaipur,206376,2025-05-30
CUST03001,Isha,Gaikwad,Male,21,Surat,143299,2018-04-02
CUST03002,Amit,Verma,Female,52,Mumbai,183471,2023-02-18
CUST03003,Kavya,Kulkarni,Female,27,Jaipur,45236,2019-04-11
CUST03004,Sneha,Singh,Male,64,Kolkata,243807,2024-11-18
CUST03005,Isha,Gaikwad,Male,28,Mumbai,236942,2025-06-30
CUST03006,Amit,Kadam,Female,31,Mumbai,134679,2021-09-14
CUST03007,Neha,Gaikwad,Male,55,Hyderabad,249825,2021-08-01
CUST03008,Aditya,Mehta,Female,29,Ahmedabad,200603,2020-08-04
CUST03009,Isha,Kadam,Male,62,Jaipur,100570,2019-07-08
CUST03010,Riya,Kulkarni,Female,34,Chennai,116621,2023-08-03
CUST03011,Ananya,Jadhav,Male,33,Surat,29442,2023-11-27
CUST03012,Rahul,Deshmukh,Female,52,Ahmedabad,76437,2018-04-02
CUST03013,Pooja,Mehta,Female,19,Chennai,211414,2020-09-29
CUST03014,Priya,Gupta,Female,28,Chennai,98179,2019-01-03
CUST03015,Amit,Joshi,Male,58,Bengaluru,186141,2020-03-30
CUST03016,Simran,Kadam,Female,20,Hyderabad,224318,2019-02-27
CUST03017,Kavya,Gaikwad,Male,46,Pune,189632,2019-07-26
CUST03018,Kunal,Shah,Female,35,Delhi,209142,2025-12-19
CUST03019,Simran,Jadhav,Male,37,Delhi,193499,2021-06-17
CUST03020,Pooja,Kadam,Female,64,Hyderabad,145608,2019-03-11
CUST03021,Ananya,Pawar,Male,31,Hyderabad,211568,2024-03-09
CUST03022,Aditi,Gaikwad,Female,51,Chennai,84557,2021-11-24
CUST03023,Nisha,Joshi,Female,66,Hyderabad,92752,2022-06-22
CUST03024,Rahul,More,Female,48,Chennai,228320,2025-01-17
CUST03025,Rohan,Kadam,Male,57,Ahmedabad,221513,2022-10-20
CUST03026,Aditi,Mehta,Male,59,Pune,68534,2019-04-13
CUST03027,Isha,Patil,Female,35,Bengaluru,124303,2021-04-08
CUST03028,Neha,Jadhav,Male,47,Chennai,179002,2023-01-17
CUST03029,Arjun,Gupta,Male,42,Hyderabad,247800,2020-03-02
CUST03030,Amit,Kadam,Female,36,Mumbai,143295,2024-03-07
CUST03031,Ananya,Gaikwad,Female,25,Jaipur,240114,2024-04-22
CUST03032,Aditi,More,Male,45,Delhi,135287,2022-09-03
CUST03033,Vivaan,Kulkarni,Female,25,Pune,27288,2018-03-14
CUST03034,Arjun,Verma,Female,48,Jaipur,129570,2018-05-27
CUST03035,Amit,Pawar,Male,20,Kolkata,115547,2018-11-13
CUST03036,Aarav,More,Female,20,Hyderabad,101122,2019-08-29
CUST03037,Meera,Verma,Male,61,Chennai,212590,2019-07-29
CUST03038,Aditi,Pawar,Male,39,Bengaluru,52400,2021-03-23
CUST03039,Kunal,Verma,Male,34,Mumbai,142609,2025-02-07
CUST03040,Rahul,More,Male,53,Bengaluru,152639,2025-11-22
CUST03041,Isha,Verma,Female,34,Jaipur,67878,2018-11-08
CUST03042,Nisha,Kulkarni,Male,31,Mumbai,68850,2025-10-26
CUST03043,Aditya,Gupta,Male,68,Surat,152166,2020-02-04
CUST03044,Vivaan,Gaikwad,Male,26,Delhi,162207,2023-12-22
CUST03045,Kavya,Shah,Female,47,Hyderabad,99044,2019-03-12
CUST03046,Isha,More,Female,38,Kolkata,65113,2018-12-24
CUST03047,Kavya,Patil,Male,29,Jaipur,78791,2024-04-18
CUST03048,Ananya,Kulkarni,Male,54,Chennai,29684,2018-05-15
CUST03049,Simran,Kulkarni,Female,49,Delhi,112783,2019-06-07
CUST03050,Aditya,Gaikwad,Male,28,Kolkata,91727,2020-03-14
CUST03051,Rahul,Mehta,Male,37,Bengaluru,103378,2025-05-31
CUST03052,Aditya,Deshmukh,Male,52,Delhi,78552,2024-06-24
CUST03053,Meera,Shah,Female,70,Kolkata,159118,2018-03-21
CUST03054,Rahul,Kadam,Male,64,Kolkata,24934,2022-01-16
CUST03055,Aditya,Kadam,Male,63,Bengaluru,210628,2024-09-27
CUST03056,Rohan,Singh,Male,28,Kolkata,197878,2023-08-03
CUST03057,Isha,Deshmukh,Female,69,Pune,21354,2019-01-03
CUST03058,Vivaan,Shah,Male,25,Mumbai,124777,2020-10-03
CUST03059,Nisha,Verma,Female,21,Pune,115352,2020-09-19
CUST03060,Rohan,Kulkarni,Male,44,Bengaluru,73046,2019-08-19
CUST03061,Rahul,Joshi,Male,61,Ahmedabad,131098,2023-03-12
CUST03062,Isha,Shah,Female,57,Delhi,85064,2025-07-11
CUST03063,Simran,Patil,Male,55,Surat,77184,2020-11-10
CUST03064,Ananya,Jadhav,Female,64,Chennai,154035,2025-02-09
CUST03065,Aarav,Shah,Female,47,Chennai,47424,2024-04-12
CUST03066,Priya,Mehta,Female,61,Jaipur,231111,2024-05-19
CUST03067,Sneha,Gupta,Male,65,Jaipur,154114,2025-04-15
CUST03068,Aditi,Jadhav,Female,65,Bengaluru,246849,2025-10-24
CUST03069,Neha,Gaikwad,Male,44,Jaipur,27139,2024-03-29
CUST03070,Aarav,Mehta,Female,38,Chennai,31226,2024-06-21
CUST03071,Nisha,Patil,Female,69,Pune,125234,2025-11-25
CUST03072,Neha,Kadam,Female,37,Surat,231370,2022-12-29
CUST03073,Vivaan,More,Male,21,Chennai,103652,2023-07-05
CUST03074,Aarav,Verma,Male,28,Pune,189180,2023-06-23
CUST03075,Aarav,Verma,Male,30,Ahmedabad,90647,2019-02-15
CUST03076,Aarav,Shah,Female,26,Bengaluru,88617,2024-04-11
CUST03077,Neha,More,Male,21,Hyderabad,180887,2019-01-22
CUST03078,Amit,Gupta,Male,29,Ahmedabad,158874,2025-06-29
CUST03079,Arjun,Jadhav,Female,26,Ahmedabad,193302,2022-10-15
CUST03080,Aditi,Kulkarni,Female,30,Chennai,214444,2024-08-02
CUST03081,Arjun,Kadam,Male,65,Bengaluru,205092,2020-10-18
CUST03082,Meera,Patil,Female,43,Mumbai,234521,2025-04-15
CUST03083,Aarav,Kulkarni,Male,55,Kolkata,168537,2025-10-16
CUST03084,Rohan,Pawar,Male,59,Ahmedabad,159066,2023-09-01
CUST03085,Isha,Deshmukh,Male,30,Jaipur,23531,2018-01-19
CUST03086,Isha,Singh,Male,56,Pune,160415,2018-10-03
CUST03087,Priya,Jadhav,Male,45,Mumbai,210138,2019-10-21
CUST03088,Amit,Kadam,Female,36,Bengaluru,157301,2019-07-06
CUST03089,Neha,Gaikwad,Male,41,Hyderabad,114311,2019-11-10
CUST03090,Riya,More,Male,36,Surat,243374,2019-08-26
CUST03091,Sneha,More,Female,66,Mumbai,102124,2018-12-31
CUST03092,Aditya,Kulkarni,Male,30,Hyderabad,239776,2023-05-28
CUST03093,Arjun,Pawar,Male,30,Chennai,195861,2020-03-05
CUST03094,Pooja,Sharma,Female,45,Delhi,64069,2021-09-20
CUST03095,Priya,Sharma,Female,70,Kolkata,238474,2025-05-23
CUST03096,Isha,Kadam,Female,19,Chennai,160596,2022-11-10
CUST03097,Rohan,Verma,Female,27,Bengaluru,141907,2019-08-13
CUST03098,Kunal,Patil,Female,39,Delhi,108074,2018-07-18
CUST03099,Riya,Patil,Male,30,Hyderabad,128345,2023-08-27
CUST03100,Priya,Patil,Female,26,Delhi,237834,2018-08-06
CUST03101,Rahul,Joshi,Male,50,Surat,214175,2020-01-11
CUST03102,Rahul,Sharma,Female,31,Jaipur,159175,2019-10-12
CUST03103,Rahul,Kulkarni,Male,65,Jaipur,209653,2024-01-04
CUST03104,Sneha,Shah,Female,37,Chennai,235010,2019-11-01
CUST03105,Sneha,Jadhav,Male,32,Chennai,74203,2021-12-08
CUST03106,Meera,Mehta,Female,49,Bengaluru,166162,2019-10-27
CUST03107,Sneha,More,Male,50,Bengaluru,35915,2020-05-05
CUST03108,Isha,More,Female,34,Pune,61477,2024-07-05
CUST03109,Rohan,Jadhav,Female,41,Surat,208059,2020-06-13
CUST03110,Aditi,Mehta,Male,47,Bengaluru,204310,2023-03-09
CUST03111,Kunal,More,Female,30,Ahmedabad,238119,2021-04-01
CUST03112,Vivaan,Gupta,Female,64,Surat,136740,2023-01-17
CUST03113,Rahul,Gupta,Female,65,Pune,142217,2023-11-19
CUST03114,Simran,Verma,Male,33,Jaipur,166101,2018-11-23
CUST03115,Priya,Mehta,Male,19,Mumbai,247439,2024-07-02
CUST03116,Isha,Pawar,Male,34,Pune,109067,2023-08-20
CUST03117,Nisha,Verma,Male,49,Pune,73520,2024-07-28
CUST03118,Aarav,Sharma,Female,60,Chennai,90053,2018-07-02
CUST03119,Vivaan,Sharma,Male,25,Kolkata,71464,2019-03-31
CUST03120,Arjun,Joshi,Female,69,Delhi,173033,2022-07-28
CUST03121,Pooja,Pawar,Male,20,Jaipur,177907,2018-01-06
CUST03122,Kavya,Kadam,Male,29,Hyderabad,178797,2021-09-18
CUST03123,Rahul,Sharma,Female,37,Hyderabad,45357,2018-07-30
CUST03124,Priya,Verma,Female,33,Bengaluru,152316,2018-02-20
CUST03125,Simran,Singh,Male,31,Jaipur,87952,2022-01-08
CUST03126,Ananya,Jadhav,Male,33,Ahmedabad,68061,2020-10-06
CUST03127,Rahul,Jadhav,Male,70,Bengaluru,26490,2019-01-12
CUST03128,Meera,Jadhav,Male,66,Bengaluru,97219,2025-05-11
CUST03129,Arjun,Jadhav,Male,60,Pune,146305,2025-09-18
CUST03130,Amit,Patil,Male,66,Jaipur,25839,2020-12-10
CUST03131,Priya,Mehta,Male,68,Delhi,44992,2018-06-03
CUST03132,Arjun,Mehta,Female,50,Bengaluru,133154,2019-08-05
CUST03133,Aditi,Verma,Male,47,Kolkata,196010,2020-02-27
CUST03134,Rahul,Verma,Male,29,Surat,76249,2020-03-01
CUST03135,Rahul,Verma,Male,32,Ahmedabad,195807,2023-12-22
CUST03136,Ananya,Joshi,Female,35,Ahmedabad,123313,2024-03-17
CUST03137,Riya,Shah,Female,45,Bengaluru,70734,2018-06-12
CUST03138,Rahul,Patil,Male,40,Kolkata,198152,2020-08-28
CUST03139,Kunal,Deshmukh,Female,31,Surat,225532,2019-10-10
CUST03140,Amit,Verma,Male,47,Mumbai,145626,2025-03-01
CUST03141,Kunal,Kadam,Male,50,Chennai,232529,2022-03-06
CUST03142,Pooja,Jadhav,Male,62,Chennai,44260,2020-08-03
CUST03143,Rahul,Deshmukh,Male,32,Chennai,210679,2019-11-20
CUST03144,Nisha,Pawar,Female,24,Pune,81852,2023-12-03
CUST03145,Sneha,Jadhav,Female,32,Ahmedabad,48380,2022-03-03
CUST03146,Vivaan,Pawar,Male,69,Hyderabad,235419,2022-02-04
CUST03147,Kavya,Deshmukh,Female,59,Hyderabad,91257,2023-08-10
CUST03148,Isha,Shah,Female,63,Pune,192263,2021-03-18
CUST03149,Simran,Jadhav,Male,55,Bengaluru,24930,2018-05-03
CUST03150,Rohan,Verma,Male,63,Jaipur,155425,2020-03-14
CUST03151,Aditya,Sharma,Male,61,Jaipur,158904,2025-11-26
CUST03152,Simran,Verma,Male,28,Chennai,200626,2020-12-28
CUST03153,Pooja,Shah,Male,46,Jaipur,239559,2025-11-13
CUST03154,Rohan,Joshi,Male,48,Bengaluru,74017,2018-03-04
CUST03155,Kunal,Joshi,Male,42,Mumbai,208370,2020-01-03
CUST03156,Rohan,More,Female,69,Pune,202461,2025-03-22
CUST03157,Kavya,Pawar,Female,41,Mumbai,224378,2022-07-16
CUST03158,Rohan,Kulkarni,Female,36,Ahmedabad,176597,2020-08-05
CUST03159,Simran,Sharma,Male,19,Jaipur,233164,2024-03-14
CUST03160,Aditya,Gaikwad,Female,39,Surat,100630,2019-04-24
CUST03161,Neha,Jadhav,Female,37,Chennai,224543,2021-02-11
CUST03162,Rohan,Kulkarni,Female,50,Pune,219283,2023-06-20
CUST03163,Amit,Pawar,Male,25,Chennai,51280,2021-11-04
CUST03164,Ananya,Shah,Female,42,Jaipur,144130,2020-09-03
CUST03165,Sneha,Patil,Male,63,Delhi,162312,2018-08-25
CUST03166,Kavya,Deshmukh,Male,26,Jaipur,216164,2024-11-28
CUST03167,Rahul,More,Male,51,Pune,220613,2023-05-09
CUST03168,Meera,Patil,Female,40,Hyderabad,213923,2019-08-21
CUST03169,Arjun,Verma,Male,22,Pune,26544,2022-08-30
CUST03170,Rahul,Sharma,Female,42,Kolkata,209053,2023-12-17
CUST03171,Amit,Patil,Female,25,Surat,168404,2025-01-01
CUST03172,Aditya,Verma,Male,33,Jaipur,177908,2018-06-14
CUST03173,Arjun,Kulkarni,Female,65,Kolkata,34388,2024-05-13
CUST03174,Meera,Gaikwad,Male,62,Hyderabad,21694,2024-04-23
CUST03175,Vivaan,Verma,Female,69,Bengaluru,147727,2019-07-24
CUST03176,Rahul,Singh,Male,32,Bengaluru,237749,2018-05-21
CUST03177,Amit,Pawar,Male,18,Surat,108202,2019-11-17
CUST03178,Simran,Kadam,Female,39,Ahmedabad,133057,2019-11-18
CUST03179,Kunal,More,Female,20,Surat,69294,2025-07-26
CUST03180,Sneha,Shah,Female,55,Surat,58769,2023-08-01
CUST03181,Priya,Verma,Female,31,Surat,190492,2020-12-10
CUST03182,Ananya,Patil,Female,53,Surat,133289,2022-03-07
CUST03183,Aarav,Singh,Female,35,Surat,122885,2021-07-06
CUST03184,Meera,Pawar,Female,64,Mumbai,57855,2024-02-04
CUST03185,Kunal,Joshi,Female,58,Hyderabad,152532,2020-07-10
CUST03186,Riya,Verma,Male,35,Pune,67646,2025-02-03
CUST03187,Neha,Kulkarni,Female,20,Jaipur,192324,2021-09-03
CUST03188,Rohan,Singh,Male,27,Kolkata,160907,2022-08-17
CUST03189,Priya,Gaikwad,Female,66,Surat,133947,2018-12-30
CUST03190,Rahul,Kadam,Female,56,Ahmedabad,30910,2020-12-14
CUST03191,Amit,Verma,Female,64,Chennai,102757,2020-12-03
CUST03192,Amit,Shah,Female,18,Jaipur,242221,2025-03-25
CUST03193,Sneha,Pawar,Female,44,Chennai,247961,2023-07-24
CUST03194,Meera,Pawar,Male,44,Kolkata,28463,2025-02-02
CUST03195,Rohan,Kadam,Female,28,Kolkata,164408,2024-06-27
CUST03196,Kavya,Singh,Male,66,Jaipur,46534,2025-05-19
CUST03197,Amit,Jadhav,Male,22,Ahmedabad,153441,2023-08-24
CUST03198,Meera,Kulkarni,Male,24,Mumbai,176453,2021-10-12
CUST03199,Vivaan,Gupta,Male,36,Bengaluru,132296,2022-02-15
CUST03200,Kunal,More,Male,46,Kolkata,105094,2019-09-10
CUST03201,Neha,Kulkarni,Female,32,Ahmedabad,107905,2018-12-25
CUST03202,Ananya,Jadhav,Male,52,Kolkata,247562,2021-09-03
CUST03203,Rohan,Deshmukh,Male,64,Delhi,45407,2023-06-06
CUST03204,Aditi,Shah,Male,54,Bengaluru,82552,2022-06-03
CUST03205,Pooja,Shah,Male,29,Kolkata,187011,2018-07-13
CUST03206,Kavya,Shah,Female,47,Ahmedabad,112303,2018-12-29
CUST03207,Kunal,Kulkarni,Male,37,Kolkata,218648,2021-01-24
CUST03208,Simran,Kadam,Male,54,Chennai,239724,2020-11-29
CUST03209,Pooja,Gaikwad,Male,20,Jaipur,177242,2025-09-16
CUST03210,Arjun,Kulkarni,Male,26,Jaipur,91908,2024-09-10
CUST03211,Aditi,Patil,Male,58,Kolkata,144506,2018-04-17
CUST03212,Priya,Gaikwad,Male,56,Ahmedabad,42369,2019-06-11
CUST03213,Aditi,Singh,Female,43,Chennai,224170,2023-05-07
CUST03214,Kavya,More,Female,19,Mumbai,195616,2020-02-23
CUST03215,Simran,Gupta,Male,40,Mumbai,25900,2025-01-16
CUST03216,Kunal,Kadam,Female,40,Chennai,60733,2022-11-18
CUST03217,Ananya,Mehta,Male,38,Pune,107236,2022-10-16
CUST03218,Rahul,Shah,Male,33,Ahmedabad,151661,2020-12-02
CUST03219,Kavya,Deshmukh,Female,26,Mumbai,80044,2025-04-27
CUST03220,Kunal,Verma,Male,30,Pune,216383,2023-02-09
CUST03221,Kavya,Joshi,Female,45,Ahmedabad,208998,2024-07-25
CUST03222,Arjun,Verma,Male,44,Chennai,221671,2022-01-04
CUST03223,Rohan,Mehta,Male,68,Surat,105553,2020-10-02
CUST03224,Kunal,Gaikwad,Male,69,Pune,234982,2025-02-02
CUST03225,Sneha,Jadhav,Female,34,Pune,108435,2022-06-23
CUST03226,Pooja,Singh,Female,55,Kolkata,69008,2018-04-04
CUST03227,Simran,Mehta,Female,53,Hyderabad,86794,2023-08-06
CUST03228,Sneha,Gaikwad,Male,18,Hyderabad,99134,2018-03-30
CUST03229,Pooja,Joshi,Male,35,Ahmedabad,153938,2023-05-08
CUST03230,Sneha,Shah,Male,68,Kolkata,72890,2024-12-25
CUST03231,Rohan,Kulkarni,Male,26,Jaipur,135259,2025-09-15
CUST03232,Priya,Shah,Female,30,Bengaluru,192576,2023-08-04
CUST03233,Rahul,Patil,Male,57,Surat,246740,2024-03-11
CUST03234,Amit,Jadhav,Female,62,Bengaluru,204446,2021-12-16
CUST03235,Ananya,Shah,Female,32,Pune,49404,2019-06-10
CUST03236,Sneha,Mehta,Male,60,Delhi,85223,2024-02-18
CUST03237,Priya,Joshi,Female,61,Mumbai,20637,2023-01-05
CUST03238,Ananya,Joshi,Male,63,Mumbai,241224,2025-07-04
CUST03239,Aditya,Patil,Male,21,Kolkata,123186,2025-05-13
CUST03240,Kunal,Shah,Male,50,Hyderabad,35828,2019-07-09
CUST03241,Simran,More,Female,41,Delhi,204616,2024-08-31
CUST03242,Amit,Gupta,Male,53,Kolkata,242804,2019-11-12
CUST03243,Neha,Gaikwad,Male,68,Pune,121976,2025-09-24
CUST03244,Kavya,Kulkarni,Male,58,Delhi,65097,2022-02-06
CUST03245,Meera,Gaikwad,Male,27,Mumbai,133271,2022-06-20
CUST03246,Pooja,Kadam,Female,53,Ahmedabad,52022,2018-07-22
CUST03247,Nisha,Singh,Female,37,Pune,52202,2019-03-23
CUST03248,Nisha,Shah,Male,58,Kolkata,48704,2021-01-20
CUST03249,Rahul,Shah,Male,62,Jaipur,111411,2020-02-17
CUST03250,Isha,Mehta,Female,61,Chennai,149688,2024-02-04
CUST03251,Ananya,Jadhav,Male,28,Pune,43641,2022-08-14
CUST03252,Aditya,Deshmukh,Female,29,Pune,57479,2020-04-08
CUST03253,Simran,Gupta,Male,35,Jaipur,229843,2019-07-13
CUST03254,Neha,Mehta,Male,47,Surat,42027,2023-07-16
CUST03255,Aditya,Kadam,Male,61,Ahmedabad,249535,2018-04-13
CUST03256,Vivaan,Joshi,Male,65,Jaipur,62912,2021-07-20
CUST03257,Arjun,Deshmukh,Female,54,Bengaluru,128227,2022-04-07
CUST03258,Nisha,Verma,Male,37,Bengaluru,243630,2018-04-26
CUST03259,Aditi,Pawar,Female,42,Pune,222546,2020-05-08
CUST03260,Isha,Gaikwad,Female,29,Surat,148773,2024-11-16
CUST03261,Kunal,Joshi,Male,38,Mumbai,129658,2018-04-14
CUST03262,Vivaan,Singh,Female,42,Surat,62692,2024-04-25
CUST03263,Riya,Patil,Male,28,Bengaluru,118884,2021-08-24
CUST03264,Priya,Kulkarni,Male,26,Surat,52209,2020-07-17
CUST03265,Rahul,Pawar,Female,67,Surat,208635,2025-10-28
CUST03266,Ananya,Sharma,Male,42,Ahmedabad,76738,2025-05-13
CUST03267,Sneha,Jadhav,Female,52,Pune,57242,2020-03-17
CUST03268,Kavya,Shah,Male,69,Ahmedabad,161013,2019-07-14
CUST03269,Rahul,Pawar,Female,49,Mumbai,158145,2023-09-06
CUST03270,Meera,Kadam,Female,66,Mumbai,127966,2024-12-30
CUST03271,Isha,Kulkarni,Female,31,Bengaluru,188899,2019-06-11
CUST03272,Sneha,Joshi,Female,18,Kolkata,197297,2025-09-23
CUST03273,Aditi,Kulkarni,Female,34,Jaipur,188168,2020-08-10
CUST03274,Rahul,Joshi,Female,42,Hyderabad,201618,2018-10-25
CUST03275,Meera,Patil,Female,25,Pune,86457,2020-02-16
CUST03276,Sneha,Singh,Male,22,Kolkata,149257,2018-12-27
CUST03277,Arjun,Verma,Male,22,Pune,88309,2019-05-19
CUST03278,Arjun,Kulkarni,Male,58,Jaipur,221070,2023-05-31
CUST03279,Aditi,More,Female,52,Jaipur,106496,2025-03-20
CUST03280,Amit,Gupta,Male,36,Delhi,181340,2023-09-09
CUST03281,Meera,Singh,Male,40,Ahmedabad,236426,2022-01-02
CUST03282,Simran,Kadam,Male,26,Bengaluru,130078,2023-12-14
CUST03283,Nisha,Singh,Female,47,Delhi,193150,2019-08-19
CUST03284,Amit,Verma,Female,67,Mumbai,21865,2022-05-09
CUST03285,Riya,Sharma,Male,33,Hyderabad,116242,2021-10-21
CUST03286,Priya,Patil,Male,50,Bengaluru,48887,2023-02-19
CUST03287,Pooja,Verma,Female,19,Mumbai,200948,2018-09-20
CUST03288,Vivaan,Singh,Male,31,Surat,116047,2025-12-29
CUST03289,Aditi,Deshmukh,Male,63,Ahmedabad,184551,2023-02-07
CUST03290,Ananya,Shah,Female,18,Ahmedabad,148863,2018-01-02
CUST03291,Rahul,Sharma,Female,43,Ahmedabad,60478,2023-04-18
CUST03292,Rohan,Shah,Male,42,Delhi,177473,2019-01-29
CUST03293,Aditya,Singh,Female,33,Chennai,179574,2018-11-02
CUST03294,Aarav,Gupta,Female,32,Kolkata,131750,2021-03-15
CUST03295,Aditya,Gupta,Male,43,Jaipur,33394,2019-06-14
CUST03296,Aditya,Patil,Female,64,Hyderabad,249766,2019-06-12
CUST03297,Arjun,Mehta,Female,61,Jaipur,160334,2020-08-22
CUST03298,Amit,Kulkarni,Female,33,Chennai,24487,2019-11-02
CUST03299,Meera,Deshmukh,Female,31,Surat,178413,2024-07-27
CUST03300,Ananya,Sharma,Male,46,Surat,128924,2025-10-28
CUST03301,Nisha,Deshmukh,Male,41,Surat,164642,2024-03-06
CUST03302,Neha,Gupta,Male,64,Bengaluru,77268,2020-08-15
CUST03303,Arjun,Pawar,Male,32,Mumbai,49605,2024-03-02
CUST03304,Ananya,Verma,Male,36,Mumbai,91602,2025-04-26
CUST03305,Rohan,Gupta,Female,25,Surat,177795,2022-09-10
CUST03306,Riya,Mehta,Female,51,Hyderabad,220180,2019-12-22
CUST03307,Nisha,Patil,Female,19,Delhi,98206,2019-09-28
CUST03308,Meera,Joshi,Female,44,Hyderabad,211170,2020-11-04
CUST03309,Aditya,Deshmukh,Female,27,Hyderabad,113375,2025-12-15
CUST03310,Simran,Sharma,Male,52,Mumbai,199779,2024-11-28
CUST03311,Aarav,Gaikwad,Male,40,Ahmedabad,200100,2024-06-03
CUST03312,Vivaan,More,Male,66,Hyderabad,113937,2019-07-11
CUST03313,Riya,Verma,Female,25,Hyderabad,76921,2021-01-22
CUST03314,Sneha,Gaikwad,Male,45,Jaipur,80760,2023-11-25
CUST03315,Kunal,Pawar,Female,40,Ahmedabad,161321,2018-05-08
CUST03316,Neha,Verma,Male,21,Mumbai,87847,2023-06-17
CUST03317,Meera,Verma,Female,31,Delhi,117547,2024-11-11
CUST03318,Amit,Sharma,Female,70,Kolkata,63839,2018-02-07
CUST03319,Kavya,Kadam,Female,59,Mumbai,59673,2022-06-21
CUST03320,Amit,Verma,Female,46,Mumbai,23642,2018-07-17
CUST03321,Aditi,Gupta,Female,18,Hyderabad,157410,2024-08-01
CUST03322,Neha,Jadhav,Female,21,Jaipur,71761,2023-08-17
CUST03323,Simran,Singh,Female,49,Chennai,29622,2019-06-03
CUST03324,Ananya,Pawar,Female,50,Surat,68423,2024-02-20
CUST03325,Arjun,Joshi,Female,66,Pune,62873,2024-06-21
CUST03326,Riya,Verma,Male,43,Jaipur,67565,2020-10-21
CUST03327,Vivaan,Mehta,Male,34,Chennai,158878,2020-12-21
CUST03328,Vivaan,Kulkarni,Female,56,Hyderabad,20757,2024-07-18
CUST03329,Simran,Jadhav,Male,40,Hyderabad,243318,2025-04-02
CUST03330,Sneha,Deshmukh,Male,49,Delhi,172542,2020-11-07
CUST03331,Aarav,Patil,Female,69,Chennai,26220,2019-09-12
CUST03332,Priya,Sharma,Female,32,Bengaluru,128408,2021-10-26
CUST03333,Meera,Sharma,Female,30,Surat,111851,2025-11-09
CUST03334,Meera,Gupta,Male,19,Pune,205826,2022-05-14
CUST03335,Vivaan,Kadam,Male,36,Delhi,113329,2022-09-19
CUST03336,Isha,Gupta,Male,41,Jaipur,147636,2018-08-23
CUST03337,Arjun,Mehta,Male,62,Jaipur,230924,2019-03-23
CUST03338,Nisha,Shah,Male,41,Chennai,173577,2019-09-02
CUST03339,Sneha,Kulkarni,Male,28,Surat,48288,2018-01-08
CUST03340,Vivaan,Patil,Female,39,Surat,94492,2019-04-07
CUST03341,Vivaan,Joshi,Female,32,Jaipur,39109,2020-09-26
CUST03342,Nisha,Mehta,Male,27,Bengaluru,154569,2021-08-27
CUST03343,Simran,Shah,Male,58,Hyderabad,77326,2018-05-14
CUST03344,Sneha,Mehta,Male,44,Surat,29864,2024-08-29
CUST03345,Kunal,Pawar,Male,26,Chennai,248118,2018-02-25
CUST03346,Vivaan,More,Female,69,Jaipur,244589,2020-09-19
CUST03347,Vivaan,More,Male,45,Hyderabad,107562,2021-10-15
CUST03348,Rahul,Gaikwad,Male,18,Ahmedabad,94310,2023-06-18
CUST03349,Neha,Gupta,Male,34,Mumbai,139454,2021-01-16
CUST03350,Kavya,Singh,Male,48,Hyderabad,41017,2023-12-26
CUST03351,Isha,Shah,Female,61,Surat,152893,2022-03-04
CUST03352,Aditi,Shah,Female,27,Mumbai,70337,2025-01-26
CUST03353,Vivaan,More,Female,54,Surat,196557,2018-05-24
CUST03354,Kunal,More,Male,46,Chennai,103557,2025-12-26
CUST03355,Arjun,Shah,Female,35,Kolkata,207460,2025-05-27
CUST03356,Aditi,Mehta,Female,64,Hyderabad,30372,2023-10-05
CUST03357,Sneha,Deshmukh,Female,55,Mumbai,120050,2019-09-12
CUST03358,Aditi,Gaikwad,Male,56,Chennai,113938,2023-03-02
CUST03359,Riya,Gupta,Male,66,Surat,91333,2020-10-26
CUST03360,Vivaan,Gupta,Female,23,Hyderabad,36283,2025-02-02
CUST03361,Kavya,Mehta,Female,57,Chennai,60857,2024-10-30
CUST03362,Ananya,Kulkarni,Male,29,Surat,71772,2023-07-14
CUST03363,Kunal,Verma,Male,70,Kolkata,210742,2021-11-09
CUST03364,Neha,Patil,Male,31,Kolkata,224205,2025-12-31
CUST03365,Aditya,Gupta,Female,61,Pune,115856,2019-10-01
CUST03366,Pooja,Sharma,Male,27,Delhi,182333,2022-07-15
CUST03367,Vivaan,Sharma,Female,37,Chennai,208226,2025-04-12
CUST03368,Pooja,Joshi,Male,32,Delhi,26107,2020-04-16
CUST03369,Kunal,Patil,Female,48,Pune,242368,2022-05-05
CUST03370,Meera,Gaikwad,Female,24,Bengaluru,55561,2020-02-19
CUST03371,Sneha,Singh,Male,58,Hyderabad,227746,2020-04-16
CUST03372,Ananya,Singh,Female,27,Surat,186340,2025-01-01
CUST03373,Aditya,Jadhav,Male,27,Jaipur,182680,2025-10-30
CUST03374,Amit,Kulkarni,Female,65,Delhi,33138,2025-02-24
CUST03375,Isha,Verma,Female,56,Delhi,188765,2018-09-22
CUST03376,Meera,Shah,Male,45,Chennai,234072,2021-05-01
CUST03377,Sneha,Mehta,Female,47,Hyderabad,144143,2021-10-29
CUST03378,Aditi,Kulkarni,Female,54,Chennai,172320,2023-08-20
CUST03379,Ananya,Pawar,Male,20,Kolkata,38632,2018-10-29
CUST03380,Amit,Joshi,Female,67,Delhi,67547,2023-06-01
CUST03381,Neha,Gupta,Female,60,Hyderabad,32100,2020-03-15
CUST03382,Riya,Singh,Female,32,Ahmedabad,67930,2020-12-11
CUST03383,Nisha,Patil,Male,38,Bengaluru,217933,2022-11-11
CUST03384,Pooja,Sharma,Male,69,Surat,227977,2018-04-09
CUST03385,Ananya,Deshmukh,Male,54,Pune,73025,2025-03-25
CUST03386,Aarav,Kulkarni,Female,29,Bengaluru,226948,2021-11-14
CUST03387,Rohan,Kadam,Male,21,Pune,98944,2023-06-01
CUST03388,Vivaan,Mehta,Female,64,Delhi,201912,2018-12-23
CUST03389,Pooja,Gaikwad,Male,26,Bengaluru,170441,2022-07-22
CUST03390,Pooja,More,Female,56,Bengaluru,169532,2018-01-11
CUST03391,Riya,More,Male,59,Surat,111641,2018-03-22
CUST03392,Sneha,Singh,Male,45,Jaipur,116920,2023-08-16
CUST03393,Riya,Patil,Male,40,Surat,152533,2024-08-17
CUST03394,Aarav,Mehta,Male,62,Chennai,62362,2024-12-03
CUST03395,Kunal,Jadhav,Female,57,Jaipur,249448,2018-08-10
CUST03396,Isha,Verma,Female,61,Bengaluru,48610,2023-04-25
CUST03397,Kavya,Joshi,Female,39,Jaipur,124334,2023-05-01
CUST03398,Arjun,Kulkarni,Female,41,Jaipur,172067,2019-05-30
CUST03399,Nisha,Sharma,Female,68,Chennai,235788,2018-08-09
CUST03400,Isha,Patil,Female,43,Hyderabad,27717,2024-07-24
CUST03401,Sneha,Jadhav,Female,47,Delhi,229939,2018-08-16
CUST03402,Meera,Deshmukh,Female,50,Hyderabad,230544,2024-05-26
CUST03403,Aditya,Kulkarni,Male,33,Delhi,84022,2018-10-20
CUST03404,Arjun,Patil,Female,39,Hyderabad,204740,2025-10-28
CUST03405,Nisha,Deshmukh,Male,66,Hyderabad,71645,2020-08-13
CUST03406,Isha,Mehta,Female,67,Pune,49550,2022-02-06
CUST03407,Meera,Joshi,Female,60,Jaipur,237223,2021-07-04
CUST03408,Kunal,Kulkarni,Male,35,Kolkata,154648,2023-06-02
CUST03409,Priya,Patil,Male,24,Chennai,60868,2022-03-10
CUST03410,Neha,Singh,Female,67,Hyderabad,118039,2019-01-23
CUST03411,Sneha,Joshi,Female,43,Bengaluru,197452,2025-04-16
CUST03412,Kunal,More,Male,25,Ahmedabad,156800,2024-08-10
CUST03413,Simran,Gupta,Female,23,Pune,52800,2025-05-29
CUST03414,Sneha,Mehta,Female,47,Ahmedabad,30886,2024-05-26
CUST03415,Pooja,Joshi,Male,56,Mumbai,230686,2018-07-08
CUST03416,Isha,Shah,Female,40,Surat,220981,2020-07-06
CUST03417,Rahul,Kadam,Female,49,Mumbai,198308,2021-04-16
CUST03418,Sneha,Gaikwad,Male,39,Delhi,65805,2020-07-12
CUST03419,Kavya,Sharma,Female,59,Hyderabad,52532,2024-08-19
CUST03420,Riya,Pawar,Female,60,Chennai,132765,2022-06-10
CUST03421,Amit,Singh,Male,62,Bengaluru,48688,2020-01-30
CUST03422,Neha,More,Male,26,Kolkata,162135,2022-01-17
CUST03423,Vivaan,Pawar,Male,48,Kolkata,43089,2024-03-14
CUST03424,Nisha,Kulkarni,Female,24,Pune,207014,2020-12-01
CUST03425,Nisha,Joshi,Female,26,Pune,202901,2018-07-13
CUST03426,Kavya,Joshi,Female,30,Pune,201625,2021-09-12
CUST03427,Ananya,More,Female,20,Pune,53585,2021-10-28
CUST03428,Vivaan,More,Female,52,Jaipur,222811,2022-01-28
CUST03429,Isha,Verma,Male,50,Hyderabad,210076,2018-06-12
CUST03430,Arjun,Gaikwad,Male,38,Ahmedabad,22438,2018-10-03
CUST03431,Amit,More,Male,48,Hyderabad,113095,2018-12-30
CUST03432,Vivaan,More,Male,69,Hyderabad,174284,2022-07-24
CUST03433,Isha,Gupta,Female,51,Mumbai,201434,2025-09-23
CUST03434,Amit,Pawar,Female,49,Chennai,223249,2024-12-02
CUST03435,Sneha,Gaikwad,Male,52,Bengaluru,168055,2025-06-29
CUST03436,Kunal,Patil,Female,32,Delhi,34026,2023-06-26
CUST03437,Sneha,Joshi,Female,49,Chennai,140168,2019-04-05
CUST03438,Amit,Joshi,Male,23,Pune,70998,2025-01-30
CUST03439,Riya,More,Male,62,Ahmedabad,206816,2023-11-03
CUST03440,Simran,Shah,Male,38,Mumbai,77013,2022-09-28
CUST03441,Pooja,Shah,Male,50,Jaipur,71039,2021-09-01
CUST03442,Ananya,Gaikwad,Female,49,Ahmedabad,200903,2024-04-09
CUST03443,Nisha,Verma,Male,69,Mumbai,236244,2021-09-27
CUST03444,Simran,More,Male,36,Surat,185675,2019-10-19
CUST03445,Kavya,Mehta,Male,50,Jaipur,228830,2021-01-11
CUST03446,Priya,Mehta,Female,45,Pune,218785,2021-10-15
CUST03447,Arjun,Verma,Male,48,Delhi,126446,2023-11-06
CUST03448,Arjun,Gaikwad,Male,38,Pune,118452,2020-01-12
CUST03449,Ananya,Pawar,Male,51,Ahmedabad,164177,2023-06-19
CUST03450,Kunal,Joshi,Male,32,Pune,87182,2024-11-23
CUST03451,Sneha,Verma,Male,31,Surat,72147,2022-03-02
CUST03452,Kavya,Kadam,Female,36,Pune,95400,2024-09-29
CUST03453,Priya,Jadhav,Male,60,Mumbai,66434,2022-06-12
CUST03454,Sneha,Kadam,Male,32,Kolkata,46515,2019-11-13
CUST03455,Aditya,Verma,Female,23,Pune,240370,2021-01-17
CUST03456,Vivaan,Pawar,Male,69,Surat,78001,2022-09-21
CUST03457,Sneha,Kulkarni,Male,26,Hyderabad,209469,2020-06-17
CUST03458,Pooja,Singh,Male,54,Hyderabad,212487,2019-08-24
CUST03459,Rohan,More,Female,37,Delhi,168032,2023-02-11
CUST03460,Arjun,Jadhav,Male,51,Delhi,129591,2021-04-14
CUST03461,Isha,Kadam,Female,55,Delhi,244215,2025-09-24
CUST03462,Ananya,Kulkarni,Female,43,Chennai,232910,2019-04-28
CUST03463,Vivaan,Kulkarni,Male,35,Bengaluru,65778,2023-07-04
CUST03464,Aditya,Pawar,Female,45,Delhi,182013,2021-02-16
CUST03465,Rahul,Mehta,Male,68,Pune,247929,2018-06-18
CUST03466,Amit,Gupta,Male,26,Delhi,115849,2023-07-15
CUST03467,Ananya,Gupta,Female,49,Bengaluru,123083,2024-01-04
CUST03468,Neha,Deshmukh,Female,70,Chennai,192027,2019-03-15
CUST03469,Ananya,Singh,Female,23,Bengaluru,229637,2018-06-09
CUST03470,Riya,Deshmukh,Male,31,Ahmedabad,121276,2020-03-24
CUST03471,Pooja,Mehta,Male,45,Delhi,76908,2024-09-15
CUST03472,Arjun,Verma,Female,41,Delhi,215139,2019-08-09
CUST03473,Isha,Kulkarni,Male,30,Delhi,206768,2020-05-13
CUST03474,Neha,Jadhav,Male,60,Ahmedabad,169501,2020-11-07
CUST03475,Vivaan,Singh,Male,29,Bengaluru,114048,2018-05-20
CUST03476,Kunal,Pawar,Male,68,Mumbai,227748,2021-02-12
CUST03477,Riya,Kadam,Female,36,Pune,165919,2018-11-24
CUST03478,Pooja,Mehta,Male,38,Surat,198263,2018-08-13
CUST03479,Aarav,Gupta,Female,44,Pune,54256,2019-07-12
CUST03480,Rahul,Gaikwad,Male,36,Delhi,147025,2024-10-22
CUST03481,Ananya,Verma,Female,41,Chennai,179846,2022-04-23
CUST03482,Ananya,Gaikwad,Male,43,Ahmedabad,147343,2022-10-08
CUST03483,Pooja,More,Male,62,Mumbai,29127,2019-01-21
CUST03484,Vivaan,Kadam,Male,45,Jaipur,138251,2019-06-05
CUST03485,Riya,Jadhav,Male,63,Mumbai,179277,2021-06-30
CUST03486,Kavya,Deshmukh,Male,35,Surat,101163,2025-04-21
CUST03487,Rahul,Joshi,Female,61,Pune,209836,2021-01-26
CUST03488,Isha,Gaikwad,Female,53,Delhi,138279,2025-10-05
CUST03489,Riya,More,Male,59,Kolkata,121824,2025-02-11
CUST03490,Rahul,Sharma,Male,46,Jaipur,58664,2023-01-08
CUST03491,Sneha,Patil,Male,34,Delhi,76795,2019-03-23
CUST03492,Neha,Sharma,Female,21,Ahmedabad,141729,2021-05-27
CUST03493,Kavya,Jadhav,Female,61,Jaipur,183405,2018-04-17
CUST03494,Riya,Jadhav,Female,62,Surat,56079,2022-02-08
CUST03495,Meera,More,Male,46,Kolkata,104225,2022-01-17
CUST03496,Simran,Pawar,Male,21,Bengaluru,44259,2020-06-22
CUST03497,Meera,Kulkarni,Male,27,Bengaluru,46571,2022-06-20
CUST03498,Aditya,Joshi,Female,42,Bengaluru,71119,2025-02-04
CUST03499,Simran,Sharma,Female,48,Chennai,28009,2021-02-23
CUST03500,Pooja,Gupta,Female,20,Bengaluru,130210,2021-03-16
CUST03501,Sneha,Gupta,Female,64,Hyderabad,81829,2024-05-16
CUST03502,Pooja,Joshi,Male,19,Jaipur,58230,2018-01-24
CUST03503,Kavya,Deshmukh,Female,42,Kolkata,131364,2020-08-09
CUST03504,Riya,Verma,Male,66,Ahmedabad,76049,2022-10-11
CUST03505,Isha,Patil,Female,23,Hyderabad,121762,2023-08-02
CUST03506,Kunal,Patil,Male,43,Hyderabad,143273,2018-04-30
CUST03507,Riya,Gaikwad,Male,25,Kolkata,139466,2022-08-03
CUST03508,Aditya,Jadhav,Female,52,Ahmedabad,187570,2021-08-13
CUST03509,Nisha,Kadam,Female,44,Jaipur,139053,2020-05-04
CUST03510,Kavya,Deshmukh,Female,42,Pune,179892,2020-10-12
CUST03511,Isha,Kulkarni,Male,35,Delhi,191387,2019-03-24
CUST03512,Kavya,Shah,Female,18,Pune,115018,2023-04-20
CUST03513,Simran,Mehta,Male,65,Surat,52795,2022-10-10
CUST03514,Aditi,Jadhav,Female,56,Kolkata,133812,2020-09-22
CUST03515,Ananya,Verma,Male,20,Pune,105411,2023-04-27
CUST03516,Pooja,Gupta,Female,21,Pune,59191,2021-12-17
CUST03517,Ananya,Jadhav,Female,58,Pune,205525,2020-12-20
CUST03518,Arjun,Verma,Female,54,Bengaluru,32453,2022-09-21
CUST03519,Isha,Joshi,Male,68,Mumbai,140848,2023-11-02
CUST03520,Rahul,Patil,Male,32,Pune,201397,2024-03-22
CUST03521,Arjun,Shah,Female,25,Delhi,200562,2018-07-05
CUST03522,Aarav,Sharma,Male,55,Kolkata,225868,2024-08-19
CUST03523,Isha,Gaikwad,Female,67,Surat,134165,2018-03-13
CUST03524,Amit,More,Male,36,Mumbai,69993,2018-03-15
CUST03525,Priya,Gaikwad,Male,64,Chennai,130780,2023-04-05
CUST03526,Vivaan,Deshmukh,Female,43,Delhi,65706,2021-09-26
CUST03527,Priya,Jadhav,Female,56,Delhi,193889,2024-01-10
CUST03528,Aditya,Kulkarni,Female,27,Bengaluru,215616,2023-11-14
CUST03529,Kunal,Kulkarni,Female,55,Bengaluru,111434,2024-10-28
CUST03530,Priya,Verma,Male,31,Kolkata,206782,2022-01-21
CUST03531,Kunal,Gaikwad,Female,66,Delhi,70799,2025-11-15
CUST03532,Isha,Gaikwad,Male,58,Ahmedabad,139586,2024-08-21
CUST03533,Nisha,Gupta,Female,36,Ahmedabad,80964,2020-02-04
CUST03534,Sneha,Shah,Female,47,Kolkata,204750,2021-01-01
CUST03535,Sneha,Kadam,Male,22,Pune,222222,2018-07-31
CUST03536,Arjun,Gupta,Female,48,Hyderabad,117379,2019-12-25
CUST03537,Aditya,Pawar,Female,24,Chennai,211510,2025-09-23
CUST03538,Isha,Jadhav,Male,36,Surat,129987,2024-07-06
CUST03539,Isha,Sharma,Female,48,Bengaluru,228295,2022-11-01
CUST03540,Kavya,Gaikwad,Male,69,Surat,81926,2020-01-21
CUST03541,Rahul,Deshmukh,Male,56,Hyderabad,23801,2022-02-26
CUST03542,Aditi,Verma,Male,41,Jaipur,192120,2022-01-08
CUST03543,Meera,Pawar,Male,51,Kolkata,60144,2025-11-11
CUST03544,Sneha,Shah,Female,40,Pune,114478,2019-01-29
CUST03545,Amit,Singh,Female,65,Mumbai,161220,2019-05-27
CUST03546,Pooja,Kulkarni,Female,62,Pune,132364,2019-11-17
CUST03547,Kunal,Shah,Female,57,Delhi,102819,2025-04-22
CUST03548,Neha,Verma,Male,23,Pune,170933,2022-10-05
CUST03549,Arjun,Pawar,Male,55,Delhi,212789,2022-09-17
CUST03550,Kavya,Deshmukh,Male,58,Surat,173552,2023-01-01
CUST03551,Rohan,Pawar,Male,53,Jaipur,38637,2025-04-05
CUST03552,Rahul,Verma,Female,44,Bengaluru,64621,2021-07-06
CUST03553,Aarav,Jadhav,Male,28,Jaipur,211376,2023-02-01
CUST03554,Isha,Kulkarni,Male,22,Delhi,67431,2025-07-28
CUST03555,Sneha,Deshmukh,Male,34,Mumbai,119937,2024-07-24
CUST03556,Nisha,Shah,Female,69,Hyderabad,239993,2025-01-06
CUST03557,Rohan,Shah,Female,24,Surat,76172,2024-09-12
CUST03558,Meera,Kadam,Female,44,Surat,45437,2024-03-11
CUST03559,Kavya,Shah,Female,64,Pune,159221,2025-02-22
CUST03560,Kunal,Jadhav,Female,32,Bengaluru,165743,2021-08-05
CUST03561,Riya,Sharma,Female,63,Pune,43119,2023-02-08
CUST03562,Rahul,Mehta,Male,30,Pune,197189,2024-04-24
CUST03563,Isha,Pawar,Female,28,Delhi,167351,2021-11-12
CUST03564,Amit,Gaikwad,Female,62,Hyderabad,88835,2022-12-13
CUST03565,Arjun,Verma,Female,43,Bengaluru,155875,2025-07-04
CUST03566,Aarav,Kadam,Female,39,Pune,233969,2022-04-18
CUST03567,Arjun,Jadhav,Male,45,Surat,80805,2020-11-29
CUST03568,Isha,Gaikwad,Female,41,Pune,38201,2020-09-24
CUST03569,Kavya,Shah,Female,46,Chennai,48634,2025-11-07
CUST03570,Amit,Deshmukh,Male,26,Kolkata,165832,2024-03-07
CUST03571,Priya,Verma,Female,59,Surat,161898,2024-05-08
CUST03572,Priya,Patil,Male,21,Chennai,106821,2019-08-22
CUST03573,Arjun,Sharma,Female,66,Kolkata,65775,2020-12-19
CUST03574,Neha,Sharma,Female,63,Mumbai,146546,2024-04-21
CUST03575,Rohan,Kadam,Male,35,Chennai,134090,2025-08-16
CUST03576,Pooja,Verma,Female,60,Delhi,94676,2019-12-23
CUST03577,Aarav,Kadam,Male,33,Mumbai,26798,2025-01-26
CUST03578,Kunal,Pawar,Female,50,Ahmedabad,217175,2021-02-28
CUST03579,Kavya,Deshmukh,Male,46,Bengaluru,97160,2022-09-05
CUST03580,Rahul,Shah,Female,56,Surat,97751,2018-01-17
CUST03581,Amit,Kulkarni,Male,27,Ahmedabad,224574,2025-11-13
CUST03582,Aditya,Pawar,Female,26,Surat,202482,2020-09-18
CUST03583,Vivaan,Sharma,Male,48,Bengaluru,60888,2020-05-27
CUST03584,Vivaan,Joshi,Female,45,Bengaluru,69047,2024-02-11
CUST03585,Aditi,Pawar,Female,20,Surat,246361,2021-12-17
CUST03586,Priya,Kulkarni,Female,31,Bengaluru,129640,2022-01-05
CUST03587,Aditi,Patil,Female,42,Chennai,122614,2022-08-06
CUST03588,Sneha,Deshmukh,Female,32,Jaipur,65955,2022-03-24
CUST03589,Nisha,Pawar,Male,19,Hyderabad,153054,2018-03-21
CUST03590,Rohan,Mehta,Male,41,Surat,184936,2025-10-27
CUST03591,Aditi,Jadhav,Male,31,Ahmedabad,141298,2024-06-07
CUST03592,Rohan,Deshmukh,Female,65,Ahmedabad,230190,2021-06-25
CUST03593,Priya,Singh,Female,24,Bengaluru,105490,2022-04-14
CUST03594,Sneha,Jadhav,Male,53,Surat,59265,2021-07-19
CUST03595,Sneha,Patil,Female,67,Jaipur,66313,2023-12-21
CUST03596,Aditya,Verma,Female,41,Jaipur,64350,2020-10-25
CUST03597,Neha,Sharma,Female,44,Hyderabad,166450,2025-09-04
CUST03598,Ananya,Sharma,Male,54,Chennai,129168,2022-04-15
CUST03599,Isha,Verma,Male,55,Hyderabad,220887,2025-04-30
CUST03600,Riya,Singh,Female,47,Delhi,47924,2022-09-10
CUST03601,Priya,Joshi,Female,44,Ahmedabad,102593,2020-10-06
CUST03602,Riya,Sharma,Male,56,Jaipur,137490,2020-02-12
CUST03603,Rahul,Deshmukh,Female,32,Bengaluru,27312,2023-12-29
CUST03604,Sneha,Pawar,Female,43,Jaipur,50353,2019-04-28
CUST03605,Aarav,Kadam,Female,18,Jaipur,133744,2024-07-20
CUST03606,Meera,Mehta,Female,21,Kolkata,237522,2022-05-05
CUST03607,Arjun,Sharma,Male,46,Ahmedabad,36192,2022-05-01
CUST03608,Amit,Kadam,Male,18,Delhi,168522,2024-11-26
CUST03609,Rohan,Patil,Female,60,Hyderabad,156504,2021-01-10
CUST03610,Meera,Gaikwad,Male,67,Delhi,208297,2021-01-12
CUST03611,Rohan,Verma,Male,63,Kolkata,116548,2018-06-24
CUST03612,Amit,Deshmukh,Male,39,Chennai,118991,2023-01-26
CUST03613,Aditi,Jadhav,Male,28,Delhi,98711,2020-04-21
CUST03614,Aditya,More,Male,27,Jaipur,216676,2023-02-16
CUST03615,Pooja,Joshi,Male,34,Mumbai,161367,2025-12-23
CUST03616,Vivaan,Sharma,Male,53,Surat,26774,2024-11-21
CUST03617,Aditya,Verma,Male,64,Delhi,135107,2023-03-02
CUST03618,Pooja,Mehta,Female,43,Surat,163262,2025-05-15
CUST03619,Sneha,Gaikwad,Female,65,Kolkata,182358,2025-06-21
CUST03620,Riya,Verma,Female,38,Delhi,227397,2020-08-12
CUST03621,Nisha,Pawar,Male,30,Delhi,245522,2022-05-15
CUST03622,Rahul,Joshi,Male,26,Pune,248552,2025-12-06
CUST03623,Priya,Sharma,Female,28,Jaipur,92427,2024-04-07
CUST03624,Isha,Mehta,Female,28,Bengaluru,107513,2025-07-12
CUST03625,Simran,Mehta,Male,23,Surat,84014,2018-12-06
CUST03626,Aditya,More,Male,18,Chennai,246959,2025-10-11
CUST03627,Amit,Kulkarni,Female,23,Pune,226924,2020-01-14
CUST03628,Sneha,More,Male,30,Jaipur,75256,2022-02-03
CUST03629,Rahul,Patil,Male,39,Kolkata,118743,2024-11-15
CUST03630,Arjun,Gaikwad,Female,48,Surat,209702,2025-10-19
CUST03631,Aditya,Kulkarni,Male,39,Hyderabad,111190,2023-01-23
CUST03632,Pooja,Jadhav,Male,54,Kolkata,213843,2018-01-15
CUST03633,Sneha,Mehta,Male,64,Bengaluru,71715,2023-06-12
CUST03634,Amit,Gaikwad,Female,44,Surat,27466,2018-07-27
CUST03635,Kunal,Pawar,Male,67,Kolkata,37637,2020-12-19
CUST03636,Priya,Kulkarni,Male,69,Pune,150424,2024-08-09
CUST03637,Aarav,Kadam,Male,31,Kolkata,88745,2025-04-09
CUST03638,Aditi,Kulkarni,Female,64,Bengaluru,56317,2024-01-17
CUST03639,Aarav,Patil,Male,22,Bengaluru,200838,2019-02-01
CUST03640,Riya,Joshi,Female,53,Mumbai,154150,2023-05-12
CUST03641,Vivaan,Singh,Male,49,Delhi,178371,2020-03-04
CUST03642,Neha,Jadhav,Female,51,Hyderabad,23543,2024-12-22
CUST03643,Pooja,Jadhav,Female,24,Hyderabad,142790,2018-07-28
CUST03644,Isha,Kadam,Male,59,Pune,245699,2021-03-02
CUST03645,Rahul,Singh,Male,65,Bengaluru,71052,2019-03-09
CUST03646,Aditya,Gupta,Male,27,Mumbai,245555,2025-04-10
CUST03647,Simran,Sharma,Male,67,Jaipur,42064,2022-10-21
CUST03648,Aarav,Sharma,Female,34,Mumbai,92287,2024-09-02
CUST03649,Isha,Joshi,Male,47,Chennai,100442,2019-08-06
CUST03650,Rohan,Joshi,Male,38,Kolkata,140550,2019-03-08
CUST03651,Simran,Verma,Male,30,Delhi,234704,2021-07-21
CUST03652,Arjun,Singh,Female,18,Mumbai,34425,2018-12-17
CUST03653,Rohan,Shah,Male,18,Kolkata,71481,2018-05-14
CUST03654,Aarav,Kulkarni,Male,64,Delhi,97347,2019-10-01
CUST03655,Sneha,Gaikwad,Male,50,Surat,234186,2021-05-13
CUST03656,Arjun,More,Female,55,Chennai,92317,2018-04-27
CUST03657,Sneha,Gaikwad,Female,42,Chennai,237898,2021-07-14
CUST03658,Sneha,Kulkarni,Male,43,Bengaluru,70530,2022-12-23
CUST03659,Pooja,Deshmukh,Male,30,Chennai,101099,2024-01-06
CUST03660,Simran,Deshmukh,Male,45,Surat,45888,2022-08-31
CUST03661,Aditya,Kulkarni,Male,50,Bengaluru,178563,2023-01-22
CUST03662,Rohan,Mehta,Female,54,Ahmedabad,183424,2024-02-05
CUST03663,Aditi,Kulkarni,Female,58,Jaipur,172748,2024-01-05
CUST03664,Meera,Jadhav,Male,47,Pune,85836,2019-04-10
CUST03665,Isha,Shah,Female,66,Kolkata,188535,2020-09-02
CUST03666,Pooja,Gaikwad,Male,65,Jaipur,130478,2025-03-01
CUST03667,Sneha,Pawar,Female,25,Jaipur,68990,2023-07-19
CUST03668,Meera,Patil,Female,66,Hyderabad,106544,2020-10-25
CUST03669,Isha,Pawar,Male,64,Mumbai,83627,2019-06-10
CUST03670,Arjun,Jadhav,Female,18,Chennai,171293,2024-05-16
CUST03671,Ananya,Joshi,Male,29,Ahmedabad,245942,2024-12-21
CUST03672,Vivaan,Shah,Male,22,Mumbai,148345,2020-04-15
CUST03673,Kavya,More,Male,41,Pune,236909,2024-10-19
CUST03674,Riya,More,Male,23,Mumbai,92843,2025-11-03
CUST03675,Kavya,Patil,Female,42,Hyderabad,202385,2021-05-24
CUST03676,Amit,More,Female,18,Pune,49251,2025-06-27
CUST03677,Ananya,Jadhav,Female,42,Surat,197658,2025-11-15
CUST03678,Neha,Joshi,Female,18,Surat,94418,2022-03-19
CUST03679,Arjun,Kulkarni,Female,49,Bengaluru,204956,2023-03-26
CUST03680,Kavya,Kadam,Male,59,Mumbai,72620,2025-04-13
CUST03681,Kavya,Mehta,Male,59,Kolkata,30040,2025-03-27
CUST03682,Amit,Deshmukh,Male,20,Ahmedabad,222749,2021-07-27
CUST03683,Pooja,Pawar,Female,66,Hyderabad,196950,2018-05-12
CUST03684,Rahul,Gupta,Female,36,Pune,157041,2019-01-28
CUST03685,Aarav,Gupta,Male,60,Ahmedabad,33162,2019-04-26
CUST03686,Rahul,Kulkarni,Female,46,Mumbai,85435,2025-04-29
CUST03687,Isha,Gaikwad,Female,67,Kolkata,138504,2023-07-28
CUST03688,Ananya,Gaikwad,Female,19,Mumbai,94667,2024-10-02
CUST03689,Vivaan,Gupta,Male,26,Chennai,148658,2021-05-10
CUST03690,Nisha,More,Male,34,Chennai,25037,2025-05-23
CUST03691,Meera,Verma,Male,63,Hyderabad,80526,2025-05-29
CUST03692,Isha,Gaikwad,Male,53,Pune,107914,2019-04-07
CUST03693,Pooja,Jadhav,Male,34,Pune,165765,2022-12-07
CUST03694,Vivaan,Shah,Female,66,Jaipur,112162,2018-06-01
CUST03695,Riya,Patil,Male,29,Hyderabad,79090,2024-03-19
CUST03696,Kunal,Kulkarni,Female,37,Hyderabad,153523,2018-03-20
CUST03697,Simran,Verma,Male,67,Kolkata,85560,2021-05-08
CUST03698,Meera,Shah,Female,20,Chennai,157034,2022-11-21
CUST03699,Aditi,Kadam,Male,60,Pune,248023,2023-11-17
CUST03700,Isha,Sharma,Female,67,Mumbai,109552,2023-07-18
CUST03701,Aditya,Joshi,Female,21,Hyderabad,36444,2024-03-10
CUST03702,Simran,Patil,Male,34,Bengaluru,60443,2025-07-12
CUST03703,Aditya,Gaikwad,Male,67,Delhi,167578,2023-01-11
CUST03704,Pooja,Shah,Female,54,Pune,189456,2021-10-29
CUST03705,Nisha,Gupta,Male,63,Surat,117229,2020-12-11
CUST03706,Aarav,Shah,Male,59,Pune,132314,2022-07-06
CUST03707,Amit,Sharma,Male,32,Bengaluru,44248,2023-12-23
CUST03708,Rahul,Pawar,Male,50,Pune,197234,2019-02-15
CUST03709,Vivaan,Kulkarni,Female,33,Bengaluru,193762,2023-07-02
CUST03710,Simran,Gaikwad,Male,28,Delhi,147521,2022-02-02
CUST03711,Priya,Jadhav,Female,37,Jaipur,220697,2021-02-09
CUST03712,Arjun,Singh,Female,55,Kolkata,88008,2022-03-29
CUST03713,Sneha,Gaikwad,Female,41,Delhi,80309,2020-02-24
CUST03714,Ananya,Kulkarni,Female,33,Ahmedabad,63237,2020-12-03
CUST03715,Neha,Deshmukh,Female,47,Jaipur,146967,2021-11-21
CUST03716,Neha,More,Male,51,Kolkata,186804,2023-07-03
CUST03717,Nisha,Mehta,Female,18,Chennai,28104,2022-05-28
CUST03718,Arjun,Pawar,Female,41,Bengaluru,103230,2024-04-27
CUST03719,Sneha,Pawar,Female,41,Hyderabad,110266,2020-01-13
CUST03720,Kunal,Kulkarni,Female,26,Ahmedabad,54980,2025-02-05
CUST03721,Riya,Jadhav,Male,39,Delhi,94990,2024-09-01
CUST03722,Pooja,Singh,Male,29,Pune,190632,2023-08-26
CUST03723,Vivaan,Gaikwad,Female,34,Delhi,29554,2023-07-14
CUST03724,Riya,Sharma,Male,42,Kolkata,111049,2019-10-24
CUST03725,Isha,Jadhav,Female,45,Ahmedabad,197059,2023-01-02
CUST03726,Rahul,Kadam,Male,32,Mumbai,182057,2023-11-20
CUST03727,Priya,Jadhav,Male,47,Kolkata,241370,2020-08-08
CUST03728,Simran,Deshmukh,Male,68,Jaipur,68167,2018-01-25
CUST03729,Aditi,Mehta,Male,44,Delhi,191500,2022-06-05
CUST03730,Kavya,Singh,Male,39,Delhi,87238,2018-01-18
CUST03731,Simran,Gupta,Male,27,Ahmedabad,213795,2019-07-24
CUST03732,Aarav,Kadam,Female,48,Bengaluru,37038,2020-10-13
CUST03733,Meera,Jadhav,Female,44,Ahmedabad,173291,2021-09-17
CUST03734,Simran,Mehta,Male,29,Hyderabad,155343,2022-05-12
CUST03735,Ananya,Deshmukh,Female,63,Delhi,47397,2020-04-10
CUST03736,Rahul,Deshmukh,Female,48,Bengaluru,94491,2020-11-01
CUST03737,Arjun,Deshmukh,Female,49,Bengaluru,49602,2023-04-17
CUST03738,Sneha,Patil,Male,49,Ahmedabad,74471,2024-01-20
CUST03739,Kavya,Verma,Female,58,Chennai,213222,2021-07-30
CUST03740,Neha,Joshi,Female,62,Kolkata,195299,2022-10-19
CUST03741,Nisha,Kulkarni,Male,52,Jaipur,117081,2020-05-21
CUST03742,Aditya,Pawar,Male,70,Chennai,43116,2020-04-14
CUST03743,Meera,Singh,Female,63,Delhi,26674,2020-05-06
CUST03744,Nisha,Patil,Male,38,Delhi,168541,2020-08-27
CUST03745,Neha,Gupta,Female,27,Delhi,25446,2019-08-16
CUST03746,Pooja,Joshi,Male,33,Surat,144809,2018-09-12
CUST03747,Aarav,Kulkarni,Female,24,Pune,40760,2023-10-16
CUST03748,Arjun,Pawar,Female,21,Mumbai,21963,2025-04-15
CUST03749,Kunal,Shah,Male,44,Surat,128281,2019-08-26
CUST03750,Riya,Singh,Male,69,Mumbai,227074,2020-12-01
CUST03751,Rahul,Kadam,Female,42,Bengaluru,178334,2022-12-17
CUST03752,Ananya,Singh,Female,48,Delhi,25177,2023-01-14
CUST03753,Simran,Gaikwad,Female,28,Hyderabad,31160,2022-12-15
CUST03754,Simran,Singh,Male,65,Jaipur,122876,2024-08-28
CUST03755,Vivaan,Patil,Male,37,Ahmedabad,27543,2021-06-11
CUST03756,Aarav,Pawar,Male,53,Jaipur,127211,2020-08-23
CUST03757,Arjun,Pawar,Female,34,Hyderabad,233234,2022-10-04
CUST03758,Sneha,Singh,Male,62,Ahmedabad,59278,2019-04-30
CUST03759,Vivaan,Gupta,Male,28,Bengaluru,180679,2018-02-08
CUST03760,Aditya,Sharma,Female,47,Hyderabad,236907,2018-01-11
CUST03761,Rohan,Kadam,Female,52,Delhi,168293,2019-09-16
CUST03762,Pooja,Mehta,Male,58,Hyderabad,154395,2019-02-13
CUST03763,Meera,Shah,Male,55,Delhi,72105,2023-11-26
CUST03764,Ananya,Patil,Female,39,Hyderabad,96151,2023-07-21
CUST03765,Priya,Deshmukh,Female,70,Hyderabad,86968,2021-01-22
CUST03766,Aditya,Deshmukh,Male,60,Chennai,174310,2023-11-02
CUST03767,Aditi,Joshi,Female,65,Jaipur,83830,2023-10-07
CUST03768,Sneha,Singh,Female,68,Mumbai,93967,2025-11-25
CUST03769,Priya,Singh,Male,44,Surat,159402,2019-08-28
CUST03770,Neha,Pawar,Male,54,Chennai,195225,2020-08-26
CUST03771,Kunal,Kadam,Male,63,Mumbai,28611,2018-06-14
CUST03772,Simran,Mehta,Female,66,Chennai,33872,2019-03-13
CUST03773,Rahul,Jadhav,Male,52,Pune,69455,2025-08-06
CUST03774,Kunal,More,Female,21,Ahmedabad,54930,2022-08-07
CUST03775,Nisha,Mehta,Female,33,Delhi,92022,2022-12-15
CUST03776,Ananya,Gupta,Male,33,Surat,82714,2024-09-16
CUST03777,Priya,Shah,Female,38,Chennai,144906,2021-11-10
CUST03778,Meera,Mehta,Female,43,Chennai,239866,2023-06-01
CUST03779,Rohan,Patil,Male,53,Bengaluru,199788,2021-03-07
CUST03780,Riya,Jadhav,Male,36,Hyderabad,128722,2025-07-26
CUST03781,Simran,Sharma,Male,34,Pune,86704,2020-03-24
CUST03782,Priya,Verma,Female,62,Surat,20415,2025-08-01
CUST03783,Rahul,Pawar,Female,43,Surat,96441,2025-01-22
CUST03784,Kavya,Gaikwad,Male,39,Ahmedabad,131736,2023-01-04
CUST03785,Neha,Singh,Female,45,Surat,90779,2018-10-20
CUST03786,Rahul,Sharma,Male,18,Kolkata,233141,2022-02-07
CUST03787,Aarav,Mehta,Male,61,Surat,243628,2019-04-07
CUST03788,Vivaan,Joshi,Male,53,Chennai,108444,2025-05-13
CUST03789,Rahul,Kadam,Male,60,Kolkata,222507,2023-09-23
CUST03790,Riya,Deshmukh,Male,54,Mumbai,124448,2021-01-11
CUST03791,Meera,Deshmukh,Female,19,Hyderabad,29888,2025-05-07
CUST03792,Aarav,Gaikwad,Male,34,Kolkata,196371,2025-01-30
CUST03793,Ananya,Mehta,Female,57,Mumbai,144790,2025-12-19
CUST03794,Nisha,Kulkarni,Male,55,Pune,78765,2025-01-10
CUST03795,Aditya,Mehta,Male,38,Jaipur,213786,2021-12-05
CUST03796,Sneha,Kulkarni,Male,26,Delhi,35935,2019-12-12
CUST03797,Arjun,Singh,Female,30,Chennai,93002,2022-07-06
CUST03798,Pooja,Pawar,Male,28,Kolkata,100631,2018-03-30
CUST03799,Sneha,Deshmukh,Male,33,Jaipur,227801,2022-07-22
CUST03800,Aditya,Joshi,Female,33,Hyderabad,21320,2020-11-07
CUST03801,Kavya,Deshmukh,Male,19,Bengaluru,66032,2025-06-13
CUST03802,Kunal,Shah,Male,59,Pune,97763,2025-12-21
CUST03803,Amit,Sharma,Female,61,Delhi,168979,2023-04-18
CUST03804,Simran,Kadam,Male,25,Hyderabad,58002,2019-02-26
CUST03805,Kavya,Patil,Male,60,Pune,195910,2020-05-25
CUST03806,Nisha,Deshmukh,Male,59,Bengaluru,58912,2025-07-12
CUST03807,Kavya,Jadhav,Male,30,Mumbai,20552,2018-12-04
CUST03808,Meera,More,Male,34,Bengaluru,40140,2018-09-23
CUST03809,Vivaan,Jadhav,Male,56,Kolkata,105591,2025-10-21
CUST03810,Aditi,Singh,Male,41,Delhi,199809,2021-10-10
CUST03811,Arjun,Gupta,Male,20,Surat,53367,2024-08-04
CUST03812,Rahul,Pawar,Female,47,Ahmedabad,231706,2022-12-20
CUST03813,Amit,Sharma,Male,69,Chennai,44061,2024-03-14
CUST03814,Meera,Mehta,Male,30,Chennai,116590,2018-11-17
CUST03815,Simran,Verma,Female,36,Mumbai,231408,2020-04-29
CUST03816,Priya,Patil,Female,24,Hyderabad,62124,2019-12-20
CUST03817,Aditi,Gaikwad,Male,26,Delhi,196710,2020-09-18
CUST03818,Sneha,More,Female,36,Surat,242187,2022-12-14
CUST03819,Kavya,Shah,Male,62,Mumbai,153054,2019-12-18
CUST03820,Aditya,Verma,Male,57,Ahmedabad,136322,2020-09-11
CUST03821,Sneha,Deshmukh,Female,39,Kolkata,126134,2023-04-24
CUST03822,Kunal,Jadhav,Male,35,Kolkata,55765,2020-06-14
CUST03823,Amit,Mehta,Male,40,Surat,102606,2021-03-22
CUST03824,Simran,Joshi,Male,19,Surat,116422,2022-11-12
CUST03825,Rahul,Pawar,Male,67,Surat,129910,2024-05-23
CUST03826,Amit,Joshi,Male,67,Bengaluru,74681,2025-09-05
CUST03827,Pooja,Kadam,Female,28,Chennai,214304,2021-12-30
CUST03828,Nisha,Singh,Male,48,Jaipur,82349,2022-06-04
CUST03829,Isha,Patil,Female,50,Delhi,120063,2024-12-18
CUST03830,Nisha,Pawar,Female,31,Jaipur,83474,2021-03-18
CUST03831,Aditya,Shah,Female,33,Bengaluru,180585,2019-06-26
CUST03832,Simran,Verma,Female,28,Hyderabad,42592,2019-09-27
CUST03833,Riya,Pawar,Female,50,Kolkata,132196,2021-09-11
CUST03834,Amit,Verma,Male,24,Chennai,43618,2019-11-29
CUST03835,Arjun,Singh,Male,48,Surat,71632,2023-05-07
CUST03836,Meera,Kadam,Male,65,Ahmedabad,166481,2023-10-24
CUST03837,Kunal,Sharma,Female,63,Ahmedabad,29529,2022-05-24
CUST03838,Kavya,Gupta,Female,64,Ahmedabad,142164,2019-05-13
CUST03839,Aarav,Gaikwad,Male,31,Delhi,44154,2019-12-23
CUST03840,Kavya,More,Male,45,Surat,52882,2022-11-10
CUST03841,Vivaan,Pawar,Male,70,Chennai,64917,2021-09-25
CUST03842,Vivaan,Shah,Female,60,Kolkata,102488,2018-11-04
CUST03843,Kunal,Gaikwad,Male,33,Jaipur,35701,2025-07-14
CUST03844,Neha,Joshi,Female,36,Surat,226353,2020-06-02
CUST03845,Ananya,Kulkarni,Female,34,Surat,240943,2021-06-18
CUST03846,Rohan,Kulkarni,Male,43,Bengaluru,88225,2018-09-10
CUST03847,Riya,Singh,Male,23,Hyderabad,139278,2020-07-24
CUST03848,Nisha,Shah,Male,60,Ahmedabad,203564,2021-05-28
CUST03849,Rahul,Singh,Male,66,Mumbai,22988,2024-09-10
CUST03850,Meera,Verma,Male,26,Chennai,55919,2022-10-19
CUST03851,Kunal,Patil,Male,67,Bengaluru,199498,2022-10-04
CUST03852,Rohan,Pawar,Female,34,Hyderabad,203239,2020-11-18
CUST03853,Neha,More,Male,48,Hyderabad,29013,2019-05-09
CUST03854,Riya,Singh,Male,29,Pune,190185,2020-08-16
CUST03855,Neha,Shah,Female,40,Ahmedabad,154646,2023-07-15
CUST03856,Neha,Pawar,Female,22,Pune,249088,2022-10-14
CUST03857,Sneha,Shah,Male,60,Bengaluru,27838,2021-03-23
CUST03858,Priya,More,Female,53,Hyderabad,244971,2020-09-18
CUST03859,Simran,Gaikwad,Male,53,Mumbai,51368,2023-11-20
CUST03860,Nisha,Gupta,Female,20,Chennai,52228,2025-11-14
CUST03861,Kavya,Shah,Female,41,Pune,200783,2024-02-03
CUST03862,Arjun,Kulkarni,Female,34,Hyderabad,66097,2020-07-15
CUST03863,Nisha,Mehta,Male,56,Chennai,206845,2024-03-29
CUST03864,Aditya,More,Female,43,Ahmedabad,179711,2023-08-22
CUST03865,Kavya,Verma,Male,21,Jaipur,165895,2021-04-24
CUST03866,Isha,Kadam,Male,62,Chennai,174582,2025-09-09
CUST03867,Sneha,Kulkarni,Male,29,Hyderabad,149802,2020-07-20
CUST03868,Rohan,Pawar,Male,18,Bengaluru,58333,2024-05-02
CUST03869,Arjun,Kadam,Male,38,Pune,24435,2023-04-10
CUST03870,Vivaan,Joshi,Female,36,Pune,58418,2021-03-04
CUST03871,Priya,Gaikwad,Female,38,Kolkata,77955,2020-01-27
CUST03872,Ananya,Patil,Male,69,Hyderabad,79507,2020-11-20
CUST03873,Amit,Mehta,Male,35,Kolkata,71033,2019-04-01
CUST03874,Rahul,Deshmukh,Male,60,Mumbai,237161,2018-09-16
CUST03875,Arjun,More,Male,69,Mumbai,92972,2019-03-07
CUST03876,Rohan,Singh,Male,20,Hyderabad,122012,2024-11-21
CUST03877,Vivaan,Kulkarni,Female,66,Pune,67219,2023-05-19
CUST03878,Vivaan,Gupta,Male,61,Ahmedabad,185549,2023-05-28
CUST03879,Kavya,More,Male,49,Delhi,240852,2019-10-09
CUST03880,Pooja,More,Male,27,Mumbai,193793,2019-03-23
CUST03881,Amit,Gupta,Female,57,Pune,218300,2025-10-01
CUST03882,Rahul,Gupta,Female,32,Surat,166595,2021-01-17
CUST03883,Simran,Patil,Female,22,Surat,52326,2018-07-14
CUST03884,Pooja,Verma,Female,21,Kolkata,132626,2021-12-08
CUST03885,Meera,Gupta,Male,45,Chennai,193277,2021-02-19
CUST03886,Aditya,Shah,Male,70,Ahmedabad,151197,2024-11-14
CUST03887,Arjun,Shah,Female,69,Kolkata,86735,2021-02-13
CUST03888,Meera,Singh,Male,68,Surat,124396,2018-07-15
CUST03889,Nisha,Kulkarni,Female,70,Ahmedabad,36375,2023-09-15
CUST03890,Aditya,Jadhav,Male,21,Delhi,153783,2023-10-16
CUST03891,Amit,Kadam,Male,32,Chennai,183509,2019-10-07
CUST03892,Kunal,Singh,Male,34,Kolkata,179094,2020-10-31
CUST03893,Ananya,Deshmukh,Female,61,Surat,29182,2022-10-20
CUST03894,Sneha,More,Female,20,Mumbai,113177,2018-11-18
CUST03895,Aditi,Kulkarni,Male,27,Mumbai,115066,2022-08-19
CUST03896,Neha,Kulkarni,Male,64,Kolkata,144401,2024-04-06
CUST03897,Rahul,More,Male,59,Delhi,108148,2020-10-13
CUST03898,Aarav,Shah,Male,40,Delhi,222603,2019-10-12
CUST03899,Isha,Joshi,Male,35,Hyderabad,192022,2025-02-22
CUST03900,Aditya,Kulkarni,Male,18,Chennai,123806,2022-08-30
CUST03901,Meera,Gaikwad,Male,52,Pune,163992,2024-01-22
CUST03902,Priya,Deshmukh,Male,70,Delhi,42144,2020-04-10
CUST03903,Priya,Deshmukh,Male,48,Chennai,140270,2018-07-08
CUST03904,Aditya,Verma,Male,61,Delhi,235490,2022-02-19
CUST03905,Rohan,Singh,Male,18,Hyderabad,153637,2018-04-02
CUST03906,Rahul,Shah,Male,20,Jaipur,108909,2023-03-27
CUST03907,Riya,Pawar,Male,20,Delhi,205014,2024-05-25
CUST03908,Isha,More,Female,54,Chennai,221632,2022-04-30
CUST03909,Simran,Deshmukh,Male,36,Hyderabad,175763,2021-11-09
CUST03910,Neha,Singh,Male,46,Hyderabad,150661,2018-06-24
CUST03911,Sneha,Mehta,Male,42,Chennai,53799,2022-08-24
CUST03912,Aditya,Shah,Female,50,Chennai,217849,2019-04-19
CUST03913,Nisha,Joshi,Female,53,Mumbai,54510,2023-04-19
CUST03914,Arjun,Shah,Female,46,Jaipur,107919,2018-09-27
CUST03915,Isha,Jadhav,Female,43,Hyderabad,133043,2023-08-07
CUST03916,Rohan,More,Male,21,Mumbai,228438,2024-09-20
CUST03917,Meera,Kadam,Female,66,Ahmedabad,180047,2019-11-25
CUST03918,Simran,More,Female,31,Kolkata,73242,2019-01-11
CUST03919,Rahul,Jadhav,Male,67,Kolkata,66546,2021-11-16
CUST03920,Rohan,Gupta,Male,44,Hyderabad,243159,2024-02-08
CUST03921,Rahul,Gupta,Male,50,Mumbai,174339,2023-09-15
CUST03922,Riya,Verma,Female,39,Jaipur,228983,2021-05-20
CUST03923,Isha,Pawar,Male,65,Jaipur,238121,2023-05-26
CUST03924,Arjun,Sharma,Female,20,Ahmedabad,89939,2018-05-14
CUST03925,Rahul,More,Male,40,Hyderabad,141265,2025-12-22
CUST03926,Ananya,Gaikwad,Male,38,Delhi,24897,2020-07-12
CUST03927,Vivaan,Shah,Male,58,Ahmedabad,151235,2019-11-21
CUST03928,Vivaan,Gupta,Male,40,Mumbai,72540,2022-08-29
CUST03929,Aditi,Kulkarni,Female,21,Delhi,233987,2023-07-23
CUST03930,Neha,Gupta,Female,38,Kolkata,50030,2024-12-13
CUST03931,Kavya,Verma,Male,54,Bengaluru,75313,2023-02-16
CUST03932,Simran,Patil,Female,60,Kolkata,148070,2020-04-20
CUST03933,Arjun,Mehta,Male,48,Hyderabad,49870,2020-09-14
CUST03934,Isha,Shah,Female,38,Chennai,136565,2022-01-01
CUST03935,Amit,Gaikwad,Male,43,Kolkata,144703,2020-04-18
CUST03936,Meera,Mehta,Male,58,Surat,180554,2025-06-08
CUST03937,Kavya,Jadhav,Male,52,Kolkata,182130,2024-10-15
CUST03938,Kunal,Mehta,Male,55,Kolkata,77255,2021-12-22
CUST03939,Vivaan,Joshi,Male,41,Kolkata,112407,2020-01-18
CUST03940,Riya,Kadam,Female,28,Kolkata,137952,2025-11-15
CUST03941,Aarav,Jadhav,Female,58,Delhi,216002,2025-01-08
CUST03942,Arjun,Patil,Female,46,Delhi,201572,2024-11-14
CUST03943,Ananya,Singh,Male,64,Kolkata,177451,2020-08-23
CUST03944,Priya,Jadhav,Male,20,Pune,218859,2023-04-11
CUST03945,Nisha,Verma,Male,18,Pune,129396,2023-08-01
CUST03946,Aarav,Kulkarni,Male,69,Delhi,43674,2024-02-07
CUST03947,Simran,Verma,Female,36,Bengaluru,157662,2018-05-25
CUST03948,Kavya,Verma,Male,63,Chennai,182504,2023-01-25
CUST03949,Neha,Patil,Male,66,Ahmedabad,60426,2020-01-05
CUST03950,Kavya,Mehta,Male,39,Surat,69584,2024-09-19
CUST03951,Sneha,Gupta,Female,31,Surat,238735,2025-10-31
CUST03952,Simran,Verma,Male,66,Kolkata,189087,2024-12-06
CUST03953,Aditya,Mehta,Male,31,Bengaluru,93251,2024-12-04
CUST03954,Nisha,Shah,Male,61,Pune,89353,2024-07-14
CUST03955,Meera,Kulkarni,Male,33,Pune,115029,2024-05-04
CUST03956,Meera,Kadam,Male,50,Bengaluru,102990,2024-05-02
CUST03957,Kavya,Gupta,Male,30,Chennai,24600,2019-06-12
CUST03958,Aditi,Deshmukh,Female,55,Delhi,175762,2025-12-29
CUST03959,Aarav,Patil,Male,66,Chennai,128286,2021-11-12
CUST03960,Aarav,Sharma,Female,29,Hyderabad,53762,2021-01-23
CUST03961,Arjun,Jadhav,Female,68,Hyderabad,139006,2019-03-06
CUST03962,Pooja,Gaikwad,Female,55,Pune,188571,2025-10-13
CUST03963,Arjun,Jadhav,Male,56,Ahmedabad,239060,2020-11-26
CUST03964,Kunal,Singh,Male,50,Hyderabad,158742,2021-11-17
CUST03965,Pooja,Kadam,Female,50,Pune,237759,2022-05-16
CUST03966,Kunal,Kadam,Female,46,Kolkata,37341,2023-03-13
CUST03967,Isha,Kulkarni,Male,22,Jaipur,115140,2024-06-08
CUST03968,Aarav,Singh,Female,23,Jaipur,224895,2022-11-15
CUST03969,Sneha,Kadam,Male,48,Mumbai,104074,2024-09-14
CUST03970,Aarav,Patil,Male,33,Kolkata,37015,2025-11-10
CUST03971,Amit,Gupta,Male,48,Jaipur,130180,2024-07-19
CUST03972,Aditi,Verma,Male,42,Chennai,216198,2025-12-20
CUST03973,Pooja,Gaikwad,Male,65,Mumbai,144581,2019-06-02
CUST03974,Meera,Kadam,Female,63,Pune,206269,2021-11-01
CUST03975,Sneha,More,Male,50,Bengaluru,69849,2018-06-14
CUST03976,Kavya,Gupta,Male,30,Bengaluru,134719,2023-09-04
CUST03977,Simran,Verma,Male,69,Pune,35852,2021-02-20
CUST03978,Sneha,More,Male,27,Ahmedabad,75361,2018-05-09
CUST03979,Rohan,Kulkarni,Male,41,Pune,131794,2025-11-04
CUST03980,Aditi,Kadam,Female,27,Delhi,172330,2022-07-16
CUST03981,Neha,Kadam,Female,58,Bengaluru,82355,2020-10-14
CUST03982,Kavya,Sharma,Female,48,Jaipur,192580,2019-08-18
CUST03983,Meera,Gaikwad,Female,30,Surat,218856,2021-08-25
CUST03984,Amit,Kadam,Male,20,Mumbai,144773,2024-10-19
CUST03985,Priya,Shah,Male,67,Ahmedabad,222800,2018-07-01
CUST03986,Arjun,Sharma,Male,69,Hyderabad,47410,2022-05-31
CUST03987,Aditya,Gupta,Male,51,Kolkata,160967,2025-04-17
CUST03988,Nisha,Mehta,Female,66,Ahmedabad,223014,2020-01-14
CUST03989,Aarav,Mehta,Male,45,Hyderabad,53924,2023-01-13
CUST03990,Pooja,Gupta,Male,36,Ahmedabad,132622,2023-09-22
CUST03991,Nisha,Kulkarni,Female,40,Surat,90831,2024-09-17
CUST03992,Kunal,Jadhav,Female,62,Ahmedabad,163336,2023-05-07
CUST03993,Ananya,Verma,Female,49,Jaipur,48038,2019-08-28
CUST03994,Priya,Sharma,Male,30,Pune,136936,2025-05-27
CUST03995,Arjun,More,Male,50,Delhi,29136,2022-11-25
CUST03996,Arjun,More,Male,51,Mumbai,33213,2022-06-02
CUST03997,Arjun,Shah,Male,50,Bengaluru,228680,2018-09-20
CUST03998,Neha,Patil,Male,22,Hyderabad,128546,2023-10-19
CUST03999,Kunal,Mehta,Male,20,Mumbai,47431,2019-10-23
CUST04000,Pooja,Mehta,Female,24,Ahmedabad,62290,2021-08-08
CUST04001,Kunal,Gupta,Male,41,Pune,218611,2025-12-29
CUST04002,Aditya,Sharma,Female,39,Mumbai,236607,2020-04-01
CUST04003,Neha,Gaikwad,Female,62,Pune,116815,2024-01-04
CUST04004,Nisha,Shah,Male,40,Hyderabad,150374,2023-09-04
CUST04005,Meera,Deshmukh,Female,47,Jaipur,62747,2021-09-08
CUST04006,Isha,Verma,Male,35,Jaipur,95974,2023-07-13
CUST04007,Sneha,Verma,Male,49,Pune,99763,2025-07-03
CUST04008,Rahul,Jadhav,Female,70,Pune,220280,2024-04-17
CUST04009,Meera,Pawar,Male,24,Delhi,149132,2024-12-04
CUST04010,Kunal,Kulkarni,Female,50,Kolkata,92994,2025-07-25
CUST04011,Aditya,Kadam,Male,22,Delhi,235147,2020-03-26
CUST04012,Neha,Jadhav,Female,66,Mumbai,89015,2019-11-13
CUST04013,Rahul,Sharma,Male,45,Chennai,165959,2024-02-01
CUST04014,Sneha,Gupta,Male,25,Delhi,20051,2021-04-08
CUST04015,Aditi,Gaikwad,Male,32,Mumbai,87695,2018-01-02
CUST04016,Aditya,Gupta,Female,69,Bengaluru,220998,2019-10-01
CUST04017,Kunal,Mehta,Female,21,Mumbai,236643,2025-07-16
CUST04018,Pooja,Kulkarni,Female,51,Mumbai,48491,2024-08-06
CUST04019,Kunal,Patil,Male,22,Pune,36080,2025-03-02
CUST04020,Rahul,Kulkarni,Female,50,Surat,54880,2019-08-13
CUST04021,Amit,Jadhav,Female,22,Ahmedabad,211037,2018-07-21
CUST04022,Rahul,Jadhav,Female,55,Pune,131056,2020-10-01
CUST04023,Sneha,Pawar,Male,51,Pune,67361,2021-08-05
CUST04024,Rahul,Gupta,Female,43,Surat,107685,2023-07-19
CUST04025,Kunal,Verma,Female,18,Surat,100875,2022-12-09
CUST04026,Neha,Deshmukh,Male,21,Ahmedabad,114841,2018-05-06
CUST04027,Arjun,Mehta,Female,56,Chennai,217962,2023-09-28
CUST04028,Sneha,Gaikwad,Female,43,Bengaluru,222228,2020-04-25
CUST04029,Isha,Patil,Male,50,Delhi,220362,2022-12-02
CUST04030,Riya,Mehta,Male,50,Mumbai,167665,2018-06-28
CUST04031,Pooja,Joshi,Male,25,Delhi,167239,2022-05-24
CUST04032,Aditya,Kulkarni,Male,37,Jaipur,108091,2023-03-18
CUST04033,Arjun,Deshmukh,Female,33,Hyderabad,53005,2019-05-08
CUST04034,Aarav,Mehta,Male,38,Chennai,85471,2025-03-04
CUST04035,Aarav,Gupta,Female,62,Hyderabad,146718,2024-06-07
CUST04036,Ananya,Gaikwad,Female,43,Mumbai,126379,2020-08-21
CUST04037,Kavya,Jadhav,Male,40,Surat,70728,2021-04-07
CUST04038,Arjun,Gupta,Female,35,Mumbai,159763,2023-06-10
CUST04039,Amit,Gupta,Female,48,Bengaluru,29756,2018-09-26
CUST04040,Neha,More,Female,69,Delhi,143670,2021-10-19
CUST04041,Rohan,Singh,Female,59,Ahmedabad,56308,2019-09-16
CUST04042,Aditi,Singh,Female,29,Kolkata,84079,2023-11-18
CUST04043,Sneha,Gaikwad,Female,18,Kolkata,85524,2024-03-12
CUST04044,Kunal,Kulkarni,Male,59,Ahmedabad,211538,2025-04-26
CUST04045,Isha,Gaikwad,Female,26,Surat,29327,2023-11-15
CUST04046,Meera,Mehta,Female,20,Kolkata,179592,2020-03-29
CUST04047,Rahul,Pawar,Female,68,Surat,194380,2025-05-01
CUST04048,Meera,Pawar,Male,43,Pune,125561,2019-07-02
CUST04049,Rohan,Gaikwad,Female,26,Bengaluru,114436,2018-12-03
CUST04050,Aarav,Pawar,Male,59,Chennai,36533,2018-12-25
CUST04051,Aditi,Deshmukh,Female,68,Delhi,117417,2021-11-20
CUST04052,Sneha,Sharma,Male,33,Delhi,113318,2023-04-09
CUST04053,Arjun,More,Male,41,Chennai,195560,2020-03-26
CUST04054,Vivaan,Verma,Male,67,Mumbai,218232,2018-12-26
CUST04055,Rohan,Shah,Male,31,Mumbai,60429,2018-12-13
CUST04056,Vivaan,Kulkarni,Female,20,Hyderabad,202798,2021-02-21
CUST04057,Aditya,Kulkarni,Female,51,Mumbai,106348,2019-07-06
CUST04058,Amit,Gupta,Female,50,Surat,93065,2025-01-29
CUST04059,Aditi,Kulkarni,Male,67,Ahmedabad,171725,2025-05-25
CUST04060,Simran,More,Male,41,Pune,207993,2023-03-03
CUST04061,Sneha,Kulkarni,Female,26,Chennai,113396,2023-04-15
CUST04062,Sneha,Mehta,Female,30,Surat,33654,2019-02-26
CUST04063,Riya,Jadhav,Male,19,Surat,153180,2018-12-02
CUST04064,Rahul,Deshmukh,Male,24,Hyderabad,89483,2022-03-07
CUST04065,Rohan,Deshmukh,Male,65,Surat,27899,2018-02-26
CUST04066,Nisha,Kulkarni,Female,38,Bengaluru,164444,2022-08-13
CUST04067,Aarav,Shah,Female,36,Mumbai,188754,2025-07-27
CUST04068,Simran,Patil,Male,42,Delhi,115909,2024-05-21
CUST04069,Isha,Pawar,Male,64,Bengaluru,124971,2019-12-23
CUST04070,Meera,Kadam,Female,39,Pune,218871,2019-01-21
CUST04071,Rahul,Shah,Male,28,Pune,111724,2020-08-07
CUST04072,Simran,Jadhav,Male,50,Pune,187655,2025-09-18
CUST04073,Ananya,Shah,Female,49,Mumbai,49295,2022-02-09
CUST04074,Priya,Gaikwad,Male,38,Surat,217185,2022-09-16
CUST04075,Simran,Jadhav,Male,56,Pune,100565,2025-11-27
CUST04076,Aarav,Shah,Female,37,Chennai,69574,2023-08-21
CUST04077,Rahul,Jadhav,Female,25,Delhi,121067,2025-06-12
CUST04078,Kavya,Deshmukh,Female,59,Surat,216006,2018-09-17
CUST04079,Amit,Kulkarni,Female,54,Hyderabad,50066,2019-01-28
CUST04080,Neha,Singh,Female,26,Mumbai,234221,2019-08-23
CUST04081,Kunal,Pawar,Female,42,Ahmedabad,236168,2020-11-05
CUST04082,Nisha,Patil,Male,42,Bengaluru,160017,2020-01-26
CUST04083,Aarav,More,Female,50,Jaipur,49418,2025-07-21
CUST04084,Aditi,Shah,Female,19,Bengaluru,102607,2019-04-22
CUST04085,Neha,Kadam,Male,36,Pune,69874,2021-04-02
CUST04086,Arjun,Sharma,Male,63,Delhi,132158,2023-09-03
CUST04087,Neha,Gupta,Male,37,Hyderabad,168202,2022-05-19
CUST04088,Aarav,Gaikwad,Male,59,Surat,106257,2024-06-17
CUST04089,Aarav,Gupta,Male,58,Chennai,150538,2024-11-14
CUST04090,Aditya,Singh,Female,59,Kolkata,219320,2021-06-15
CUST04091,Neha,Shah,Female,46,Bengaluru,233699,2023-09-01
CUST04092,Pooja,Jadhav,Male,23,Kolkata,232465,2024-02-06
CUST04093,Pooja,Patil,Male,34,Surat,192466,2023-01-16
CUST04094,Sneha,Jadhav,Male,42,Delhi,69635,2022-05-02
CUST04095,Nisha,Pawar,Female,55,Kolkata,133023,2025-10-09
CUST04096,Aarav,Verma,Male,21,Bengaluru,119837,2022-10-26
CUST04097,Rohan,Jadhav,Male,47,Ahmedabad,233161,2019-12-31
CUST04098,Rahul,More,Male,37,Jaipur,37404,2022-02-07
CUST04099,Arjun,Gupta,Male,20,Kolkata,92629,2020-01-19
CUST04100,Rohan,Patil,Male,40,Ahmedabad,33156,2019-12-17
CUST04101,Aditya,Kulkarni,Female,68,Ahmedabad,206690,2024-07-14
CUST04102,Simran,Kulkarni,Female,35,Pune,69999,2019-06-15
CUST04103,Ananya,Gaikwad,Female,43,Jaipur,164857,2019-11-23
CUST04104,Arjun,Deshmukh,Male,53,Chennai,199431,2024-01-19
CUST04105,Aditi,Kadam,Female,25,Bengaluru,241879,2021-01-13
CUST04106,Aarav,Mehta,Female,34,Hyderabad,34694,2022-04-20
CUST04107,Arjun,Gaikwad,Male,48,Surat,187186,2019-05-05
CUST04108,Aditya,Gaikwad,Female,54,Hyderabad,89549,2018-01-05
CUST04109,Priya,Pawar,Male,62,Kolkata,208302,2018-03-17
CUST04110,Aarav,Sharma,Female,50,Jaipur,52799,2021-06-30
CUST04111,Arjun,Joshi,Male,44,Kolkata,110288,2023-08-17
CUST04112,Riya,Shah,Female,62,Jaipur,162228,2025-06-21
CUST04113,Aarav,Sharma,Male,21,Bengaluru,161376,2019-04-18
CUST04114,Kavya,Pawar,Female,39,Surat,60645,2021-10-13
CUST04115,Riya,Patil,Female,43,Surat,190010,2025-10-30
CUST04116,Aditi,Pawar,Female,49,Bengaluru,208054,2020-04-17
CUST04117,Nisha,Kadam,Male,41,Chennai,97614,2019-08-26
CUST04118,Vivaan,Pawar,Male,63,Ahmedabad,242686,2021-04-01
CUST04119,Rohan,Gaikwad,Female,52,Jaipur,153387,2024-06-23
CUST04120,Aarav,Sharma,Male,54,Mumbai,243828,2022-01-21
CUST04121,Riya,Deshmukh,Male,49,Mumbai,248339,2022-10-31
CUST04122,Rahul,Gupta,Female,24,Ahmedabad,118369,2022-08-26
CUST04123,Vivaan,Deshmukh,Male,50,Kolkata,32420,2018-08-20
CUST04124,Aarav,Gaikwad,Male,48,Jaipur,38312,2018-11-24
CUST04125,Kavya,Shah,Male,29,Delhi,41395,2024-04-04
CUST04126,Vivaan,Sharma,Male,28,Surat,60301,2021-02-17
CUST04127,Arjun,More,Female,41,Hyderabad,66972,2020-08-07
CUST04128,Aditya,Sharma,Female,25,Delhi,83294,2023-03-02
CUST04129,Simran,Sharma,Female,49,Hyderabad,100853,2025-04-20
CUST04130,Meera,Gaikwad,Female,55,Surat,140135,2024-04-16
CUST04131,Priya,Pawar,Male,39,Mumbai,199297,2021-09-21
CUST04132,Neha,Sharma,Male,51,Bengaluru,102504,2021-07-31
CUST04133,Neha,Patil,Male,36,Chennai,42854,2018-07-17
CUST04134,Aditi,Shah,Male,69,Pune,141373,2019-02-20
CUST04135,Amit,More,Female,37,Kolkata,90780,2025-08-11
CUST04136,Priya,Pawar,Male,31,Ahmedabad,182001,2021-11-19
CUST04137,Rahul,Verma,Male,50,Mumbai,126458,2020-07-26
CUST04138,Aditi,Joshi,Male,27,Bengaluru,77103,2021-05-28
CUST04139,Aditi,Shah,Female,33,Bengaluru,83620,2021-05-24
CUST04140,Ananya,Mehta,Female,21,Hyderabad,109590,2021-08-31
CUST04141,Vivaan,More,Male,44,Bengaluru,104124,2022-08-19
CUST04142,Kavya,Kulkarni,Female,45,Jaipur,64590,2018-08-04
CUST04143,Neha,More,Male,60,Kolkata,120196,2022-07-08
CUST04144,Kavya,Kadam,Male,33,Pune,92554,2021-03-30
CUST04145,Arjun,Gaikwad,Female,69,Mumbai,161693,2025-11-02
CUST04146,Vivaan,More,Male,50,Jaipur,137781,2019-09-02
CUST04147,Priya,Shah,Female,65,Mumbai,20973,2025-01-02
CUST04148,Pooja,Patil,Female,36,Chennai,78786,2020-07-06
CUST04149,Riya,Mehta,Female,38,Pune,124919,2018-06-06
CUST04150,Meera,Kulkarni,Female,39,Bengaluru,57097,2018-06-11
CUST04151,Aarav,Mehta,Male,26,Chennai,141403,2018-02-11
CUST04152,Simran,Joshi,Female,26,Hyderabad,54245,2024-06-08
CUST04153,Aditi,Verma,Male,26,Chennai,216283,2021-09-15
CUST04154,Arjun,Joshi,Female,44,Delhi,74841,2022-05-06
CUST04155,Aditi,Deshmukh,Female,34,Hyderabad,45346,2025-09-12
CUST04156,Sneha,Shah,Female,61,Pune,125633,2021-12-23
CUST04157,Rohan,Deshmukh,Female,62,Kolkata,91980,2018-04-30
CUST04158,Aditya,Jadhav,Male,25,Delhi,110417,2021-01-03
CUST04159,Vivaan,Shah,Female,33,Mumbai,200225,2023-07-31
CUST04160,Nisha,Kulkarni,Female,35,Ahmedabad,241454,2025-06-14
CUST04161,Riya,Singh,Female,50,Ahmedabad,96942,2025-06-01
CUST04162,Amit,Patil,Female,18,Delhi,125147,2018-05-03
CUST04163,Aditya,Gaikwad,Male,29,Kolkata,110975,2025-05-24
CUST04164,Nisha,Patil,Male,23,Jaipur,25972,2020-02-28
CUST04165,Aditi,Jadhav,Female,58,Ahmedabad,68063,2018-09-14
CUST04166,Aditi,Patil,Female,22,Delhi,216560,2023-02-04
CUST04167,Riya,Gaikwad,Male,33,Pune,150017,2025-09-05
CUST04168,Sneha,Pawar,Female,35,Surat,77055,2025-03-30
CUST04169,Kavya,Gaikwad,Male,66,Kolkata,215438,2021-07-16
CUST04170,Rohan,Singh,Female,35,Kolkata,162003,2025-10-09
CUST04171,Neha,Shah,Male,18,Jaipur,158774,2021-03-18
CUST04172,Rohan,Kadam,Male,36,Hyderabad,104834,2021-03-17
CUST04173,Pooja,More,Male,25,Bengaluru,172612,2019-11-11
CUST04174,Rahul,Joshi,Male,20,Ahmedabad,77450,2021-04-16
CUST04175,Pooja,Sharma,Male,42,Bengaluru,248648,2025-10-14
CUST04176,Aditi,More,Male,22,Bengaluru,85252,2019-08-31
CUST04177,Amit,Kulkarni,Male,57,Pune,66904,2018-11-27
CUST04178,Neha,Singh,Female,36,Mumbai,72320,2023-10-05
CUST04179,Arjun,More,Female,35,Bengaluru,51000,2021-05-15
CUST04180,Rahul,Deshmukh,Male,67,Kolkata,115341,2023-11-23
CUST04181,Kavya,Shah,Female,70,Jaipur,22599,2019-07-01
CUST04182,Arjun,Singh,Male,48,Jaipur,107636,2020-03-03
CUST04183,Kunal,Deshmukh,Female,50,Surat,247117,2023-03-20
CUST04184,Kavya,Patil,Female,64,Mumbai,235791,2021-10-10
CUST04185,Kunal,Mehta,Male,35,Hyderabad,207237,2022-08-10
CUST04186,Simran,Joshi,Male,56,Kolkata,209927,2019-05-04
CUST04187,Isha,Sharma,Male,33,Kolkata,20018,2022-12-28
CUST04188,Neha,Gupta,Male,33,Surat,151930,2022-03-07
CUST04189,Aditya,More,Female,64,Chennai,177064,2024-06-08
CUST04190,Aditi,More,Male,55,Surat,183652,2019-10-12
CUST04191,Vivaan,Joshi,Male,58,Bengaluru,90916,2019-10-10
CUST04192,Pooja,Kulkarni,Male,24,Delhi,186872,2021-10-17
CUST04193,Ananya,Singh,Male,31,Jaipur,139193,2019-01-16
CUST04194,Neha,Singh,Male,60,Surat,78770,2024-01-19
CUST04195,Nisha,Deshmukh,Male,70,Bengaluru,206013,2023-08-29
CUST04196,Sneha,Gaikwad,Female,65,Ahmedabad,235523,2023-02-07
CUST04197,Amit,Gupta,Male,42,Mumbai,57487,2024-04-09
CUST04198,Rohan,Kulkarni,Male,49,Kolkata,164015,2018-05-09
CUST04199,Isha,Kadam,Female,55,Chennai,122342,2021-04-14
CUST04200,Nisha,Patil,Male,39,Mumbai,81457,2019-02-13
CUST04201,Isha,Shah,Female,33,Bengaluru,38836,2020-03-02
CUST04202,Rahul,Joshi,Female,69,Hyderabad,121150,2021-01-12
CUST04203,Aditi,Jadhav,Male,46,Ahmedabad,31394,2018-08-10
CUST04204,Pooja,Kulkarni,Male,33,Bengaluru,92158,2021-12-10
CUST04205,Aarav,More,Male,29,Delhi,144660,2024-10-28
CUST04206,Neha,Sharma,Male,34,Pune,130599,2019-09-10
CUST04207,Riya,Verma,Male,54,Bengaluru,45280,2021-09-10
CUST04208,Priya,Kadam,Male,44,Surat,144221,2025-01-14
CUST04209,Rahul,Jadhav,Male,42,Bengaluru,97318,2024-01-23
CUST04210,Aditi,Deshmukh,Male,30,Surat,152231,2025-07-18
CUST04211,Rohan,Kadam,Female,25,Hyderabad,90162,2025-08-22
CUST04212,Neha,Sharma,Female,22,Kolkata,174512,2020-11-02
CUST04213,Aditya,Joshi,Male,29,Jaipur,228238,2024-08-09
CUST04214,Isha,Jadhav,Male,58,Pune,72712,2018-08-13
CUST04215,Arjun,Singh,Female,20,Hyderabad,129578,2024-02-20
CUST04216,Simran,Deshmukh,Female,52,Surat,198728,2018-02-26
CUST04217,Simran,More,Female,50,Jaipur,157661,2024-03-10
CUST04218,Isha,Gupta,Male,39,Delhi,68241,2021-11-04
CUST04219,Meera,Verma,Female,67,Mumbai,43233,2018-04-27
CUST04220,Amit,Mehta,Male,61,Pune,186083,2025-03-31
CUST04221,Arjun,Gaikwad,Male,26,Chennai,28177,2019-02-14
CUST04222,Simran,Sharma,Male,58,Hyderabad,185600,2023-04-01
CUST04223,Rohan,Deshmukh,Male,35,Mumbai,134506,2025-10-30
CUST04224,Ananya,Singh,Male,67,Mumbai,81351,2023-06-07
CUST04225,Neha,More,Male,46,Bengaluru,111908,2023-08-14
CUST04226,Meera,Deshmukh,Female,56,Bengaluru,207903,2018-01-23
CUST04227,Neha,More,Female,44,Chennai,71827,2020-01-15
CUST04228,Ananya,More,Male,53,Chennai,174580,2019-08-25
CUST04229,Simran,Kadam,Male,62,Surat,206005,2024-11-21
CUST04230,Kunal,More,Male,34,Chennai,100501,2020-08-27
CUST04231,Neha,Pawar,Female,51,Mumbai,88772,2021-03-24
CUST04232,Sneha,Mehta,Male,63,Surat,35611,2023-01-17
CUST04233,Ananya,Pawar,Female,20,Jaipur,173354,2025-04-28
CUST04234,Aditya,Patil,Male,22,Kolkata,61003,2024-03-04
CUST04235,Amit,Verma,Male,31,Kolkata,232437,2018-03-22
CUST04236,Aditya,Sharma,Female,20,Kolkata,225288,2025-04-16
CUST04237,Kavya,Patil,Female,40,Pune,162412,2019-04-28
CUST04238,Priya,Verma,Male,56,Pune,116629,2025-03-24
CUST04239,Amit,Deshmukh,Male,47,Chennai,106643,2021-12-01
CUST04240,Aditi,Kadam,Female,67,Kolkata,94684,2018-02-02
CUST04241,Meera,Pawar,Male,62,Delhi,128610,2023-09-14
CUST04242,Priya,Joshi,Female,40,Bengaluru,140332,2021-06-26
CUST04243,Neha,Kulkarni,Male,44,Delhi,103035,2018-10-07
CUST04244,Nisha,Kulkarni,Female,27,Kolkata,38165,2023-07-01
CUST04245,Sneha,Pawar,Female,42,Kolkata,129322,2024-01-09
CUST04246,Sneha,Mehta,Male,30,Bengaluru,241834,2022-08-10
CUST04247,Arjun,Patil,Female,33,Kolkata,169332,2022-04-24
CUST04248,Rahul,Gupta,Male,58,Hyderabad,74515,2019-12-02
CUST04249,Amit,Mehta,Male,51,Mumbai,241524,2022-11-15
CUST04250,Amit,Shah,Female,54,Surat,129446,2025-08-14
CUST04251,Ananya,More,Male,39,Bengaluru,50480,2020-10-15
CUST04252,Priya,Gaikwad,Female,34,Kolkata,203599,2021-06-07
CUST04253,Ananya,Sharma,Male,40,Pune,79789,2019-10-27
CUST04254,Nisha,Shah,Male,53,Pune,202974,2021-08-04
CUST04255,Neha,Mehta,Male,66,Mumbai,52191,2021-11-19
CUST04256,Kavya,Sharma,Male,26,Pune,79488,2024-11-05
CUST04257,Arjun,Mehta,Male,69,Surat,226154,2025-04-21
CUST04258,Simran,Jadhav,Female,19,Ahmedabad,187116,2020-11-22
CUST04259,Simran,More,Female,49,Ahmedabad,200672,2023-04-23
CUST04260,Rahul,Shah,Female,67,Ahmedabad,107457,2021-10-18
CUST04261,Pooja,Shah,Male,70,Mumbai,199848,2021-02-08
CUST04262,Aditya,Mehta,Male,39,Mumbai,122476,2021-02-18
CUST04263,Simran,Joshi,Male,60,Surat,163908,2023-08-26
CUST04264,Ananya,Mehta,Male,30,Bengaluru,94525,2020-01-09
CUST04265,Aarav,Sharma,Male,25,Chennai,72648,2022-03-27
CUST04266,Nisha,Shah,Male,18,Ahmedabad,33740,2025-07-25
CUST04267,Simran,Kadam,Male,34,Pune,115716,2025-07-24
CUST04268,Sneha,Gupta,Female,29,Delhi,164174,2023-11-16
CUST04269,Aditi,Joshi,Male,21,Chennai,231965,2023-12-04
CUST04270,Amit,Verma,Male,70,Surat,202406,2022-02-03
CUST04271,Rahul,Verma,Male,30,Bengaluru,149677,2022-01-02
CUST04272,Kavya,More,Male,48,Pune,133917,2018-12-15
CUST04273,Amit,Mehta,Female,58,Kolkata,181327,2018-08-20
CUST04274,Pooja,Kulkarni,Male,24,Bengaluru,121630,2023-06-20
CUST04275,Pooja,Singh,Male,40,Ahmedabad,45221,2022-04-06
CUST04276,Meera,Mehta,Male,41,Ahmedabad,83265,2025-05-10
CUST04277,Simran,More,Male,22,Kolkata,20719,2024-05-21
CUST04278,Simran,Kulkarni,Male,22,Surat,234514,2023-05-25
CUST04279,Riya,Pawar,Female,34,Jaipur,174212,2022-07-15
CUST04280,Priya,Gupta,Female,47,Bengaluru,206851,2025-05-07
CUST04281,Vivaan,Gupta,Female,26,Kolkata,152141,2023-04-27
CUST04282,Isha,Kadam,Male,23,Surat,74714,2019-06-29
CUST04283,Aditya,Deshmukh,Female,42,Surat,93285,2019-01-27
CUST04284,Amit,Mehta,Male,36,Mumbai,32935,2021-04-08
CUST04285,Ananya,Gupta,Male,33,Bengaluru,139362,2023-10-26
CUST04286,Simran,Gaikwad,Female,38,Pune,64035,2023-06-12
CUST04287,Meera,Kulkarni,Male,19,Jaipur,146687,2018-10-24
CUST04288,Riya,Verma,Male,27,Hyderabad,116256,2024-07-05
CUST04289,Ananya,Kulkarni,Female,33,Delhi,179009,2020-12-22
CUST04290,Meera,Kulkarni,Male,54,Bengaluru,38540,2018-09-27
CUST04291,Meera,Verma,Female,32,Chennai,93480,2024-03-13
CUST04292,Rohan,Gaikwad,Male,30,Surat,68702,2021-01-03
CUST04293,Meera,Kulkarni,Female,30,Mumbai,98283,2022-09-06
CUST04294,Sneha,Jadhav,Female,49,Kolkata,227113,2019-05-25
CUST04295,Rahul,Mehta,Female,62,Ahmedabad,228305,2025-03-11
CUST04296,Riya,Shah,Male,64,Kolkata,187979,2021-01-21
CUST04297,Rahul,Deshmukh,Male,63,Kolkata,166293,2020-12-12
CUST04298,Pooja,Gupta,Male,25,Jaipur,74781,2019-05-11
CUST04299,Nisha,Verma,Male,60,Bengaluru,27087,2018-04-04
CUST04300,Aditi,Deshmukh,Male,35,Kolkata,238070,2019-09-17
CUST04301,Simran,Verma,Female,53,Jaipur,42789,2018-08-17
CUST04302,Meera,Mehta,Male,43,Hyderabad,207095,2024-04-16
CUST04303,Isha,Sharma,Female,27,Pune,184472,2021-11-15
CUST04304,Kavya,Sharma,Male,48,Hyderabad,153271,2019-12-22
CUST04305,Arjun,Jadhav,Male,50,Bengaluru,198388,2020-09-06
CUST04306,Simran,Jadhav,Male,46,Ahmedabad,107273,2024-02-08
CUST04307,Aditi,Singh,Female,22,Hyderabad,203134,2018-09-24
CUST04308,Isha,Verma,Female,30,Jaipur,135310,2020-09-30
CUST04309,Nisha,Kulkarni,Female,18,Jaipur,222681,2018-10-08
CUST04310,Rohan,Kadam,Female,40,Delhi,167816,2020-08-19
CUST04311,Kunal,Shah,Male,57,Surat,227167,2025-06-07
CUST04312,Sneha,Verma,Male,20,Chennai,206589,2021-01-11
CUST04313,Aarav,Verma,Male,20,Chennai,118231,2021-04-24
CUST04314,Pooja,Pawar,Female,24,Bengaluru,199937,2025-01-22
CUST04315,Aditya,Jadhav,Male,53,Surat,225009,2021-10-03
CUST04316,Rohan,Sharma,Male,52,Delhi,228267,2019-02-27
CUST04317,Simran,Singh,Female,32,Mumbai,33894,2023-06-29
CUST04318,Kunal,Mehta,Female,57,Kolkata,180232,2019-03-30
CUST04319,Rohan,Kadam,Female,20,Hyderabad,73095,2024-05-03
CUST04320,Kavya,Gupta,Female,46,Surat,49272,2019-05-22
CUST04321,Aarav,Gaikwad,Female,47,Kolkata,74021,2021-03-11
CUST04322,Priya,Shah,Male,56,Mumbai,241120,2018-11-12
CUST04323,Nisha,Joshi,Male,35,Ahmedabad,53645,2022-08-27
CUST04324,Isha,Pawar,Female,28,Delhi,132079,2020-02-03
CUST04325,Rahul,Shah,Female,60,Kolkata,41179,2021-06-09
CUST04326,Simran,Jadhav,Male,66,Delhi,30691,2020-06-16
CUST04327,Isha,Deshmukh,Female,55,Delhi,149436,2020-08-10
CUST04328,Nisha,Verma,Male,57,Surat,232718,2022-05-15
CUST04329,Arjun,Sharma,Male,18,Jaipur,65311,2023-09-01
CUST04330,Aditi,Mehta,Female,46,Pune,115381,2019-01-19
CUST04331,Vivaan,Patil,Male,27,Bengaluru,190110,2018-04-13
CUST04332,Amit,Sharma,Male,45,Chennai,44967,2020-06-18
CUST04333,Amit,Jadhav,Male,48,Delhi,48478,2025-08-12
CUST04334,Amit,Joshi,Female,36,Surat,206847,2018-04-20
CUST04335,Pooja,Kulkarni,Male,20,Surat,221696,2022-02-04
CUST04336,Riya,Mehta,Female,53,Kolkata,60332,2019-11-01
CUST04337,Rohan,Pawar,Female,60,Kolkata,158138,2019-01-19
CUST04338,Aditi,More,Male,32,Hyderabad,59313,2023-07-14
CUST04339,Simran,More,Female,50,Delhi,87857,2024-02-16
CUST04340,Nisha,More,Male,58,Pune,65900,2020-02-01
CUST04341,Aarav,Verma,Female,60,Bengaluru,241141,2024-08-04
CUST04342,Pooja,More,Male,68,Bengaluru,241117,2020-06-04
CUST04343,Riya,Kadam,Female,62,Ahmedabad,146861,2023-10-28
CUST04344,Kavya,Gaikwad,Male,43,Ahmedabad,61098,2025-03-28
CUST04345,Priya,Mehta,Male,33,Hyderabad,28294,2021-05-20
CUST04346,Pooja,Sharma,Male,53,Chennai,213652,2020-10-11
CUST04347,Priya,Pawar,Male,50,Ahmedabad,189173,2022-01-08
CUST04348,Isha,Gupta,Female,37,Mumbai,176131,2024-01-06
CUST04349,Sneha,Joshi,Male,30,Hyderabad,116784,2018-01-10
CUST04350,Ananya,Gaikwad,Female,50,Bengaluru,60626,2022-04-15
CUST04351,Aditya,Patil,Male,22,Bengaluru,40703,2020-03-02
CUST04352,Kunal,Patil,Male,54,Pune,123693,2023-05-22
CUST04353,Neha,Pawar,Female,31,Surat,212489,2020-12-14
CUST04354,Aditya,Mehta,Male,44,Mumbai,210300,2025-12-29
CUST04355,Amit,Sharma,Female,40,Chennai,154277,2022-07-21
CUST04356,Isha,Pawar,Female,31,Kolkata,186001,2024-02-06
CUST04357,Amit,Shah,Female,57,Hyderabad,234456,2020-01-14
CUST04358,Amit,Kulkarni,Male,21,Ahmedabad,184483,2024-08-25
CUST04359,Isha,Kulkarni,Female,56,Jaipur,231594,2019-03-27
CUST04360,Neha,Shah,Female,69,Pune,31628,2021-01-21
CUST04361,Aarav,Sharma,Female,36,Bengaluru,123655,2024-09-07
CUST04362,Rahul,Shah,Male,64,Jaipur,221161,2021-09-16
CUST04363,Ananya,Jadhav,Female,21,Hyderabad,26518,2022-09-28
CUST04364,Aarav,Sharma,Female,47,Delhi,189563,2024-10-16
CUST04365,Pooja,Joshi,Female,36,Chennai,159018,2021-04-01
CUST04366,Simran,Jadhav,Male,48,Delhi,20610,2025-09-14
CUST04367,Aditya,Sharma,Male,48,Hyderabad,220910,2020-06-26
CUST04368,Priya,Jadhav,Female,26,Delhi,54311,2023-11-03
CUST04369,Riya,Mehta,Male,70,Chennai,146419,2025-10-02
CUST04370,Amit,Pawar,Female,30,Surat,61876,2022-10-15
CUST04371,Aditi,More,Male,31,Hyderabad,231264,2025-11-03
CUST04372,Aditya,Gaikwad,Male,63,Jaipur,70333,2021-01-19
CUST04373,Neha,More,Male,27,Delhi,202370,2022-02-16
CUST04374,Priya,Joshi,Male,65,Chennai,104192,2021-06-30
CUST04375,Neha,Singh,Female,48,Ahmedabad,61811,2022-12-19
CUST04376,Meera,Kulkarni,Female,54,Kolkata,90072,2022-08-06
CUST04377,Rohan,Shah,Female,40,Chennai,135407,2021-06-21
CUST04378,Riya,Shah,Male,44,Pune,62974,2025-07-17
CUST04379,Rahul,Mehta,Female,23,Kolkata,170928,2024-05-06
CUST04380,Aditi,Gupta,Female,43,Ahmedabad,195902,2025-11-28
CUST04381,Vivaan,Singh,Female,19,Mumbai,101983,2020-11-29
CUST04382,Riya,Joshi,Male,62,Jaipur,65823,2022-06-22
CUST04383,Riya,Mehta,Female,30,Bengaluru,118863,2025-01-07
CUST04384,Arjun,Kulkarni,Female,68,Ahmedabad,120037,2020-11-22
CUST04385,Aditi,Pawar,Female,67,Surat,225469,2019-03-26
CUST04386,Rahul,Pawar,Male,36,Kolkata,236886,2025-06-25
CUST04387,Amit,Jadhav,Female,18,Surat,87078,2023-02-16
CUST04388,Arjun,Kadam,Female,57,Kolkata,127767,2019-09-17
CUST04389,Ananya,Kulkarni,Male,49,Pune,87951,2023-05-24
CUST04390,Aditya,Shah,Male,39,Mumbai,129287,2020-06-03
CUST04391,Rahul,Pawar,Male,65,Bengaluru,163977,2018-11-15
CUST04392,Aditi,Shah,Male,46,Pune,41601,2021-10-27
CUST04393,Meera,Kadam,Male,19,Ahmedabad,123691,2021-10-06
CUST04394,Nisha,Patil,Female,57,Surat,238171,2021-09-08
CUST04395,Kavya,Patil,Female,55,Kolkata,192027,2019-05-03
CUST04396,Kavya,Jadhav,Female,65,Ahmedabad,223251,2019-03-27
CUST04397,Priya,Joshi,Female,28,Chennai,68435,2018-12-19
CUST04398,Aarav,More,Male,34,Mumbai,175116,2021-02-13
CUST04399,Ananya,Patil,Male,68,Jaipur,31246,2023-04-25
CUST04400,Simran,Jadhav,Female,60,Chennai,22458,2024-06-25
CUST04401,Meera,Deshmukh,Male,25,Surat,209579,2023-11-03
CUST04402,Amit,Kadam,Male,39,Mumbai,26028,2018-09-05
CUST04403,Rohan,Gaikwad,Male,21,Mumbai,139247,2019-07-22
CUST04404,Meera,Deshmukh,Male,28,Ahmedabad,71901,2019-11-15
CUST04405,Meera,Mehta,Female,25,Chennai,157378,2019-10-06
CUST04406,Amit,Singh,Male,26,Ahmedabad,126555,2019-04-24
CUST04407,Aditya,Gaikwad,Male,43,Ahmedabad,47678,2025-07-23
CUST04408,Isha,Kulkarni,Male,19,Ahmedabad,110444,2019-01-03
CUST04409,Sneha,Verma,Female,33,Surat,32363,2023-01-19
CUST04410,Aditya,Kulkarni,Male,48,Kolkata,165138,2018-12-23
CUST04411,Rohan,Gaikwad,Female,23,Kolkata,83804,2024-09-21
CUST04412,Aditi,Gupta,Male,70,Surat,134433,2021-09-30
CUST04413,Sneha,Shah,Male,38,Bengaluru,68544,2024-02-05
CUST04414,Aarav,Pawar,Male,43,Jaipur,118247,2022-01-06
CUST04415,Sneha,Mehta,Male,36,Pune,20189,2023-01-17
CUST04416,Neha,Pawar,Male,45,Jaipur,31752,2024-08-11
CUST04417,Arjun,More,Male,25,Surat,27482,2020-11-25
CUST04418,Kavya,Mehta,Female,31,Delhi,36679,2024-11-15
CUST04419,Rahul,Joshi,Male,41,Pune,143056,2022-07-03
CUST04420,Simran,Verma,Female,65,Bengaluru,241160,2020-04-07
CUST04421,Simran,More,Male,61,Hyderabad,20799,2021-03-15
CUST04422,Rohan,Jadhav,Male,54,Pune,241989,2022-12-17
CUST04423,Meera,Singh,Male,43,Mumbai,141691,2023-04-09
CUST04424,Aarav,Kulkarni,Female,48,Surat,161006,2024-01-03
CUST04425,Pooja,Gaikwad,Male,68,Hyderabad,77558,2024-08-24
CUST04426,Kavya,Kadam,Male,49,Jaipur,79223,2018-06-17
CUST04427,Vivaan,Kadam,Male,67,Hyderabad,235692,2018-03-28
CUST04428,Riya,Mehta,Male,58,Surat,61556,2018-06-03
CUST04429,Vivaan,Sharma,Male,19,Jaipur,160981,2024-12-19
CUST04430,Neha,Shah,Female,42,Surat,111467,2018-11-11
CUST04431,Neha,Shah,Male,69,Chennai,130719,2023-01-29
CUST04432,Kunal,More,Male,61,Delhi,111404,2019-12-24
CUST04433,Neha,Gaikwad,Female,19,Bengaluru,63558,2023-06-05
CUST04434,Ananya,Pawar,Male,59,Bengaluru,230454,2023-01-28
CUST04435,Vivaan,Verma,Male,18,Mumbai,238865,2022-09-26
CUST04436,Aarav,Jadhav,Male,53,Delhi,179085,2025-09-12
CUST04437,Arjun,Deshmukh,Female,29,Delhi,123018,2024-04-28
CUST04438,Sneha,Sharma,Male,26,Mumbai,173947,2024-12-09
CUST04439,Amit,Deshmukh,Male,53,Jaipur,241325,2024-11-06
CUST04440,Priya,Kulkarni,Male,58,Mumbai,31408,2024-10-26
CUST04441,Aditi,Jadhav,Female,45,Jaipur,55607,2025-02-03
CUST04442,Isha,Joshi,Male,55,Mumbai,81684,2021-02-02
CUST04443,Aarav,Verma,Female,50,Pune,187353,2023-07-17
CUST04444,Rahul,Singh,Female,59,Pune,47326,2018-12-16
CUST04445,Pooja,Deshmukh,Female,63,Chennai,33601,2020-04-03
CUST04446,Rohan,Jadhav,Male,39,Kolkata,144594,2019-03-14
CUST04447,Simran,Sharma,Male,42,Mumbai,21135,2023-06-28
CUST04448,Meera,Singh,Male,35,Delhi,173813,2018-06-18
CUST04449,Amit,Kulkarni,Male,23,Pune,31913,2018-01-23
CUST04450,Kunal,Jadhav,Male,35,Ahmedabad,30101,2025-06-16
CUST04451,Vivaan,Joshi,Female,69,Jaipur,169703,2018-10-08
CUST04452,Nisha,Singh,Male,33,Pune,223156,2025-08-01
CUST04453,Amit,Pawar,Male,32,Pune,122820,2024-04-19
CUST04454,Aditi,Kadam,Female,65,Surat,187942,2019-02-08
CUST04455,Kavya,Patil,Female,25,Jaipur,200057,2023-12-21
CUST04456,Riya,Gupta,Male,30,Bengaluru,178287,2025-04-19
CUST04457,Sneha,Singh,Female,60,Hyderabad,82110,2018-08-20
CUST04458,Neha,Pawar,Male,24,Jaipur,39215,2025-02-05
CUST04459,Isha,Pawar,Female,34,Chennai,242190,2018-03-20
CUST04460,Amit,Kadam,Female,67,Surat,165096,2020-11-24
CUST04461,Vivaan,Gupta,Female,49,Jaipur,96949,2024-12-17
CUST04462,Simran,Pawar,Female,39,Jaipur,101855,2021-02-07
CUST04463,Ananya,Verma,Male,68,Kolkata,236054,2021-09-06
CUST04464,Nisha,Verma,Male,30,Surat,196555,2024-07-03
CUST04465,Neha,Gaikwad,Female,64,Jaipur,126279,2025-06-30
CUST04466,Aditya,Kulkarni,Male,40,Hyderabad,248644,2024-08-28
CUST04467,Isha,Jadhav,Female,46,Hyderabad,229229,2021-10-19
CUST04468,Meera,Kulkarni,Male,39,Ahmedabad,161583,2022-06-28
CUST04469,Riya,Gupta,Male,18,Surat,141898,2021-12-08
CUST04470,Priya,Gaikwad,Male,46,Bengaluru,170995,2019-07-01
CUST04471,Sneha,Pawar,Male,65,Jaipur,161630,2022-09-26
CUST04472,Priya,Patil,Female,22,Kolkata,248843,2024-09-05
CUST04473,Aditi,Sharma,Female,52,Kolkata,20526,2021-08-09
CUST04474,Arjun,Kulkarni,Female,27,Delhi,21753,2021-01-13
CUST04475,Riya,Kulkarni,Female,36,Bengaluru,177320,2020-06-27
CUST04476,Priya,Patil,Female,54,Kolkata,34656,2021-05-09
CUST04477,Simran,Singh,Female,24,Hyderabad,43266,2019-11-16
CUST04478,Neha,Joshi,Male,63,Delhi,84555,2025-02-01
CUST04479,Aarav,Kulkarni,Female,52,Mumbai,82995,2024-06-02
CUST04480,Ananya,Jadhav,Male,62,Kolkata,226828,2023-10-05
CUST04481,Pooja,Deshmukh,Male,30,Chennai,234646,2022-08-03
CUST04482,Aarav,Jadhav,Female,27,Surat,98277,2023-10-15
CUST04483,Aarav,Jadhav,Male,19,Kolkata,221449,2020-08-15
CUST04484,Kavya,Jadhav,Male,23,Pune,122345,2022-08-10
CUST04485,Amit,Pawar,Male,25,Bengaluru,116111,2023-04-17
CUST04486,Priya,Gaikwad,Male,53,Pune,85402,2022-05-24
CUST04487,Kavya,Mehta,Female,42,Ahmedabad,205248,2019-12-03
CUST04488,Aarav,Verma,Male,61,Kolkata,143747,2025-09-08
CUST04489,Sneha,Kulkarni,Male,64,Mumbai,192805,2024-12-08
CUST04490,Rohan,Deshmukh,Male,57,Pune,34418,2020-03-31
CUST04491,Meera,Shah,Male,24,Pune,57185,2020-06-06
CUST04492,Arjun,Patil,Female,63,Bengaluru,61745,2023-04-04
CUST04493,Meera,Verma,Male,40,Delhi,244489,2021-08-21
CUST04494,Priya,Sharma,Male,36,Mumbai,204859,2024-02-03
CUST04495,Kavya,Gupta,Female,63,Pune,100123,2024-02-21
CUST04496,Pooja,More,Female,39,Jaipur,203107,2020-05-25
CUST04497,Riya,Pawar,Female,30,Mumbai,107804,2018-06-15
CUST04498,Aditi,Kadam,Female,38,Jaipur,217056,2021-03-19
CUST04499,Arjun,Deshmukh,Male,18,Kolkata,203534,2019-07-11
CUST04500,Aditi,More,Male,36,Pune,188425,2021-04-12
CUST04501,Kavya,Singh,Male,50,Pune,131055,2024-01-24
CUST04502,Ananya,Kulkarni,Female,21,Hyderabad,224716,2019-12-10
CUST04503,Meera,Gupta,Male,59,Hyderabad,139097,2019-12-19
CUST04504,Ananya,Pawar,Male,20,Bengaluru,68302,2022-05-23
CUST04505,Ananya,Gaikwad,Male,44,Surat,142561,2023-11-15
CUST04506,Aditya,Gaikwad,Male,69,Surat,228051,2025-06-19
CUST04507,Simran,Deshmukh,Male,58,Delhi,173507,2024-09-17
CUST04508,Rahul,Deshmukh,Female,52,Bengaluru,77728,2021-01-05
CUST04509,Pooja,Joshi,Male,45,Surat,118598,2023-07-13
CUST04510,Priya,Kulkarni,Female,23,Bengaluru,21238,2021-06-14
CUST04511,Rahul,Singh,Female,23,Pune,231929,2018-10-18
CUST04512,Neha,Kulkarni,Male,61,Hyderabad,101610,2023-12-24
CUST04513,Kunal,Kulkarni,Male,40,Hyderabad,164121,2024-08-11
CUST04514,Neha,Shah,Male,50,Hyderabad,77193,2025-02-08
CUST04515,Kavya,Gupta,Male,33,Surat,186656,2024-04-14
CUST04516,Vivaan,Pawar,Female,41,Mumbai,86634,2025-09-14
CUST04517,Aditya,Gaikwad,Male,22,Chennai,34679,2021-05-22
CUST04518,Nisha,Verma,Male,58,Pune,54505,2023-10-19
CUST04519,Simran,Gupta,Male,59,Kolkata,71341,2020-01-16
CUST04520,Vivaan,Pawar,Female,30,Bengaluru,70374,2024-07-04
CUST04521,Neha,Deshmukh,Female,64,Hyderabad,66998,2021-04-12
CUST04522,Simran,Sharma,Female,29,Hyderabad,228042,2019-11-30
CUST04523,Rohan,Joshi,Female,22,Hyderabad,206773,2025-10-24
CUST04524,Simran,Deshmukh,Male,54,Pune,195931,2024-05-10
CUST04525,Vivaan,Jadhav,Female,48,Hyderabad,147203,2019-06-08
CUST04526,Kunal,Patil,Male,45,Delhi,53178,2023-01-20
CUST04527,Isha,Shah,Female,45,Bengaluru,178647,2024-03-16
CUST04528,Rohan,More,Female,47,Pune,170401,2020-10-20
CUST04529,Sneha,Jadhav,Male,35,Bengaluru,208326,2025-01-04
CUST04530,Aarav,Jadhav,Female,61,Jaipur,127373,2023-07-04
CUST04531,Rahul,Gaikwad,Female,44,Ahmedabad,235101,2019-04-09
CUST04532,Amit,Deshmukh,Male,52,Delhi,238438,2022-07-23
CUST04533,Sneha,Jadhav,Female,43,Mumbai,124139,2019-03-27
CUST04534,Isha,Mehta,Male,56,Mumbai,120290,2021-11-20
CUST04535,Sneha,Mehta,Female,66,Chennai,224734,2023-03-31
CUST04536,Arjun,Kulkarni,Male,68,Delhi,191140,2020-07-12
CUST04537,Aditi,Pawar,Male,35,Bengaluru,78951,2024-12-01
CUST04538,Meera,Mehta,Female,50,Mumbai,107629,2018-11-12
CUST04539,Arjun,Kulkarni,Female,42,Ahmedabad,186243,2019-11-02
CUST04540,Aditya,Gaikwad,Female,48,Mumbai,159334,2019-11-29
CUST04541,Isha,Gaikwad,Male,54,Hyderabad,194342,2020-09-19
CUST04542,Sneha,Deshmukh,Female,19,Chennai,171857,2021-10-08
CUST04543,Riya,Deshmukh,Male,50,Pune,190541,2025-09-16
CUST04544,Rohan,Patil,Female,56,Kolkata,88831,2021-06-16
CUST04545,Aditya,Jadhav,Male,60,Kolkata,101223,2021-02-01
CUST04546,Nisha,Joshi,Male,60,Mumbai,65643,2020-06-25
CUST04547,Kavya,Gupta,Female,49,Bengaluru,218729,2020-11-18
CUST04548,Aditya,Gupta,Male,35,Bengaluru,23582,2018-03-30
CUST04549,Vivaan,Kulkarni,Male,34,Hyderabad,132781,2024-08-19
CUST04550,Vivaan,Jadhav,Male,51,Mumbai,181352,2022-05-06
CUST04551,Priya,Shah,Male,56,Mumbai,193661,2018-12-30
CUST04552,Meera,Shah,Male,24,Kolkata,124004,2024-01-04
CUST04553,Aditya,Singh,Male,59,Jaipur,60000,2018-11-10
CUST04554,Kunal,Verma,Male,70,Mumbai,122592,2019-07-02
CUST04555,Nisha,Shah,Male,52,Pune,248280,2020-03-06
CUST04556,Ananya,Kulkarni,Female,47,Chennai,21085,2022-03-10
CUST04557,Amit,Kadam,Male,29,Chennai,232499,2022-02-18
CUST04558,Riya,More,Female,52,Pune,166672,2023-11-19
CUST04559,Amit,More,Female,28,Jaipur,117994,2018-04-17
CUST04560,Vivaan,Deshmukh,Male,61,Bengaluru,210873,2020-05-06
CUST04561,Rohan,Singh,Female,21,Kolkata,212811,2018-10-18
CUST04562,Rahul,Joshi,Female,42,Chennai,225253,2021-10-04
CUST04563,Isha,Verma,Female,65,Delhi,137309,2019-09-09
CUST04564,Nisha,Shah,Female,49,Ahmedabad,127114,2022-10-23
CUST04565,Arjun,Gupta,Male,37,Kolkata,192668,2025-03-20
CUST04566,Arjun,Singh,Female,67,Jaipur,90410,2021-06-04
CUST04567,Pooja,Joshi,Female,48,Delhi,230375,2025-03-28
CUST04568,Aarav,Gupta,Female,21,Mumbai,203260,2020-09-03
CUST04569,Aditi,Shah,Male,55,Pune,46825,2023-07-30
CUST04570,Rahul,Gupta,Female,70,Mumbai,161985,2022-05-31
CUST04571,Aditya,Sharma,Female,64,Hyderabad,232823,2022-11-26
CUST04572,Riya,Gaikwad,Male,18,Surat,104269,2020-05-17
CUST04573,Pooja,Joshi,Male,20,Pune,34332,2025-08-01
CUST04574,Amit,Verma,Male,54,Delhi,74895,2018-06-07
CUST04575,Priya,Shah,Female,39,Ahmedabad,155504,2018-11-24
CUST04576,Aditya,Kulkarni,Female,34,Surat,239167,2025-08-14
CUST04577,Vivaan,Kulkarni,Female,31,Hyderabad,177642,2025-05-04
CUST04578,Amit,More,Male,58,Bengaluru,157175,2022-01-17
CUST04579,Sneha,Mehta,Female,52,Hyderabad,142046,2024-07-02
CUST04580,Neha,Shah,Male,30,Surat,166972,2024-12-30
CUST04581,Priya,Shah,Male,52,Chennai,209487,2020-05-19
CUST04582,Riya,Verma,Female,60,Kolkata,87567,2021-02-04
CUST04583,Pooja,Jadhav,Female,19,Jaipur,82713,2018-08-29
CUST04584,Priya,Joshi,Female,64,Mumbai,234241,2024-10-18
CUST04585,Rahul,Sharma,Female,30,Bengaluru,78639,2025-07-14
CUST04586,Meera,Shah,Male,68,Jaipur,239800,2021-10-19
CUST04587,Aditya,Verma,Male,33,Hyderabad,236548,2022-10-15
CUST04588,Kunal,Jadhav,Female,35,Ahmedabad,160060,2022-04-06
CUST04589,Rohan,More,Female,24,Mumbai,123603,2022-08-18
CUST04590,Riya,Kulkarni,Male,62,Bengaluru,98488,2022-04-12
CUST04591,Simran,Gupta,Male,53,Jaipur,112905,2025-03-21
CUST04592,Priya,Singh,Male,58,Mumbai,22977,2019-02-17
CUST04593,Aarav,Gupta,Female,47,Mumbai,135650,2023-05-13
CUST04594,Pooja,Verma,Male,59,Bengaluru,74641,2019-07-23
CUST04595,Priya,Deshmukh,Male,58,Delhi,152340,2022-07-13
CUST04596,Neha,Kadam,Male,24,Kolkata,134465,2022-05-19
CUST04597,Vivaan,Joshi,Male,32,Delhi,74431,2024-12-06
CUST04598,Priya,Singh,Female,57,Mumbai,36756,2025-06-08
CUST04599,Aarav,Kulkarni,Male,36,Surat,171836,2018-05-31
CUST04600,Aarav,Jadhav,Female,60,Pune,210984,2024-03-22
CUST04601,Aditi,Kulkarni,Female,54,Surat,191457,2021-07-07
CUST04602,Meera,Gupta,Female,19,Bengaluru,166104,2018-09-13
CUST04603,Aarav,Sharma,Male,59,Mumbai,246086,2023-10-10
CUST04604,Sneha,Singh,Female,65,Mumbai,196774,2022-12-01
CUST04605,Amit,Verma,Female,30,Ahmedabad,162957,2024-09-09
CUST04606,Kavya,More,Female,57,Kolkata,29796,2021-11-21
CUST04607,Kavya,Pawar,Female,58,Ahmedabad,124583,2021-03-31
CUST04608,Pooja,Kulkarni,Male,60,Bengaluru,183935,2024-08-24
CUST04609,Priya,Deshmukh,Male,60,Chennai,101014,2018-12-15
CUST04610,Nisha,Mehta,Male,48,Delhi,183189,2023-09-10
CUST04611,Sneha,Mehta,Male,33,Ahmedabad,171825,2023-10-20
CUST04612,Neha,Joshi,Male,59,Bengaluru,40325,2019-02-01
CUST04613,Pooja,Deshmukh,Male,61,Delhi,158093,2023-08-12
CUST04614,Ananya,Sharma,Male,23,Bengaluru,231793,2025-02-22
CUST04615,Meera,Gaikwad,Male,45,Chennai,73096,2021-03-04
CUST04616,Priya,Jadhav,Male,49,Kolkata,222476,2018-05-26
CUST04617,Priya,Kadam,Male,61,Kolkata,164143,2024-02-05
CUST04618,Sneha,Joshi,Male,27,Bengaluru,84649,2018-09-21
CUST04619,Aditya,Pawar,Male,67,Ahmedabad,28041,2021-08-27
CUST04620,Kavya,Singh,Male,35,Kolkata,233123,2018-07-23
CUST04621,Neha,More,Male,21,Pune,60058,2023-01-09
CUST04622,Simran,More,Female,26,Ahmedabad,68263,2025-07-09
CUST04623,Meera,Shah,Male,24,Jaipur,242574,2023-10-08
CUST04624,Aditya,Sharma,Male,67,Hyderabad,124820,2020-09-14
CUST04625,Rahul,Gaikwad,Male,25,Bengaluru,127645,2021-09-09
CUST04626,Pooja,Mehta,Female,60,Bengaluru,195542,2024-01-24
CUST04627,Rohan,Patil,Female,24,Bengaluru,238898,2021-09-22
CUST04628,Sneha,Sharma,Female,58,Chennai,247310,2025-10-09
CUST04629,Riya,Gaikwad,Female,57,Bengaluru,48223,2022-09-23
CUST04630,Amit,More,Male,20,Kolkata,53575,2024-04-08
CUST04631,Pooja,Gupta,Male,34,Kolkata,196871,2023-06-04
CUST04632,Rahul,More,Male,19,Hyderabad,41661,2022-08-17
CUST04633,Kavya,Jadhav,Female,32,Hyderabad,233047,2020-06-26
CUST04634,Arjun,Singh,Female,63,Surat,56432,2021-03-29
CUST04635,Rahul,Shah,Female,46,Ahmedabad,182219,2025-09-25
CUST04636,Aditi,Kulkarni,Male,67,Kolkata,49114,2021-06-12
CUST04637,Riya,Kulkarni,Female,65,Kolkata,26030,2022-01-16
CUST04638,Rohan,Gupta,Male,69,Chennai,110051,2018-07-18
CUST04639,Arjun,Kadam,Male,39,Kolkata,198501,2022-02-09
CUST04640,Aarav,Sharma,Male,21,Kolkata,67743,2020-11-22
CUST04641,Simran,Mehta,Female,69,Surat,246941,2024-09-21
CUST04642,Sneha,Mehta,Male,23,Pune,145756,2021-01-17
CUST04643,Kavya,Pawar,Female,55,Surat,85615,2024-03-18
CUST04644,Vivaan,Shah,Male,43,Pune,67577,2021-06-14
CUST04645,Ananya,Singh,Female,28,Surat,245656,2021-03-29
CUST04646,Rahul,More,Male,43,Kolkata,130436,2023-01-30
CUST04647,Pooja,Verma,Male,34,Surat,22966,2025-11-27
CUST04648,Aditi,More,Female,41,Kolkata,149356,2025-10-06
CUST04649,Simran,Pawar,Female,45,Kolkata,133838,2021-08-06
CUST04650,Meera,Pawar,Female,52,Hyderabad,23728,2023-03-18
CUST04651,Neha,Verma,Female,48,Mumbai,188376,2025-02-14
CUST04652,Rohan,Patil,Female,30,Pune,200349,2019-08-01
CUST04653,Aditi,Kadam,Male,52,Jaipur,241402,2025-01-24
CUST04654,Pooja,Kulkarni,Female,33,Ahmedabad,152019,2018-12-01
CUST04655,Nisha,Kulkarni,Male,32,Ahmedabad,229173,2020-10-17
CUST04656,Meera,Sharma,Male,60,Surat,101380,2024-04-12
CUST04657,Meera,Shah,Male,35,Mumbai,86130,2021-09-08
CUST04658,Kunal,Kadam,Female,64,Chennai,41414,2023-05-17
CUST04659,Riya,Singh,Female,54,Jaipur,247298,2019-09-03
CUST04660,Isha,Joshi,Male,65,Ahmedabad,233132,2018-11-25
CUST04661,Amit,Verma,Female,65,Delhi,113005,2019-07-01
CUST04662,Isha,Deshmukh,Female,66,Bengaluru,170511,2018-12-05
CUST04663,Rahul,Jadhav,Male,58,Delhi,111742,2020-03-17
CUST04664,Meera,Singh,Male,44,Chennai,209292,2020-10-30
CUST04665,Meera,More,Female,52,Jaipur,197857,2025-07-03
CUST04666,Arjun,Singh,Male,69,Ahmedabad,56973,2019-03-06
CUST04667,Aarav,Sharma,Female,62,Surat,107091,2022-03-11
CUST04668,Simran,Patil,Male,52,Bengaluru,224390,2020-03-16
CUST04669,Aditi,Kulkarni,Male,45,Pune,219268,2022-08-24
CUST04670,Aarav,Patil,Female,56,Ahmedabad,157161,2025-04-13
CUST04671,Kavya,Jadhav,Female,55,Ahmedabad,221926,2022-06-01
CUST04672,Pooja,Kulkarni,Female,26,Chennai,82235,2023-09-14
CUST04673,Nisha,Deshmukh,Female,29,Ahmedabad,243213,2023-06-22
CUST04674,Priya,Patil,Female,32,Jaipur,49400,2019-07-11
CUST04675,Nisha,Sharma,Female,38,Mumbai,166477,2022-08-13
CUST04676,Simran,More,Male,69,Jaipur,137240,2019-05-06
CUST04677,Sneha,Singh,Male,52,Pune,72763,2022-05-23
CUST04678,Isha,Sharma,Male,59,Mumbai,181281,2018-09-11
CUST04679,Pooja,Jadhav,Female,50,Ahmedabad,224670,2018-01-17
CUST04680,Aditi,Kadam,Male,68,Ahmedabad,168496,2018-09-18
CUST04681,Aditi,Patil,Female,36,Bengaluru,126810,2023-01-23
CUST04682,Isha,Mehta,Male,40,Ahmedabad,109523,2021-07-03
CUST04683,Ananya,Gupta,Female,30,Kolkata,129955,2025-08-07
CUST04684,Pooja,Gaikwad,Female,61,Pune,171628,2023-03-02
CUST04685,Simran,Kadam,Male,18,Hyderabad,113137,2021-12-18
CUST04686,Aditya,More,Female,68,Surat,170402,2019-05-16
CUST04687,Aarav,Kulkarni,Male,46,Bengaluru,232338,2020-10-12
CUST04688,Rahul,Mehta,Male,41,Delhi,154308,2024-05-22
CUST04689,Pooja,Pawar,Female,33,Mumbai,220288,2023-08-17
CUST04690,Rahul,Kulkarni,Male,42,Hyderabad,50312,2021-05-07
CUST04691,Rahul,Patil,Female,40,Surat,133687,2025-05-30
CUST04692,Neha,Singh,Male,45,Ahmedabad,172263,2023-08-02
CUST04693,Vivaan,Gupta,Male,64,Jaipur,129602,2022-08-13
CUST04694,Kavya,More,Female,33,Kolkata,234529,2023-10-01
CUST04695,Simran,Verma,Male,60,Mumbai,56640,2024-04-09
CUST04696,Rahul,Pawar,Female,55,Mumbai,120171,2021-05-27
CUST04697,Neha,Sharma,Female,28,Mumbai,82293,2025-01-09
CUST04698,Meera,Kulkarni,Male,20,Pune,134124,2018-04-19
CUST04699,Rohan,Kulkarni,Male,32,Mumbai,187760,2020-07-09
CUST04700,Pooja,Mehta,Male,18,Bengaluru,222301,2018-03-07
CUST04701,Ananya,Verma,Male,24,Surat,105802,2018-07-21
CUST04702,Simran,Gupta,Male,18,Jaipur,112024,2022-12-23
CUST04703,Sneha,Singh,Male,66,Bengaluru,175194,2018-08-02
CUST04704,Kavya,Gupta,Male,49,Bengaluru,192296,2023-10-17
CUST04705,Simran,Singh,Male,26,Kolkata,245612,2025-09-07
CUST04706,Aditi,Joshi,Female,46,Jaipur,157403,2025-12-23
CUST04707,Nisha,More,Female,43,Kolkata,238174,2018-11-23
CUST04708,Pooja,Mehta,Female,40,Mumbai,131411,2020-12-09
CUST04709,Ananya,Kulkarni,Male,62,Mumbai,62262,2020-11-06
CUST04710,Pooja,Singh,Female,60,Bengaluru,136214,2019-06-07
CUST04711,Pooja,Mehta,Male,46,Bengaluru,126435,2020-09-14
CUST04712,Neha,Verma,Female,69,Mumbai,106314,2020-09-30
CUST04713,Isha,Kadam,Female,55,Chennai,210664,2019-05-19
CUST04714,Pooja,Singh,Male,50,Surat,184998,2021-06-02
CUST04715,Sneha,Patil,Female,24,Pune,106287,2020-01-26
CUST04716,Isha,Singh,Female,29,Hyderabad,139318,2021-09-03
CUST04717,Aarav,Kadam,Female,48,Ahmedabad,150134,2024-11-25
CUST04718,Sneha,Shah,Female,49,Delhi,144958,2023-02-11
CUST04719,Arjun,Verma,Male,37,Jaipur,37528,2023-03-30
CUST04720,Neha,More,Male,68,Kolkata,20068,2025-12-15
CUST04721,Isha,Deshmukh,Male,34,Jaipur,89253,2025-02-01
CUST04722,Sneha,Patil,Female,53,Mumbai,100754,2021-10-13
CUST04723,Aditya,Gupta,Male,20,Hyderabad,195040,2022-02-15
CUST04724,Rohan,Shah,Female,18,Delhi,110938,2025-12-26
CUST04725,Aditya,Mehta,Male,67,Bengaluru,199695,2021-12-23
CUST04726,Aarav,Deshmukh,Male,44,Bengaluru,248251,2025-10-15
CUST04727,Aditya,Gaikwad,Male,70,Kolkata,62129,2022-03-01
CUST04728,Isha,Mehta,Female,64,Surat,133996,2024-11-24
CUST04729,Aditi,Deshmukh,Male,57,Ahmedabad,245760,2022-05-14
CUST04730,Vivaan,Deshmukh,Male,50,Surat,81321,2025-11-25
CUST04731,Neha,Jadhav,Male,37,Hyderabad,31526,2023-03-03
CUST04732,Priya,Deshmukh,Male,31,Surat,243524,2021-08-16
CUST04733,Pooja,Mehta,Male,53,Kolkata,242636,2023-11-02
CUST04734,Aditi,Singh,Female,22,Delhi,177781,2024-08-21
CUST04735,Arjun,Gupta,Male,40,Delhi,127535,2022-07-11
CUST04736,Riya,Gaikwad,Male,62,Delhi,35063,2021-09-05
CUST04737,Aarav,Kulkarni,Female,32,Bengaluru,155795,2024-03-01
CUST04738,Ananya,Pawar,Female,23,Chennai,24213,2021-10-10
CUST04739,Kavya,Deshmukh,Female,50,Hyderabad,42797,2020-10-05
CUST04740,Riya,Gaikwad,Male,36,Ahmedabad,104946,2021-08-10
CUST04741,Riya,Joshi,Female,30,Hyderabad,108918,2024-12-26
CUST04742,Neha,Deshmukh,Female,46,Hyderabad,196289,2019-06-23
CUST04743,Aditya,Singh,Female,23,Surat,219355,2018-01-17
CUST04744,Nisha,Pawar,Male,32,Pune,43655,2019-07-29
CUST04745,Simran,Pawar,Female,33,Hyderabad,246956,2022-12-08
CUST04746,Rahul,Singh,Female,41,Kolkata,229062,2025-03-08
CUST04747,Kavya,Singh,Male,40,Pune,163659,2020-11-28
CUST04748,Isha,Joshi,Male,65,Chennai,42555,2018-05-10
CUST04749,Riya,Kulkarni,Female,27,Kolkata,48071,2023-12-03
CUST04750,Rohan,Jadhav,Female,58,Hyderabad,40239,2022-01-13
CUST04751,Aditya,Kadam,Male,58,Jaipur,143441,2020-08-07
CUST04752,Rohan,Jadhav,Female,66,Bengaluru,117138,2020-12-04
CUST04753,Neha,Kadam,Male,34,Surat,69151,2018-08-04
CUST04754,Aditi,Gupta,Male,66,Mumbai,22203,2022-06-12
CUST04755,Ananya,Deshmukh,Female,61,Ahmedabad,164707,2025-12-05
CUST04756,Amit,Joshi,Male,62,Ahmedabad,203643,2021-12-09
CUST04757,Aarav,More,Male,47,Kolkata,152216,2025-06-29
CUST04758,Kavya,Gupta,Female,61,Ahmedabad,183771,2020-09-29
CUST04759,Kavya,Shah,Male,63,Pune,235691,2024-05-01
CUST04760,Simran,Kadam,Male,27,Delhi,111663,2023-05-01
CUST04761,Meera,Patil,Female,36,Jaipur,149844,2022-01-03
CUST04762,Sneha,Singh,Female,46,Mumbai,32213,2019-09-09
CUST04763,Rahul,Pawar,Female,19,Ahmedabad,36944,2023-02-13
CUST04764,Aditi,Mehta,Female,53,Ahmedabad,86723,2018-10-28
CUST04765,Kunal,Deshmukh,Male,36,Kolkata,219741,2020-09-11
CUST04766,Aarav,Deshmukh,Female,24,Hyderabad,88947,2021-04-09
CUST04767,Amit,Pawar,Male,43,Bengaluru,185529,2019-02-10
CUST04768,Ananya,Gupta,Female,32,Surat,55191,2018-06-10
CUST04769,Aditi,Sharma,Male,64,Surat,92264,2022-12-24
CUST04770,Pooja,Singh,Female,55,Surat,208996,2022-04-25
CUST04771,Pooja,Pawar,Male,20,Surat,184816,2018-01-26
CUST04772,Amit,Kulkarni,Male,55,Chennai,204496,2018-03-24
CUST04773,Ananya,Singh,Female,33,Mumbai,239489,2018-06-22
CUST04774,Nisha,Mehta,Female,19,Hyderabad,229409,2020-09-25
CUST04775,Aarav,Mehta,Female,48,Bengaluru,227156,2022-09-05
CUST04776,Neha,More,Male,45,Bengaluru,183958,2025-10-12
CUST04777,Aditya,Pawar,Male,24,Kolkata,119846,2025-11-22
CUST04778,Aarav,Jadhav,Female,47,Jaipur,139550,2018-01-06
CUST04779,Arjun,Gupta,Female,60,Ahmedabad,104963,2025-10-14
CUST04780,Rohan,Patil,Female,24,Ahmedabad,20972,2019-06-09
CUST04781,Rahul,Kadam,Female,53,Hyderabad,119219,2023-10-12
CUST04782,Ananya,Gaikwad,Female,46,Chennai,157693,2023-08-08
CUST04783,Aditi,Jadhav,Female,41,Pune,242621,2020-01-31
CUST04784,Pooja,Mehta,Female,69,Delhi,69738,2018-07-24
CUST04785,Ananya,Kulkarni,Female,56,Hyderabad,208766,2020-06-15
CUST04786,Rohan,Kulkarni,Female,21,Pune,74777,2022-11-24
CUST04787,Riya,Pawar,Female,46,Delhi,34530,2023-09-19
CUST04788,Meera,Mehta,Female,61,Bengaluru,158426,2021-04-03
CUST04789,Pooja,Gupta,Female,22,Chennai,66529,2023-07-29
CUST04790,Priya,Gaikwad,Male,46,Hyderabad,122895,2022-04-02
CUST04791,Aarav,More,Male,47,Surat,71714,2020-05-26
CUST04792,Pooja,Mehta,Female,46,Bengaluru,239831,2020-04-04
CUST04793,Rohan,Gupta,Female,43,Pune,144750,2024-09-11
CUST04794,Aditi,Kadam,Female,36,Hyderabad,192304,2022-01-22
CUST04795,Neha,Singh,Female,43,Hyderabad,203151,2022-12-22
CUST04796,Simran,Joshi,Female,54,Kolkata,140883,2025-05-05
CUST04797,Nisha,Gupta,Male,44,Mumbai,163622,2021-01-06
CUST04798,Kunal,Gupta,Female,47,Bengaluru,108196,2020-04-18
CUST04799,Isha,Deshmukh,Female,68,Hyderabad,80385,2019-08-23
CUST04800,Rahul,Deshmukh,Male,70,Ahmedabad,84736,2025-04-26
CUST04801,Vivaan,Kadam,Male,47,Ahmedabad,247637,2023-05-16
CUST04802,Ananya,Joshi,Male,20,Mumbai,50268,2020-07-26
CUST04803,Aditya,Kadam,Male,60,Hyderabad,242948,2019-03-01
CUST04804,Kavya,Shah,Male,24,Surat,155362,2024-08-31
CUST04805,Kavya,Shah,Male,66,Mumbai,206106,2025-12-15
CUST04806,Sneha,Patil,Male,26,Mumbai,50138,2025-04-24
CUST04807,Pooja,Gaikwad,Male,70,Pune,223054,2023-11-08
CUST04808,Priya,Deshmukh,Male,58,Pune,144650,2024-08-29
CUST04809,Simran,Joshi,Female,59,Jaipur,33432,2020-09-23
CUST04810,Simran,More,Female,30,Bengaluru,87058,2025-05-18
CUST04811,Priya,Pawar,Female,32,Delhi,78175,2021-06-21
CUST04812,Kunal,Jadhav,Male,22,Mumbai,53329,2019-02-26
CUST04813,Amit,Deshmukh,Male,46,Pune,220148,2021-04-20
CUST04814,Isha,Kulkarni,Male,52,Chennai,163400,2025-12-31
CUST04815,Nisha,Mehta,Male,44,Jaipur,185319,2022-07-16
CUST04816,Riya,Sharma,Male,44,Hyderabad,26677,2023-10-02
CUST04817,Nisha,Verma,Male,25,Bengaluru,212882,2020-10-10
CUST04818,Isha,Mehta,Male,49,Hyderabad,70357,2019-11-16
CUST04819,Priya,Kadam,Female,37,Jaipur,75812,2024-02-05
CUST04820,Aarav,Verma,Male,27,Kolkata,61616,2018-10-20
CUST04821,Sneha,More,Male,30,Ahmedabad,212356,2024-08-19
CUST04822,Nisha,Kadam,Female,46,Bengaluru,200813,2020-12-13
CUST04823,Pooja,Shah,Male,52,Ahmedabad,204550,2025-10-14
CUST04824,Simran,Sharma,Male,25,Chennai,205128,2018-01-16
CUST04825,Kavya,Patil,Female,46,Hyderabad,242555,2018-06-25
CUST04826,Ananya,Pawar,Female,48,Kolkata,65534,2022-04-13
CUST04827,Sneha,Deshmukh,Female,58,Chennai,230128,2021-11-30
CUST04828,Amit,Gupta,Male,47,Delhi,84162,2022-01-30
CUST04829,Aarav,Kulkarni,Male,39,Hyderabad,64711,2023-03-19
CUST04830,Sneha,Kadam,Male,38,Jaipur,173877,2018-05-09
CUST04831,Priya,Joshi,Male,29,Kolkata,115980,2020-06-02
CUST04832,Kavya,Mehta,Female,28,Bengaluru,40143,2021-06-21
CUST04833,Nisha,Gupta,Female,19,Kolkata,226900,2019-03-02
CUST04834,Isha,Kadam,Male,67,Hyderabad,128380,2024-07-29
CUST04835,Ananya,Gupta,Female,58,Pune,213545,2020-01-20
CUST04836,Arjun,Joshi,Male,19,Chennai,167089,2020-01-14
CUST04837,Riya,Pawar,Female,51,Kolkata,214274,2020-10-23
CUST04838,Pooja,Jadhav,Male,20,Ahmedabad,241931,2019-04-24
CUST04839,Aarav,Deshmukh,Male,33,Chennai,61423,2020-09-02
CUST04840,Riya,Jadhav,Male,68,Ahmedabad,61713,2018-02-13
CUST04841,Meera,Mehta,Female,21,Kolkata,238928,2024-01-12
CUST04842,Aditi,Jadhav,Female,40,Pune,94310,2020-08-04
CUST04843,Meera,Deshmukh,Male,67,Chennai,22205,2022-04-09
CUST04844,Ananya,Deshmukh,Male,37,Jaipur,73266,2023-04-24
CUST04845,Rahul,Pawar,Male,42,Chennai,163414,2018-04-09
CUST04846,Priya,Singh,Male,47,Bengaluru,220635,2018-06-20
CUST04847,Nisha,Kulkarni,Female,35,Kolkata,214262,2018-05-28
CUST04848,Amit,Singh,Male,59,Delhi,101863,2023-12-11
CUST04849,Aarav,Singh,Male,28,Hyderabad,172272,2018-04-22
CUST04850,Aditya,Kadam,Female,46,Mumbai,158260,2020-10-19
CUST04851,Aarav,Pawar,Male,34,Surat,146233,2018-03-09
CUST04852,Simran,Sharma,Female,43,Delhi,22808,2020-04-07
CUST04853,Meera,Gupta,Female,40,Ahmedabad,33851,2022-10-19
CUST04854,Rahul,Shah,Male,69,Jaipur,231962,2022-06-20
CUST04855,Kavya,Gaikwad,Female,65,Jaipur,150982,2021-08-02
CUST04856,Neha,Patil,Female,37,Surat,216000,2024-03-27
CUST04857,Riya,Deshmukh,Male,62,Pune,166130,2018-06-09
CUST04858,Isha,Gupta,Male,19,Bengaluru,34620,2022-11-20
CUST04859,Aditya,Kadam,Male,41,Hyderabad,203827,2022-12-14
CUST04860,Riya,Verma,Female,48,Delhi,82995,2024-02-12
CUST04861,Aarav,Kulkarni,Female,44,Mumbai,247838,2020-10-10
CUST04862,Aarav,More,Female,19,Chennai,56681,2020-05-26
CUST04863,Priya,Kulkarni,Female,31,Surat,84509,2019-07-06
CUST04864,Aditya,Patil,Female,21,Pune,234411,2021-03-21
CUST04865,Pooja,Sharma,Female,66,Jaipur,87703,2021-03-09
CUST04866,Rohan,More,Male,30,Mumbai,218752,2021-10-22
CUST04867,Ananya,Jadhav,Male,53,Jaipur,218775,2021-02-25
CUST04868,Rohan,Shah,Male,52,Kolkata,62136,2024-01-04
CUST04869,Aditya,Jadhav,Female,61,Surat,242452,2021-08-01
CUST04870,Kavya,Deshmukh,Male,25,Pune,113699,2022-02-01
CUST04871,Sneha,Mehta,Male,19,Chennai,108456,2021-05-26
CUST04872,Kunal,Jadhav,Male,23,Ahmedabad,103086,2019-03-12
CUST04873,Aditya,Joshi,Male,48,Pune,187415,2020-01-02
CUST04874,Rahul,Kadam,Female,27,Hyderabad,137529,2021-03-14
CUST04875,Isha,Verma,Male,61,Chennai,38254,2023-02-08
CUST04876,Rahul,Joshi,Female,38,Delhi,81273,2021-07-24
CUST04877,Riya,Shah,Male,59,Pune,210683,2022-11-13
CUST04878,Rahul,Deshmukh,Female,27,Chennai,137574,2018-03-01
CUST04879,Aditi,Pawar,Male,40,Delhi,134847,2022-06-22
CUST04880,Aditi,Patil,Male,20,Pune,125547,2025-11-30
CUST04881,Vivaan,More,Female,49,Mumbai,211074,2024-09-17
CUST04882,Amit,More,Male,37,Ahmedabad,236755,2021-02-11
CUST04883,Aarav,Gupta,Male,27,Mumbai,32926,2022-02-27
CUST04884,Nisha,Jadhav,Male,46,Hyderabad,215336,2025-04-16
CUST04885,Priya,Gupta,Male,58,Chennai,109527,2018-12-02
CUST04886,Rohan,Gupta,Male,69,Delhi,127387,2020-04-10
CUST04887,Amit,Shah,Male,68,Kolkata,47563,2022-05-12
CUST04888,Neha,Gupta,Female,63,Pune,181760,2018-10-12
CUST04889,Nisha,Kadam,Female,51,Kolkata,245631,2023-12-17
CUST04890,Ananya,Singh,Male,54,Pune,185202,2023-03-31
CUST04891,Riya,Gaikwad,Female,37,Hyderabad,20925,2023-06-25
CUST04892,Arjun,Shah,Male,25,Kolkata,71595,2024-06-20
CUST04893,Riya,Kulkarni,Female,24,Delhi,150249,2020-08-17
CUST04894,Pooja,Singh,Female,23,Bengaluru,36321,2022-06-10
CUST04895,Riya,More,Female,28,Mumbai,161841,2018-03-12
CUST04896,Vivaan,Patil,Male,61,Delhi,187820,2024-07-20
CUST04897,Sneha,Patil,Male,35,Jaipur,191100,2021-01-26
CUST04898,Kunal,Joshi,Male,68,Surat,36151,2021-08-16
CUST04899,Isha,Singh,Male,59,Hyderabad,96133,2024-02-02
CUST04900,Sneha,Joshi,Male,46,Ahmedabad,54187,2020-06-02
CUST04901,Pooja,Shah,Male,42,Pune,63835,2021-01-03
CUST04902,Nisha,Deshmukh,Male,38,Delhi,20059,2018-05-23
CUST04903,Rohan,Mehta,Male,63,Kolkata,236789,2020-11-12
CUST04904,Aditya,Singh,Female,20,Surat,47235,2024-02-07
CUST04905,Priya,Mehta,Female,35,Bengaluru,114208,2020-12-04
CUST04906,Priya,Sharma,Female,41,Jaipur,87114,2018-04-02
CUST04907,Priya,Verma,Male,64,Kolkata,196438,2023-09-13
CUST04908,Sneha,Gaikwad,Female,55,Mumbai,149191,2019-11-09
CUST04909,Neha,Verma,Female,27,Bengaluru,132831,2025-09-07
CUST04910,Kunal,Gupta,Male,44,Surat,141889,2019-01-17
CUST04911,Sneha,Jadhav,Male,29,Chennai,101583,2022-08-31
CUST04912,Simran,Patil,Female,24,Chennai,52160,2020-08-23
CUST04913,Kunal,Singh,Male,34,Surat,119011,2021-03-25
CUST04914,Nisha,More,Male,18,Chennai,241157,2024-08-31
CUST04915,Aditi,Kulkarni,Male,67,Hyderabad,25277,2025-01-26
CUST04916,Simran,Shah,Male,43,Delhi,152852,2024-02-26
CUST04917,Rohan,Verma,Female,32,Pune,197651,2024-05-11
CUST04918,Priya,Kulkarni,Female,68,Delhi,137101,2019-05-16
CUST04919,Aarav,Joshi,Male,50,Jaipur,80750,2019-04-04
CUST04920,Aarav,Joshi,Male,54,Delhi,76902,2018-02-19
CUST04921,Sneha,Pawar,Female,64,Delhi,231270,2020-08-27
CUST04922,Aditi,Mehta,Female,48,Mumbai,136849,2020-09-14
CUST04923,Aditya,Gaikwad,Male,52,Pune,117052,2019-06-16
CUST04924,Rohan,Deshmukh,Female,18,Delhi,147894,2020-09-30
CUST04925,Amit,Verma,Male,25,Pune,183233,2025-04-29
CUST04926,Sneha,Singh,Male,29,Ahmedabad,195571,2021-01-20
CUST04927,Rahul,Jadhav,Female,36,Chennai,182958,2022-01-19
CUST04928,Kavya,Gupta,Male,42,Kolkata,159872,2018-12-05
CUST04929,Vivaan,Kadam,Female,49,Mumbai,69460,2022-07-17
CUST04930,Aditya,Verma,Female,29,Chennai,149424,2023-02-20
CUST04931,Aditya,Patil,Female,30,Pune,90975,2023-02-17
CUST04932,Aditi,Kadam,Male,45,Chennai,220915,2023-08-14
CUST04933,Priya,Shah,Male,18,Delhi,153436,2022-09-01
CUST04934,Aditya,Pawar,Male,68,Kolkata,36568,2018-10-08
CUST04935,Meera,Gupta,Male,23,Delhi,189164,2021-08-06
CUST04936,Isha,Jadhav,Female,25,Jaipur,222091,2023-10-22
CUST04937,Arjun,Kulkarni,Female,21,Delhi,82679,2021-03-06
CUST04938,Priya,More,Female,22,Kolkata,85781,2025-09-16
CUST04939,Ananya,Pawar,Female,42,Bengaluru,28430,2020-08-28
CUST04940,Ananya,Mehta,Female,39,Ahmedabad,224791,2020-09-24
CUST04941,Kunal,Verma,Male,45,Pune,58692,2021-11-17
CUST04942,Sneha,Deshmukh,Male,56,Ahmedabad,50086,2018-07-27
CUST04943,Kunal,Singh,Female,40,Jaipur,69671,2018-09-17
CUST04944,Neha,Mehta,Male,21,Ahmedabad,249334,2020-07-18
CUST04945,Simran,Singh,Male,69,Chennai,164973,2018-09-20
CUST04946,Meera,Gupta,Male,21,Surat,23907,2020-02-22
CUST04947,Riya,Jadhav,Female,64,Mumbai,249652,2019-05-20
CUST04948,Aditi,Joshi,Male,38,Kolkata,48604,2022-04-23
CUST04949,Rohan,Shah,Female,54,Mumbai,57869,2018-07-22
CUST04950,Rahul,Gupta,Female,58,Kolkata,165609,2022-10-26
CUST04951,Kunal,Kulkarni,Male,19,Pune,163573,2023-07-07
CUST04952,Nisha,Kadam,Male,24,Ahmedabad,139261,2023-10-01
CUST04953,Meera,Jadhav,Male,66,Pune,188443,2021-10-11
CUST04954,Aditya,Pawar,Female,33,Delhi,134639,2024-08-07
CUST04955,Isha,Shah,Female,34,Delhi,131690,2018-02-14
CUST04956,Meera,Deshmukh,Female,37,Mumbai,187893,2025-11-14
CUST04957,Pooja,Sharma,Female,40,Hyderabad,239804,2021-11-02
CUST04958,Aditi,Patil,Male,51,Hyderabad,145592,2020-02-28
CUST04959,Sneha,Jadhav,Male,28,Surat,26073,2021-12-06
CUST04960,Simran,More,Female,51,Hyderabad,212077,2025-09-19
CUST04961,Riya,Sharma,Male,50,Jaipur,227169,2023-12-30
CUST04962,Arjun,Jadhav,Male,43,Chennai,38101,2025-10-15
CUST04963,Aditi,Sharma,Male,19,Chennai,182498,2023-09-16
CUST04964,Priya,Pawar,Male,40,Delhi,114877,2023-09-24
CUST04965,Aditya,More,Male,58,Hyderabad,27313,2022-07-14
CUST04966,Riya,Mehta,Male,39,Surat,181845,2020-12-05
CUST04967,Sneha,Verma,Male,51,Kolkata,179075,2022-08-03
CUST04968,Rahul,Singh,Male,32,Delhi,79668,2025-02-25
CUST04969,Isha,Gaikwad,Female,27,Pune,111956,2018-10-28
CUST04970,Amit,Sharma,Female,32,Hyderabad,222322,2018-10-15
CUST04971,Rohan,Patil,Male,59,Delhi,135087,2020-02-25
CUST04972,Kunal,Deshmukh,Female,46,Hyderabad,139451,2024-05-05
CUST04973,Vivaan,Patil,Male,40,Jaipur,112675,2025-10-09
CUST04974,Isha,More,Male,34,Surat,111634,2025-03-13
CUST04975,Amit,Verma,Female,26,Mumbai,193366,2021-06-19
CUST04976,Aditya,Jadhav,Female,67,Bengaluru,164654,2022-12-11
CUST04977,Aditi,More,Female,53,Surat,129119,2024-07-29
CUST04978,Rohan,Singh,Male,26,Hyderabad,164832,2022-12-25
CUST04979,Isha,Kadam,Male,33,Pune,91791,2018-03-12
CUST04980,Neha,Verma,Female,53,Pune,102158,2020-04-14
CUST04981,Nisha,Gupta,Male,65,Mumbai,187055,2024-09-26
CUST04982,Neha,Gaikwad,Male,68,Ahmedabad,191381,2019-09-04
CUST04983,Amit,Deshmukh,Female,50,Pune,49715,2025-04-16
CUST04984,Rahul,Kulkarni,Female,48,Delhi,187487,2021-11-17
CUST04985,Neha,Mehta,Female,23,Pune,238400,2025-01-20
CUST04986,Sneha,Verma,Male,27,Bengaluru,108260,2021-08-21
CUST04987,Ananya,Kulkarni,Female,33,Mumbai,202653,2018-07-10
CUST04988,Arjun,Verma,Male,21,Delhi,154724,2022-10-14
CUST04989,Isha,Pawar,Male,39,Hyderabad,46297,2023-10-27
CUST04990,Neha,Shah,Female,30,Surat,249030,2022-05-01
CUST04991,Nisha,Kadam,Male,33,Mumbai,165100,2022-06-17
CUST04992,Amit,Verma,Male,69,Bengaluru,164875,2020-06-07
CUST04993,Aarav,Joshi,Female,46,Chennai,26307,2018-01-17
CUST04994,Pooja,Kulkarni,Male,23,Bengaluru,182397,2020-03-25
CUST04995,Kavya,Joshi,Male,43,Kolkata,78616,2022-05-17
CUST04996,Rahul,Patil,Male,28,Kolkata,211555,2024-10-17
CUST04997,Riya,Shah,Male,41,Chennai,182646,2020-12-02
CUST04998,Sneha,Deshmukh,Male,46,Jaipur,139828,2024-03-09
CUST04999,Sneha,Singh,Female,20,Pune,235870,2024-02-29
CUST05000,Neha,Joshi,Female,69,Surat,218143,2023-07-19
