Loan_ID,Customer_ID,Loan_Type,Loan_Amount,Interest_Rate,Loan_Date,Loan_Tenure_Months,Loan_Status
LOAN00001,CUST01164,Car Loan,3298321.2,11.28,2019-02-25,84,Active
LOAN00002,CUST04160,Personal Loan,2987238.65,11.59,2021-12-26,60,Closed
LOAN00003,CUST01149,Education Loan,1016001.31,7.4,2021-11-02,120,Closed
LOAN00004,CUST02405,Personal Loan,603220.88,8.58,2022-06-06,240,Closed
LOAN00005,CUST02287,Home Loan,4867078.29,11.02,2020-08-06,12,Active
LOAN00006,CUST00924,Education Loan,2774190.09,14.59,2019-05-15,120,Closed
LOAN00007,CUST04682,Home Loan,3440076.61,10.37,2021-01-12,12,Active
LOAN00008,CUST00675,Education Loan,576822.96,12.31,2022-04-30,180,Active
LOAN00009,CUST02099,Personal Loan,419606.82,9.43,2025-10-26,120,Active
LOAN00010,CUST01634,Personal Loan,382896.25,8.05,2019-08-02,84,Active
LOAN00011,CUST01277,Home Loan,303483.88,9.08,2019-04-06,60,Closed
LOAN00012,CUST02036,Home Loan,3630636.36,6.61,2019-06-17,36,Defaulted
LOAN00013,CUST01427,Car Loan,2581790.17,11.12,2021-05-26,36,Active
LOAN00014,CUST03333,Personal Loan,4447505.94,7.82,2020-05-19,240,Closed
LOAN00015,CUST03248,Personal Loan,4624784.79,12.44,2022-05-19,24,Active
LOAN00016,CUST01662,Car Loan,1465274.06,13.13,2020-11-18,12,Active
LOAN00017,CUST03443,Home Loan,2220759.46,11.4,2023-09-12,36,Closed
LOAN00018,CUST00243,Personal Loan,4986557.92,9.22,2023-06-29,60,Closed
LOAN00019,CUST04264,Home Loan,2547579.25,7.67,2022-11-03,240,Active
LOAN00020,CUST00519,Car Loan,609535.82,14.47,2024-08-25,60,Active
LOAN00021,CUST01934,Education Loan,2080907.89,9.07,2020-11-16,12,Active
LOAN00022,CUST02852,Home Loan,4756196.82,10.33,2023-11-12,240,Active
LOAN00023,CUST03698,Personal Loan,4825986.08,9.48,2022-01-31,12,Active
LOAN00024,CUST01803,Personal Loan,2438670.22,9.72,2021-10-24,60,Closed
LOAN00025,CUST00554,Personal Loan,1749087.6,12.66,2020-03-23,120,Closed
LOAN00026,CUST01311,Home Loan,4150538.09,6.61,2021-02-12,24,Active
LOAN00027,CUST02312,Personal Loan,4801639.46,11.79,2022-12-01,120,Active
LOAN00028,CUST01578,Car Loan,3766443.3,9.07,2020-08-16,24,Closed
LOAN00029,CUST02596,Car Loan,2523924.94,11.76,2021-07-11,84,Closed
LOAN00030,CUST00158,Car Loan,839266.39,8.96,2023-03-07,84,Active
LOAN00031,CUST04637,Home Loan,3112322.8,13.35,2021-04-06,24,Active
LOAN00032,CUST04883,Personal Loan,3831326.46,6.58,2025-02-11,180,Active
LOAN00033,CUST00085,Home Loan,3934101.62,13.16,2022-05-03,12,Active
LOAN00034,CUST04035,Personal Loan,4191854.56,8.91,2020-06-23,36,Closed
LOAN00035,CUST04615,Home Loan,3142571.55,9.78,2023-01-03,36,Active
LOAN00036,CUST04027,Personal Loan,927891.4,6.82,2023-04-04,84,Closed
LOAN00037,CUST03726,Personal Loan,2010928.05,9.05,2024-05-13,84,Closed
LOAN00038,CUST02643,Home Loan,1741647.35,9.29,2023-05-06,240,Active
LOAN00039,CUST01923,Education Loan,2068121.97,6.93,2022-01-01,36,Active
LOAN00040,CUST02195,Personal Loan,2235968.39,9.78,2024-12-02,84,Closed
LOAN00041,CUST00626,Home Loan,750810.15,9.63,2022-05-07,120,Active
LOAN00042,CUST02273,Personal Loan,1918191.81,14.17,2019-08-17,36,Closed
LOAN00043,CUST01407,Personal Loan,1700184.74,10.87,2020-10-21,240,Active
LOAN00044,CUST04784,Personal Loan,742423.18,14.57,2022-07-11,60,Defaulted
LOAN00045,CUST03860,Car Loan,1797692.15,13.84,2023-05-20,60,Closed
LOAN00046,CUST01377,Personal Loan,388724.61,9.16,2025-10-07,180,Defaulted
LOAN00047,CUST02818,Personal Loan,1964539.81,12.74,2021-06-18,60,Closed
LOAN00048,CUST03003,Personal Loan,2105734.23,10.13,2021-07-26,84,Active
LOAN00049,CUST03509,Personal Loan,1749077.92,6.96,2024-12-15,84,Active
LOAN00050,CUST03554,Personal Loan,437654.62,9.73,2023-02-11,24,Closed
LOAN00051,CUST04420,Personal Loan,2221730.24,6.64,2020-10-23,24,Active
LOAN00052,CUST04668,Personal Loan,4816619.97,7.82,2020-01-21,240,Active
LOAN00053,CUST03568,Home Loan,4524086.3,8.52,2022-10-21,120,Active
LOAN00054,CUST04713,Car Loan,2058179.12,14.45,2023-09-13,120,Active
LOAN00055,CUST03171,Car Loan,4004075.73,14.15,2025-08-22,120,Closed
LOAN00056,CUST00267,Personal Loan,2760863.43,7.48,2021-01-14,24,Active
LOAN00057,CUST04604,Car Loan,962804.93,12.57,2020-03-03,60,Active
LOAN00058,CUST00938,Car Loan,424151.74,13.45,2019-06-01,180,Active
LOAN00059,CUST00735,Education Loan,2566090.19,14.14,2025-04-19,120,Active
LOAN00060,CUST02840,Home Loan,3983309.26,9.26,2025-06-02,180,Active
LOAN00061,CUST04278,Car Loan,4726635.6,8.07,2022-09-28,84,Closed
LOAN00062,CUST04684,Personal Loan,922255.0,14.75,2020-10-27,240,Active
LOAN00063,CUST04461,Personal Loan,3636067.61,13.61,2020-02-28,36,Active
LOAN00064,CUST01968,Car Loan,530518.38,12.59,2020-04-15,180,Defaulted
LOAN00065,CUST04386,Car Loan,4725268.45,7.92,2019-04-06,24,Closed
LOAN00066,CUST04266,Home Loan,2303519.53,11.59,2019-04-14,60,Active
LOAN00067,CUST01110,Personal Loan,3305441.12,13.77,2023-11-25,60,Active
LOAN00068,CUST03371,Home Loan,678578.31,10.3,2019-02-26,240,Active
LOAN00069,CUST03307,Car Loan,1688122.56,9.97,2023-06-12,60,Closed
LOAN00070,CUST03493,Home Loan,319195.52,14.53,2022-12-01,180,Closed
LOAN00071,CUST01020,Car Loan,3676189.19,7.87,2020-10-13,180,Closed
LOAN00072,CUST03467,Home Loan,3785496.98,10.42,2023-06-09,24,Active
LOAN00073,CUST04386,Personal Loan,4184809.78,14.44,2024-12-02,60,Closed
LOAN00074,CUST02577,Home Loan,1668885.76,9.64,2019-04-07,84,Active
LOAN00075,CUST02906,Personal Loan,657132.46,12.36,2021-02-22,24,Active
LOAN00076,CUST03949,Home Loan,2529327.65,14.74,2025-07-18,180,Active
LOAN00077,CUST02653,Personal Loan,2704968.88,14.72,2022-10-16,180,Closed
LOAN00078,CUST01599,Home Loan,2013336.53,14.04,2021-01-21,36,Active
LOAN00079,CUST00599,Education Loan,4247017.08,11.76,2019-04-14,84,Active
LOAN00080,CUST02063,Education Loan,3884144.09,13.75,2024-11-07,24,Active
LOAN00081,CUST04997,Car Loan,963120.68,7.63,2020-08-03,36,Closed
LOAN00082,CUST04754,Personal Loan,1015208.13,14.52,2022-09-29,24,Active
LOAN00083,CUST04755,Home Loan,3732107.25,8.64,2019-05-04,240,Closed
LOAN00084,CUST04415,Home Loan,2555919.61,8.32,2019-11-23,12,Active
LOAN00085,CUST00760,Car Loan,2479241.98,12.31,2024-12-25,60,Closed
LOAN00086,CUST01465,Personal Loan,1044885.28,11.82,2021-07-11,36,Active
LOAN00087,CUST00486,Personal Loan,4698555.65,12.09,2019-02-18,60,Closed
LOAN00088,CUST01740,Car Loan,2912812.8,11.49,2025-01-16,84,Active
LOAN00089,CUST02873,Home Loan,1718648.22,6.82,2023-09-03,60,Active
LOAN00090,CUST04559,Car Loan,83243.37,12.59,2019-02-24,180,Active
LOAN00091,CUST01468,Home Loan,2296449.13,10.41,2021-09-28,36,Active
LOAN00092,CUST04223,Home Loan,4230703.63,9.25,2019-01-22,84,Closed
LOAN00093,CUST01475,Home Loan,3466459.17,11.08,2019-08-21,84,Active
LOAN00094,CUST00835,Education Loan,1676501.78,10.28,2022-02-06,60,Active
LOAN00095,CUST02265,Car Loan,4789523.81,7.97,2024-05-09,36,Closed
LOAN00096,CUST03871,Home Loan,890583.98,12.31,2019-04-04,240,Active
LOAN00097,CUST03677,Personal Loan,1257901.15,14.75,2022-12-26,24,Active
LOAN00098,CUST00023,Home Loan,2566245.57,14.51,2020-08-07,24,Active
LOAN00099,CUST00937,Education Loan,761012.1,8.69,2024-02-04,84,Active
LOAN00100,CUST01176,Car Loan,3446103.88,7.58,2024-08-06,240,Active
LOAN00101,CUST04375,Personal Loan,3942298.72,6.96,2020-05-23,120,Active
LOAN00102,CUST00368,Personal Loan,2492951.38,6.58,2025-02-25,12,Closed
LOAN00103,CUST03864,Home Loan,3407719.5,13.87,2019-01-21,60,Active
LOAN00104,CUST04455,Home Loan,1771387.3,6.8,2024-04-09,120,Defaulted
LOAN00105,CUST04563,Car Loan,734063.45,8.52,2021-05-17,84,Closed
LOAN00106,CUST01011,Education Loan,4038305.82,15.0,2025-10-02,180,Active
LOAN00107,CUST00245,Home Loan,928689.87,9.37,2020-11-16,120,Active
LOAN00108,CUST00759,Education Loan,2278754.04,10.55,2025-08-04,60,Defaulted
LOAN00109,CUST00923,Education Loan,427077.13,9.32,2022-04-10,120,Active
LOAN00110,CUST00406,Home Loan,3643020.6,12.74,2019-12-30,180,Active
LOAN00111,CUST00553,Personal Loan,2849318.67,11.85,2019-09-12,240,Active
LOAN00112,CUST00083,Education Loan,4917452.37,8.46,2021-10-29,36,Active
LOAN00113,CUST03729,Home Loan,4959183.13,8.95,2023-02-06,240,Active
LOAN00114,CUST00213,Home Loan,3691188.6,12.54,2023-01-05,84,Closed
LOAN00115,CUST02755,Home Loan,3887347.23,10.91,2019-01-13,60,Closed
LOAN00116,CUST03009,Education Loan,1913599.46,10.01,2022-03-15,180,Defaulted
LOAN00117,CUST04381,Personal Loan,3966237.32,11.72,2020-06-03,240,Active
LOAN00118,CUST02877,Home Loan,424929.81,12.88,2019-12-23,36,Active
LOAN00119,CUST04491,Education Loan,309565.37,13.48,2019-01-17,120,Active
LOAN00120,CUST03393,Education Loan,1644376.07,9.99,2025-03-20,60,Closed
LOAN00121,CUST02323,Car Loan,2048196.34,12.42,2024-08-18,12,Active
LOAN00122,CUST01834,Car Loan,1396632.86,14.4,2021-07-01,60,Closed
LOAN00123,CUST02232,Personal Loan,352868.49,13.83,2019-04-25,60,Active
LOAN00124,CUST04845,Personal Loan,4918306.6,13.56,2019-07-01,24,Active
LOAN00125,CUST01979,Personal Loan,4936778.98,10.86,2025-07-04,36,Active
LOAN00126,CUST02896,Home Loan,2763244.23,7.73,2025-03-09,24,Active
LOAN00127,CUST03189,Education Loan,2564219.45,12.49,2024-02-05,120,Defaulted
LOAN00128,CUST01300,Car Loan,3159553.66,13.37,2023-10-16,180,Active
LOAN00129,CUST04761,Home Loan,4103416.88,14.1,2024-04-17,120,Closed
LOAN00130,CUST00676,Home Loan,473804.74,10.27,2024-09-25,12,Active
LOAN00131,CUST03993,Personal Loan,1316150.08,10.29,2021-12-31,36,Active
LOAN00132,CUST04596,Car Loan,3436272.53,13.15,2023-06-15,180,Active
LOAN00133,CUST01042,Personal Loan,1672139.9,9.28,2020-12-06,24,Active
LOAN00134,CUST00620,Education Loan,4284211.17,11.76,2024-02-01,60,Active
LOAN00135,CUST03166,Personal Loan,4010720.55,12.37,2024-04-15,12,Closed
LOAN00136,CUST02607,Education Loan,4866703.47,13.57,2019-09-30,240,Active
LOAN00137,CUST02460,Personal Loan,4467342.19,7.56,2021-06-24,12,Closed
LOAN00138,CUST01650,Home Loan,545644.45,14.5,2024-08-19,36,Active
LOAN00139,CUST04113,Education Loan,266964.63,11.14,2021-12-04,120,Active
LOAN00140,CUST01840,Car Loan,3139570.66,7.22,2023-04-16,240,Active
LOAN00141,CUST04154,Personal Loan,2372272.37,13.33,2025-08-24,240,Active
LOAN00142,CUST02624,Home Loan,2335425.34,9.15,2023-06-23,24,Active
LOAN00143,CUST03654,Personal Loan,1501397.96,8.48,2024-08-13,120,Active
LOAN00144,CUST00955,Education Loan,4161107.21,11.28,2025-10-06,180,Active
LOAN00145,CUST04263,Car Loan,4673545.24,14.35,2022-12-02,84,Active
LOAN00146,CUST04180,Personal Loan,2371826.96,11.32,2022-11-23,240,Active
LOAN00147,CUST00415,Education Loan,4445069.21,10.53,2024-07-22,180,Defaulted
LOAN00148,CUST03383,Personal Loan,4365690.68,6.53,2025-11-10,120,Closed
LOAN00149,CUST03692,Home Loan,3309733.65,11.56,2019-09-20,24,Closed
LOAN00150,CUST00184,Car Loan,1247577.51,12.4,2020-04-26,24,Active
LOAN00151,CUST00061,Education Loan,4406680.63,13.79,2022-05-24,180,Active
LOAN00152,CUST00592,Home Loan,3027057.65,13.15,2020-12-02,12,Active
LOAN00153,CUST03124,Car Loan,4710128.94,13.92,2024-03-18,180,Active
LOAN00154,CUST04154,Home Loan,1956681.78,7.29,2022-03-09,120,Closed
LOAN00155,CUST04200,Personal Loan,4173312.44,7.11,2019-01-31,84,Active
LOAN00156,CUST04542,Personal Loan,3113302.77,13.78,2021-02-20,36,Closed
LOAN00157,CUST04865,Education Loan,4455116.43,14.23,2019-12-24,84,Active
LOAN00158,CUST03354,Personal Loan,3611698.74,13.58,2023-11-10,120,Active
LOAN00159,CUST01380,Car Loan,4807679.24,7.91,2021-11-15,24,Closed
LOAN00160,CUST00551,Personal Loan,2868029.79,10.09,2020-07-02,60,Active
LOAN00161,CUST00255,Personal Loan,1613347.11,11.27,2019-01-11,180,Active
LOAN00162,CUST04930,Car Loan,1382955.51,13.09,2023-04-17,36,Closed
LOAN00163,CUST04475,Home Loan,3473262.26,7.04,2022-08-06,12,Active
LOAN00164,CUST00178,Car Loan,1009372.82,12.89,2025-04-10,60,Closed
LOAN00165,CUST04897,Education Loan,2944882.44,14.52,2024-12-20,12,Active
LOAN00166,CUST04070,Personal Loan,3440691.76,6.87,2022-05-16,84,Active
LOAN00167,CUST00260,Home Loan,2653683.19,10.43,2020-12-26,240,Closed
LOAN00168,CUST00804,Education Loan,953832.32,9.33,2021-02-12,60,Active
LOAN00169,CUST01526,Personal Loan,3828412.17,13.43,2023-01-12,84,Closed
LOAN00170,CUST01133,Education Loan,680944.66,12.62,2024-11-24,12,Active
LOAN00171,CUST04242,Car Loan,2494338.87,13.72,2023-10-28,60,Defaulted
LOAN00172,CUST04816,Car Loan,2985039.34,9.82,2023-04-19,120,Closed
LOAN00173,CUST00754,Personal Loan,4146949.09,10.09,2024-09-09,180,Active
LOAN00174,CUST01631,Personal Loan,2358016.66,13.59,2021-02-28,84,Active
LOAN00175,CUST01930,Personal Loan,2886371.68,9.74,2019-01-20,60,Closed
LOAN00176,CUST02497,Car Loan,4964269.69,12.91,2024-03-17,180,Active
LOAN00177,CUST01534,Car Loan,2983806.53,9.73,2025-09-10,12,Active
LOAN00178,CUST01305,Car Loan,2231286.48,9.96,2024-06-27,120,Active
LOAN00179,CUST03857,Car Loan,4101960.92,14.53,2023-01-10,84,Active
LOAN00180,CUST02305,Car Loan,1943363.41,14.58,2023-11-07,36,Active
LOAN00181,CUST04630,Home Loan,3106682.71,11.01,2023-07-19,60,Closed
LOAN00182,CUST04203,Car Loan,2836749.61,11.74,2024-06-23,84,Active
LOAN00183,CUST02978,Personal Loan,1117764.43,11.48,2025-07-27,24,Closed
LOAN00184,CUST04480,Car Loan,859654.0,11.23,2023-04-27,60,Closed
LOAN00185,CUST01111,Personal Loan,2971375.02,12.97,2019-05-03,84,Closed
LOAN00186,CUST04396,Personal Loan,522346.99,6.68,2025-11-24,240,Defaulted
LOAN00187,CUST02877,Personal Loan,143431.13,14.81,2022-09-09,36,Active
LOAN00188,CUST01085,Home Loan,872644.25,10.19,2020-06-12,84,Closed
LOAN00189,CUST03814,Home Loan,343560.11,11.37,2021-05-17,12,Active
LOAN00190,CUST02039,Home Loan,1620499.11,14.55,2025-12-30,180,Closed
LOAN00191,CUST02213,Home Loan,245562.63,9.08,2022-12-21,240,Closed
LOAN00192,CUST03229,Car Loan,3104533.92,12.12,2025-06-13,24,Active
LOAN00193,CUST01335,Personal Loan,3437715.28,13.28,2023-02-12,120,Active
LOAN00194,CUST01439,Home Loan,2771180.18,10.16,2022-05-24,36,Active
LOAN00195,CUST03750,Car Loan,319326.45,11.09,2024-11-05,60,Active
LOAN00196,CUST01261,Home Loan,3719753.58,8.03,2019-08-23,12,Closed
LOAN00197,CUST04691,Personal Loan,934460.29,7.93,2024-06-24,24,Active
LOAN00198,CUST02986,Car Loan,122313.8,13.84,2019-12-14,120,Active
LOAN00199,CUST00239,Home Loan,4576989.54,8.55,2021-03-17,24,Active
LOAN00200,CUST01890,Car Loan,1751132.47,12.1,2022-02-06,24,Active
LOAN00201,CUST02136,Education Loan,3893720.85,14.93,2019-07-31,36,Active
LOAN00202,CUST01216,Personal Loan,3240103.3,8.42,2019-02-21,60,Active
LOAN00203,CUST01541,Car Loan,835701.04,6.64,2021-07-29,12,Closed
LOAN00204,CUST00134,Personal Loan,706126.71,13.33,2019-01-31,240,Active
LOAN00205,CUST00621,Home Loan,4579087.59,11.61,2021-02-24,60,Active
LOAN00206,CUST03579,Education Loan,1997249.77,14.8,2021-05-31,12,Active
LOAN00207,CUST03780,Car Loan,2494829.49,8.81,2023-01-13,180,Active
LOAN00208,CUST00945,Education Loan,3365912.58,13.69,2020-07-06,120,Active
LOAN00209,CUST03417,Personal Loan,3425098.46,6.91,2020-05-15,84,Active
LOAN00210,CUST03922,Personal Loan,684599.62,11.13,2023-05-12,12,Defaulted
LOAN00211,CUST03050,Home Loan,3967412.15,6.86,2019-02-12,60,Closed
LOAN00212,CUST00317,Car Loan,1181402.1,9.08,2023-09-11,12,Active
LOAN00213,CUST04953,Personal Loan,926980.18,11.99,2023-03-23,60,Active
LOAN00214,CUST00696,Home Loan,1289855.55,12.07,2025-11-16,12,Active
LOAN00215,CUST00317,Personal Loan,4793674.59,14.98,2024-11-14,180,Active
LOAN00216,CUST03855,Personal Loan,197787.2,12.32,2022-07-14,24,Closed
LOAN00217,CUST02195,Home Loan,298549.99,13.25,2020-07-14,120,Active
LOAN00218,CUST03701,Education Loan,391979.94,7.19,2025-02-23,60,Active
LOAN00219,CUST00359,Home Loan,700268.14,13.71,2025-11-01,120,Closed
LOAN00220,CUST01039,Education Loan,904685.46,12.65,2025-07-22,24,Active
LOAN00221,CUST03030,Personal Loan,1963375.18,9.51,2021-07-22,36,Closed
LOAN00222,CUST00561,Home Loan,3944283.29,14.62,2020-01-25,24,Active
LOAN00223,CUST02916,Car Loan,757576.34,13.62,2019-08-23,36,Active
LOAN00224,CUST01328,Education Loan,2900420.0,7.36,2020-07-14,12,Closed
LOAN00225,CUST00745,Car Loan,79478.66,12.62,2022-08-11,240,Active
LOAN00226,CUST02613,Personal Loan,3227524.69,9.91,2021-02-25,240,Active
LOAN00227,CUST00950,Car Loan,830315.08,11.58,2021-07-13,120,Active
LOAN00228,CUST00455,Personal Loan,1517131.73,9.92,2023-05-06,240,Closed
LOAN00229,CUST04897,Personal Loan,3847625.58,12.46,2021-09-24,84,Closed
LOAN00230,CUST01691,Home Loan,4779417.18,12.08,2025-10-10,12,Closed
LOAN00231,CUST01038,Car Loan,4458948.45,9.02,2021-04-10,180,Active
LOAN00232,CUST01234,Home Loan,3067331.15,9.68,2021-09-06,60,Closed
LOAN00233,CUST00796,Education Loan,3513130.94,12.76,2023-12-02,240,Active
LOAN00234,CUST02274,Personal Loan,3646543.38,13.03,2023-10-26,240,Active
LOAN00235,CUST01498,Home Loan,3588028.35,13.67,2024-06-16,120,Active
LOAN00236,CUST04730,Car Loan,2832439.32,11.49,2025-05-27,24,Active
LOAN00237,CUST02456,Personal Loan,4638034.15,13.62,2023-01-24,240,Closed
LOAN00238,CUST03750,Education Loan,184048.03,8.72,2023-07-25,120,Active
LOAN00239,CUST04564,Education Loan,441584.54,11.72,2020-08-14,12,Closed
LOAN00240,CUST00312,Home Loan,4893090.48,13.77,2021-12-30,24,Closed
LOAN00241,CUST00085,Personal Loan,2254094.93,11.45,2022-04-14,36,Active
LOAN00242,CUST04029,Home Loan,2141961.77,12.32,2019-04-07,36,Closed
LOAN00243,CUST04212,Education Loan,3312734.35,9.39,2020-05-06,12,Active
LOAN00244,CUST00020,Personal Loan,4179307.05,8.38,2021-01-03,24,Closed
LOAN00245,CUST03749,Personal Loan,896347.99,11.68,2023-07-11,12,Defaulted
LOAN00246,CUST03480,Personal Loan,1570142.22,8.46,2020-09-25,120,Closed
LOAN00247,CUST04731,Personal Loan,3588628.42,9.46,2022-07-28,60,Active
LOAN00248,CUST00211,Education Loan,2073188.93,8.27,2021-11-30,84,Closed
LOAN00249,CUST04004,Car Loan,4943618.8,14.01,2020-10-18,120,Active
LOAN00250,CUST03064,Education Loan,2214415.35,7.39,2025-03-13,240,Active
LOAN00251,CUST01874,Personal Loan,1181536.96,7.24,2019-05-01,84,Closed
LOAN00252,CUST01127,Personal Loan,3308312.17,6.58,2023-12-20,180,Active
LOAN00253,CUST02246,Car Loan,3493463.41,13.08,2019-12-20,60,Active
LOAN00254,CUST02005,Personal Loan,395718.53,11.11,2025-10-30,12,Active
LOAN00255,CUST00439,Home Loan,4035987.24,9.38,2020-06-15,180,Active
LOAN00256,CUST04042,Personal Loan,3997968.51,8.48,2019-05-31,84,Defaulted
LOAN00257,CUST04580,Personal Loan,707241.76,7.08,2022-03-25,36,Active
LOAN00258,CUST04724,Personal Loan,899808.39,12.06,2019-11-02,84,Closed
LOAN00259,CUST00612,Personal Loan,3370679.48,12.13,2025-01-23,12,Active
LOAN00260,CUST04480,Car Loan,1010433.84,7.04,2021-01-12,12,Closed
LOAN00261,CUST00601,Home Loan,4189076.45,6.75,2021-08-28,24,Closed
LOAN00262,CUST02040,Car Loan,4468317.63,8.17,2023-04-19,12,Defaulted
LOAN00263,CUST01002,Personal Loan,1005210.37,12.56,2021-11-23,240,Closed
LOAN00264,CUST00512,Personal Loan,4299541.89,8.62,2024-02-19,84,Closed
LOAN00265,CUST04132,Car Loan,2527616.83,9.21,2025-05-20,240,Active
LOAN00266,CUST04450,Car Loan,2767055.61,12.24,2022-04-25,36,Closed
LOAN00267,CUST02688,Home Loan,1065967.29,11.66,2024-02-02,240,Closed
LOAN00268,CUST03564,Home Loan,3924419.04,6.73,2021-05-23,60,Active
LOAN00269,CUST01871,Education Loan,753471.11,10.28,2019-01-05,36,Closed
LOAN00270,CUST04931,Car Loan,769263.12,9.48,2019-12-27,36,Active
LOAN00271,CUST01935,Education Loan,564262.55,12.55,2021-04-17,240,Active
LOAN00272,CUST01583,Personal Loan,1132480.07,13.65,2024-10-30,120,Active
LOAN00273,CUST01665,Personal Loan,1472163.37,10.93,2019-06-18,120,Active
LOAN00274,CUST03196,Car Loan,2119126.39,9.5,2019-08-02,12,Closed
LOAN00275,CUST02556,Home Loan,1606792.3,13.04,2023-04-26,24,Closed
LOAN00276,CUST01484,Car Loan,4146062.1,6.64,2025-03-08,12,Active
LOAN00277,CUST04162,Home Loan,4912375.43,7.36,2019-03-08,36,Active
LOAN00278,CUST04791,Education Loan,2123374.19,6.72,2024-03-05,12,Active
LOAN00279,CUST01656,Education Loan,3661944.31,8.41,2023-11-24,36,Closed
LOAN00280,CUST00076,Car Loan,3669791.46,11.15,2019-07-26,36,Active
LOAN00281,CUST03749,Car Loan,4713425.13,8.74,2024-07-22,120,Closed
LOAN00282,CUST02321,Personal Loan,4268233.84,7.72,2024-05-16,24,Active
LOAN00283,CUST01070,Education Loan,2630914.77,14.08,2020-05-13,24,Closed
LOAN00284,CUST00651,Home Loan,1179318.96,7.12,2025-07-26,60,Active
LOAN00285,CUST02078,Home Loan,3510141.64,13.59,2020-03-19,180,Active
LOAN00286,CUST02405,Home Loan,4676625.29,12.95,2021-01-09,36,Closed
LOAN00287,CUST00509,Car Loan,1338954.05,8.85,2025-05-12,120,Active
LOAN00288,CUST00981,Home Loan,3702417.27,11.04,2023-04-25,180,Closed
LOAN00289,CUST04554,Personal Loan,210124.81,14.74,2025-07-06,60,Active
LOAN00290,CUST03018,Car Loan,1554339.4,11.53,2023-02-28,84,Active
LOAN00291,CUST00349,Education Loan,415874.9,10.09,2021-06-11,36,Active
LOAN00292,CUST04279,Car Loan,3905166.57,9.67,2025-01-21,12,Active
LOAN00293,CUST01476,Personal Loan,3722956.56,14.18,2021-04-16,36,Closed
LOAN00294,CUST00156,Car Loan,2070230.03,11.22,2019-11-23,240,Active
LOAN00295,CUST00701,Home Loan,3796260.64,6.92,2022-04-16,180,Active
LOAN00296,CUST01610,Car Loan,987809.09,11.61,2025-08-01,84,Active
LOAN00297,CUST00361,Personal Loan,3100179.87,9.65,2020-04-12,36,Active
LOAN00298,CUST00355,Personal Loan,314930.2,13.89,2023-12-05,240,Closed
LOAN00299,CUST00040,Home Loan,3013298.95,7.42,2019-12-17,36,Closed
LOAN00300,CUST02699,Car Loan,1356673.27,12.59,2019-08-04,24,Active
LOAN00301,CUST00622,Car Loan,805719.2,9.45,2019-01-06,180,Active
LOAN00302,CUST03045,Personal Loan,2124770.21,9.34,2023-11-18,24,Active
LOAN00303,CUST00549,Education Loan,2571545.4,7.96,2022-06-04,36,Closed
LOAN00304,CUST00023,Personal Loan,2621165.09,8.06,2019-05-16,36,Active
LOAN00305,CUST01152,Car Loan,2758749.99,12.24,2020-12-02,60,Closed
LOAN00306,CUST00817,Home Loan,3653943.13,11.71,2025-06-01,84,Active
LOAN00307,CUST02099,Home Loan,1780507.07,9.36,2020-10-29,12,Active
LOAN00308,CUST04056,Car Loan,3599597.19,10.29,2019-02-02,84,Active
LOAN00309,CUST03669,Car Loan,4620133.12,6.53,2019-06-06,60,Active
LOAN00310,CUST02417,Home Loan,2243681.75,12.27,2021-08-25,12,Active
LOAN00311,CUST01171,Home Loan,480454.6,11.86,2025-12-13,84,Active
LOAN00312,CUST03808,Home Loan,1303719.74,10.86,2022-03-26,240,Closed
LOAN00313,CUST03729,Education Loan,2809168.33,10.75,2024-04-18,24,Defaulted
LOAN00314,CUST00096,Home Loan,3220895.55,7.02,2020-02-03,24,Active
LOAN00315,CUST03638,Education Loan,1505861.4,11.69,2023-09-28,84,Active
LOAN00316,CUST04611,Personal Loan,2104426.52,7.55,2019-08-01,24,Closed
LOAN00317,CUST01669,Car Loan,611557.62,12.47,2023-03-16,84,Active
LOAN00318,CUST00581,Education Loan,966657.56,9.52,2019-04-02,120,Active
LOAN00319,CUST02876,Car Loan,2618020.41,13.93,2025-01-25,240,Active
LOAN00320,CUST02346,Personal Loan,4670311.5,9.83,2019-10-18,60,Closed
LOAN00321,CUST00583,Car Loan,1166397.46,9.96,2025-05-17,120,Closed
LOAN00322,CUST00174,Car Loan,4603647.84,14.48,2025-05-22,84,Active
LOAN00323,CUST04521,Home Loan,1613136.2,10.15,2019-11-20,24,Active
LOAN00324,CUST01561,Car Loan,3196374.79,8.57,2022-08-03,12,Active
LOAN00325,CUST02146,Car Loan,559850.55,12.55,2020-08-20,120,Closed
LOAN00326,CUST01807,Education Loan,1421642.34,11.91,2024-12-27,12,Closed
LOAN00327,CUST04021,Home Loan,4485277.9,10.62,2024-11-22,24,Active
LOAN00328,CUST04782,Car Loan,3870303.07,12.66,2023-01-17,24,Closed
LOAN00329,CUST02097,Personal Loan,4856513.55,7.45,2025-01-03,12,Closed
LOAN00330,CUST04256,Car Loan,1610432.49,11.54,2022-09-06,180,Active
LOAN00331,CUST04068,Home Loan,1460082.44,13.85,2025-06-19,36,Closed
LOAN00332,CUST00204,Car Loan,2988449.4,9.45,2019-05-02,180,Defaulted
LOAN00333,CUST02151,Home Loan,3232458.73,9.15,2023-07-04,36,Closed
LOAN00334,CUST04744,Personal Loan,1840926.3,7.4,2021-05-09,24,Active
LOAN00335,CUST01398,Car Loan,555943.27,10.45,2022-09-01,84,Active
LOAN00336,CUST04253,Car Loan,2308732.02,7.58,2021-01-20,60,Closed
LOAN00337,CUST01739,Education Loan,2512043.29,14.83,2022-11-20,12,Closed
LOAN00338,CUST02605,Personal Loan,3239335.03,11.2,2022-11-07,120,Closed
LOAN00339,CUST02406,Education Loan,649905.31,7.86,2020-01-27,84,Active
LOAN00340,CUST04790,Education Loan,1156016.3,9.34,2022-02-17,12,Active
LOAN00341,CUST04479,Home Loan,417127.33,9.66,2023-03-11,24,Active
LOAN00342,CUST01626,Car Loan,693406.57,12.25,2020-01-14,120,Closed
LOAN00343,CUST04227,Home Loan,4226274.69,7.93,2022-08-03,180,Closed
LOAN00344,CUST00571,Car Loan,1706330.13,7.13,2022-01-06,180,Active
LOAN00345,CUST04380,Personal Loan,3786150.17,9.15,2025-10-19,24,Active
LOAN00346,CUST02230,Education Loan,4449976.36,12.47,2025-10-17,12,Closed
LOAN00347,CUST02022,Personal Loan,244424.79,13.67,2025-03-06,12,Active
LOAN00348,CUST02361,Personal Loan,4856800.23,8.48,2019-02-09,120,Active
LOAN00349,CUST04428,Home Loan,1652830.85,13.8,2025-12-08,240,Closed
LOAN00350,CUST03169,Car Loan,4202231.32,8.84,2021-09-11,240,Active
LOAN00351,CUST03164,Personal Loan,631710.67,10.46,2021-03-30,60,Closed
LOAN00352,CUST04617,Personal Loan,4817581.31,11.83,2025-07-30,240,Active
LOAN00353,CUST01211,Personal Loan,2793806.94,12.22,2025-11-11,60,Closed
LOAN00354,CUST01820,Personal Loan,2641893.21,13.91,2023-09-10,240,Closed
LOAN00355,CUST03501,Personal Loan,3440781.04,10.89,2025-06-11,60,Active
LOAN00356,CUST03219,Home Loan,882020.8,9.11,2025-08-04,36,Active
LOAN00357,CUST03731,Education Loan,3452202.43,6.67,2020-08-31,36,Active
LOAN00358,CUST03819,Car Loan,3356124.54,12.59,2023-12-13,180,Closed
LOAN00359,CUST04868,Car Loan,1709718.22,9.14,2022-12-24,240,Active
LOAN00360,CUST02010,Home Loan,4572500.05,13.17,2022-04-03,12,Active
LOAN00361,CUST00017,Car Loan,985300.65,10.83,2020-09-01,120,Active
LOAN00362,CUST02427,Personal Loan,772918.14,11.05,2025-04-13,180,Active
LOAN00363,CUST00621,Personal Loan,1750186.58,12.84,2019-06-10,60,Active
LOAN00364,CUST03377,Personal Loan,416934.39,14.14,2024-12-04,180,Active
LOAN00365,CUST01850,Home Loan,378598.76,7.02,2021-01-19,180,Closed
LOAN00366,CUST01957,Home Loan,2651337.56,10.98,2020-12-27,24,Closed
LOAN00367,CUST01152,Personal Loan,1670658.2,8.5,2025-08-19,36,Closed
LOAN00368,CUST04069,Car Loan,246422.65,12.01,2025-08-26,120,Active
LOAN00369,CUST02419,Personal Loan,2138097.24,12.24,2023-09-15,120,Closed
LOAN00370,CUST00965,Car Loan,4696156.85,7.37,2020-03-13,24,Active
LOAN00371,CUST02499,Personal Loan,4172324.42,9.06,2023-08-27,36,Active
LOAN00372,CUST04181,Car Loan,1526226.96,7.59,2020-11-17,84,Active
LOAN00373,CUST04880,Personal Loan,649426.74,7.3,2024-03-12,12,Active
LOAN00374,CUST01168,Personal Loan,4209103.31,7.31,2023-06-29,120,Active
LOAN00375,CUST04427,Home Loan,2899860.35,10.4,2023-06-21,60,Active
LOAN00376,CUST03050,Car Loan,4708693.38,13.02,2020-01-02,12,Active
LOAN00377,CUST00769,Home Loan,2239824.34,9.84,2025-03-07,24,Closed
LOAN00378,CUST02115,Personal Loan,897951.12,8.61,2025-12-25,12,Active
LOAN00379,CUST02065,Personal Loan,3702591.26,7.02,2023-10-28,84,Defaulted
LOAN00380,CUST04224,Car Loan,3167273.69,9.62,2025-02-08,84,Closed
LOAN00381,CUST04307,Personal Loan,2473395.38,9.8,2021-03-23,36,Closed
LOAN00382,CUST01029,Car Loan,2754784.01,14.23,2022-06-30,120,Active
LOAN00383,CUST02762,Education Loan,277844.47,11.21,2024-09-03,240,Defaulted
LOAN00384,CUST04788,Home Loan,2406922.53,10.59,2025-12-06,180,Closed
LOAN00385,CUST03058,Home Loan,4626018.5,14.96,2023-12-24,24,Defaulted
LOAN00386,CUST00173,Home Loan,3124947.57,14.43,2019-05-27,84,Closed
LOAN00387,CUST03873,Education Loan,2756306.85,12.59,2019-06-11,24,Active
LOAN00388,CUST02667,Personal Loan,4886699.37,10.09,2025-02-01,12,Closed
LOAN00389,CUST01716,Personal Loan,2185256.54,9.91,2020-12-27,12,Active
LOAN00390,CUST00875,Home Loan,4483594.96,7.97,2024-04-20,84,Active
LOAN00391,CUST01703,Car Loan,1285266.43,10.78,2019-04-25,120,Active
LOAN00392,CUST04744,Home Loan,2625618.47,9.51,2019-03-14,24,Closed
LOAN00393,CUST02675,Car Loan,409940.55,10.63,2023-02-07,12,Closed
LOAN00394,CUST01826,Car Loan,2702475.08,12.99,2021-03-06,24,Active
LOAN00395,CUST00147,Car Loan,3585872.89,7.38,2023-08-30,60,Closed
LOAN00396,CUST01963,Car Loan,1595806.59,9.12,2025-05-29,36,Defaulted
LOAN00397,CUST02554,Personal Loan,187222.47,13.78,2020-11-28,180,Closed
LOAN00398,CUST03770,Education Loan,1483437.52,11.78,2022-06-22,12,Closed
LOAN00399,CUST03430,Car Loan,3275693.39,14.8,2025-06-07,84,Closed
LOAN00400,CUST01792,Home Loan,851476.62,8.58,2020-10-06,120,Closed
LOAN00401,CUST01761,Home Loan,1185924.08,8.03,2020-01-01,36,Closed
LOAN00402,CUST04300,Car Loan,3122756.47,9.99,2020-06-20,240,Active
LOAN00403,CUST04890,Personal Loan,996701.14,13.63,2019-05-17,240,Active
LOAN00404,CUST04781,Car Loan,2072018.12,9.31,2022-04-20,24,Active
LOAN00405,CUST00150,Personal Loan,1300231.61,11.92,2025-03-27,180,Active
LOAN00406,CUST02638,Car Loan,1814129.14,6.77,2025-12-26,24,Active
LOAN00407,CUST03418,Personal Loan,131072.34,14.12,2020-05-20,120,Active
LOAN00408,CUST04051,Personal Loan,51469.77,13.47,2019-08-12,60,Closed
LOAN00409,CUST02688,Home Loan,3740610.12,12.17,2023-03-24,60,Active
LOAN00410,CUST04821,Home Loan,2909720.54,7.1,2024-09-11,120,Closed
LOAN00411,CUST00248,Personal Loan,461868.47,12.05,2019-09-30,12,Closed
LOAN00412,CUST04959,Personal Loan,1155568.96,10.93,2020-09-11,180,Closed
LOAN00413,CUST02796,Personal Loan,1326716.26,12.14,2019-04-14,84,Closed
LOAN00414,CUST00285,Personal Loan,1586629.3,12.14,2021-02-19,120,Defaulted
LOAN00415,CUST02244,Personal Loan,4909789.85,13.87,2019-01-26,180,Active
LOAN00416,CUST00223,Home Loan,1454000.53,9.81,2024-07-25,84,Active
LOAN00417,CUST04900,Car Loan,3488981.39,13.97,2022-03-15,180,Active
LOAN00418,CUST02769,Home Loan,227711.52,7.36,2022-11-30,24,Active
LOAN00419,CUST02803,Personal Loan,2472056.35,7.87,2019-06-03,12,Active
LOAN00420,CUST02746,Personal Loan,3905347.47,9.37,2025-10-01,60,Active
LOAN00421,CUST00161,Home Loan,1346558.06,12.91,2019-02-08,12,Active
LOAN00422,CUST04561,Education Loan,1859881.46,9.64,2020-10-17,24,Active
LOAN00423,CUST04071,Car Loan,3936875.91,11.71,2024-03-29,36,Active
LOAN00424,CUST00055,Car Loan,3284988.93,13.23,2025-09-23,120,Active
LOAN00425,CUST03033,Personal Loan,2052252.19,10.56,2022-05-14,60,Closed
LOAN00426,CUST02445,Car Loan,2202503.82,11.22,2021-06-13,180,Closed
LOAN00427,CUST01956,Car Loan,1846183.91,7.7,2025-08-22,84,Defaulted
LOAN00428,CUST04277,Education Loan,3070738.52,9.48,2021-08-27,60,Active
LOAN00429,CUST00490,Car Loan,51792.06,7.01,2024-03-29,36,Closed
LOAN00430,CUST02095,Education Loan,2293696.96,11.09,2025-01-17,24,Active
LOAN00431,CUST01843,Car Loan,2852945.82,6.89,2023-07-22,120,Active
LOAN00432,CUST02394,Car Loan,3717691.8,12.5,2019-08-17,60,Closed
LOAN00433,CUST04526,Personal Loan,495684.96,7.16,2025-06-08,84,Active
LOAN00434,CUST02542,Car Loan,3533859.14,13.95,2019-03-10,24,Active
LOAN00435,CUST03624,Personal Loan,767984.23,10.19,2022-11-25,180,Closed
LOAN00436,CUST00732,Car Loan,1570015.76,10.5,2022-08-19,180,Closed
LOAN00437,CUST03205,Personal Loan,551366.61,13.29,2023-07-02,12,Closed
LOAN00438,CUST03759,Personal Loan,1725600.75,6.65,2025-11-16,36,Active
LOAN00439,CUST03644,Personal Loan,4332284.01,13.79,2024-07-06,180,Active
LOAN00440,CUST00184,Education Loan,2028907.62,10.05,2020-07-31,12,Closed
LOAN00441,CUST03228,Personal Loan,3467525.03,10.55,2022-07-11,240,Defaulted
LOAN00442,CUST04708,Personal Loan,1301876.87,7.45,2021-11-19,12,Active
LOAN00443,CUST03354,Home Loan,1216791.54,9.45,2025-07-15,24,Active
LOAN00444,CUST01686,Car Loan,193655.18,9.39,2022-08-08,36,Active
LOAN00445,CUST04307,Car Loan,4702355.47,7.97,2024-07-08,180,Active
LOAN00446,CUST02511,Personal Loan,4158736.38,8.66,2022-02-05,60,Active
LOAN00447,CUST00953,Personal Loan,3351473.38,10.06,2023-04-08,240,Closed
LOAN00448,CUST04895,Car Loan,1997498.39,7.21,2020-02-11,84,Active
LOAN00449,CUST02418,Personal Loan,4654385.38,9.13,2020-11-04,36,Defaulted
LOAN00450,CUST03205,Car Loan,1691012.82,11.61,2024-12-08,120,Active
LOAN00451,CUST02787,Personal Loan,3807702.08,7.45,2023-05-06,84,Active
LOAN00452,CUST04498,Personal Loan,4043824.69,7.66,2023-04-03,84,Closed
LOAN00453,CUST00549,Personal Loan,1636326.34,14.38,2025-08-18,180,Active
LOAN00454,CUST00684,Car Loan,1459094.37,8.21,2022-10-08,120,Defaulted
LOAN00455,CUST02873,Home Loan,1017967.02,7.41,2024-07-28,120,Active
LOAN00456,CUST00631,Education Loan,2345207.58,7.84,2023-07-06,24,Active
LOAN00457,CUST00398,Car Loan,2108428.28,8.28,2019-06-16,120,Active
LOAN00458,CUST00270,Personal Loan,4486221.38,10.82,2022-02-06,120,Active
LOAN00459,CUST03816,Education Loan,4336559.18,13.42,2020-04-24,240,Closed
LOAN00460,CUST04735,Personal Loan,3622046.15,7.72,2025-11-02,60,Active
LOAN00461,CUST03833,Home Loan,3013585.93,13.7,2024-07-14,24,Closed
LOAN00462,CUST01365,Personal Loan,1077062.59,9.66,2024-04-27,240,Closed
LOAN00463,CUST04837,Car Loan,2473898.55,13.01,2020-01-07,24,Active
LOAN00464,CUST02184,Car Loan,2386743.6,9.66,2020-01-10,12,Closed
LOAN00465,CUST04078,Personal Loan,2584449.56,13.33,2022-09-01,12,Active
LOAN00466,CUST03955,Car Loan,66451.65,12.42,2024-01-01,84,Active
LOAN00467,CUST04947,Education Loan,1459989.64,12.45,2021-08-21,60,Active
LOAN00468,CUST04000,Home Loan,4289958.33,12.96,2023-06-18,240,Active
LOAN00469,CUST03367,Education Loan,4605672.12,8.67,2024-11-24,180,Active
LOAN00470,CUST01106,Personal Loan,1209969.88,9.4,2025-04-13,180,Active
LOAN00471,CUST01785,Car Loan,3559988.83,13.36,2025-12-30,24,Closed
LOAN00472,CUST02285,Home Loan,890487.06,12.94,2021-12-04,24,Active
LOAN00473,CUST02871,Education Loan,4737355.98,12.63,2020-03-31,36,Active
LOAN00474,CUST00048,Car Loan,2484545.78,12.0,2025-03-28,60,Active
LOAN00475,CUST03506,Car Loan,3851133.15,11.31,2022-05-21,84,Active
LOAN00476,CUST04751,Personal Loan,1904282.29,10.35,2023-03-23,120,Active
LOAN00477,CUST03898,Car Loan,4718542.49,12.55,2019-12-02,84,Defaulted
LOAN00478,CUST03072,Car Loan,2402407.6,6.72,2022-07-10,36,Defaulted
LOAN00479,CUST02105,Education Loan,591723.57,9.84,2025-10-24,36,Active
LOAN00480,CUST01066,Car Loan,372443.9,12.66,2019-07-15,60,Closed
LOAN00481,CUST02813,Home Loan,2088828.25,8.29,2020-12-01,84,Active
LOAN00482,CUST04218,Personal Loan,4206465.21,8.16,2024-05-26,24,Active
LOAN00483,CUST03707,Car Loan,3460512.31,7.67,2024-09-28,84,Active
LOAN00484,CUST01862,Education Loan,1807242.83,7.68,2019-06-27,12,Closed
LOAN00485,CUST02103,Home Loan,3104621.78,6.65,2021-01-14,60,Active
LOAN00486,CUST01103,Personal Loan,1006395.2,7.61,2022-03-18,84,Active
LOAN00487,CUST00778,Home Loan,2234947.7,10.79,2022-07-17,84,Defaulted
LOAN00488,CUST01892,Home Loan,1735863.34,11.67,2024-08-04,84,Active
LOAN00489,CUST04346,Car Loan,3147161.1,12.14,2025-01-18,240,Active
LOAN00490,CUST02017,Home Loan,2300235.82,13.15,2020-07-13,120,Active
LOAN00491,CUST02161,Home Loan,4050099.89,10.11,2024-11-15,180,Active
LOAN00492,CUST04404,Home Loan,4521181.17,10.14,2024-07-15,24,Active
LOAN00493,CUST01785,Personal Loan,339490.58,6.81,2024-07-15,12,Closed
LOAN00494,CUST01036,Personal Loan,3121801.3,8.5,2022-11-13,84,Active
LOAN00495,CUST01501,Personal Loan,1916731.53,13.21,2022-01-07,12,Closed
LOAN00496,CUST03474,Home Loan,272081.7,14.77,2020-03-08,180,Defaulted
LOAN00497,CUST02967,Personal Loan,4898780.18,7.24,2025-03-17,24,Active
LOAN00498,CUST04096,Personal Loan,1341287.38,14.2,2025-07-16,180,Active
LOAN00499,CUST03125,Car Loan,2841809.55,6.91,2021-12-08,120,Active
LOAN00500,CUST00487,Education Loan,89797.88,14.98,2022-04-26,24,Active
LOAN00501,CUST04328,Personal Loan,1927157.15,8.94,2024-09-17,24,Defaulted
LOAN00502,CUST03212,Home Loan,2748246.02,8.1,2025-02-03,36,Active
LOAN00503,CUST03249,Home Loan,3046909.51,10.66,2023-12-27,120,Closed
LOAN00504,CUST00444,Home Loan,2494631.9,8.24,2023-08-02,120,Defaulted
LOAN00505,CUST04599,Personal Loan,2487308.93,13.73,2022-01-01,36,Active
LOAN00506,CUST02800,Personal Loan,426816.49,11.26,2022-04-14,84,Active
LOAN00507,CUST01963,Home Loan,491566.02,14.97,2024-04-24,120,Active
LOAN00508,CUST00553,Car Loan,2143764.43,10.65,2022-04-08,12,Active
LOAN00509,CUST00474,Personal Loan,2707735.7,9.7,2022-12-29,240,Closed
LOAN00510,CUST01250,Home Loan,2661363.69,14.53,2021-06-21,180,Closed
LOAN00511,CUST04859,Personal Loan,3920288.24,11.0,2020-12-14,84,Closed
LOAN00512,CUST01682,Personal Loan,2736836.24,13.3,2022-09-18,240,Active
LOAN00513,CUST04918,Personal Loan,1592799.76,11.72,2024-09-16,120,Active
LOAN00514,CUST04811,Home Loan,1478449.92,11.3,2023-12-09,84,Defaulted
LOAN00515,CUST02520,Car Loan,3274662.94,13.79,2025-04-09,240,Defaulted
LOAN00516,CUST01848,Personal Loan,2878434.43,10.3,2025-10-11,24,Active
LOAN00517,CUST04022,Personal Loan,2077433.49,8.23,2024-11-10,120,Active
LOAN00518,CUST03921,Car Loan,657417.54,11.55,2024-04-30,84,Closed
LOAN00519,CUST01824,Car Loan,1973681.57,8.84,2025-09-03,24,Active
LOAN00520,CUST00794,Home Loan,3661003.0,12.59,2021-01-13,84,Closed
LOAN00521,CUST02177,Home Loan,2417923.34,9.21,2020-10-19,180,Active
LOAN00522,CUST03986,Personal Loan,2510191.86,13.96,2025-10-03,120,Active
LOAN00523,CUST01239,Personal Loan,3428967.49,10.04,2019-12-08,60,Closed
LOAN00524,CUST01052,Car Loan,2257948.99,7.44,2023-05-18,120,Closed
LOAN00525,CUST04245,Personal Loan,1748773.72,6.62,2020-01-19,24,Active
LOAN00526,CUST01228,Home Loan,4471500.05,12.52,2020-07-31,24,Closed
LOAN00527,CUST03510,Car Loan,1202768.35,12.59,2024-12-01,240,Closed
LOAN00528,CUST01999,Car Loan,2890003.24,12.62,2024-12-27,12,Closed
LOAN00529,CUST02421,Personal Loan,1561229.59,7.81,2025-10-11,60,Active
LOAN00530,CUST04777,Car Loan,1124890.15,6.99,2021-12-09,12,Active
LOAN00531,CUST03510,Car Loan,3818213.57,8.8,2024-11-29,180,Active
LOAN00532,CUST02734,Car Loan,747869.88,10.61,2019-01-26,24,Defaulted
LOAN00533,CUST01755,Home Loan,3654581.32,7.05,2025-12-20,36,Active
LOAN00534,CUST01029,Home Loan,3513978.49,13.41,2019-09-19,180,Active
LOAN00535,CUST03704,Personal Loan,2439733.26,12.4,2019-10-15,180,Active
LOAN00536,CUST00883,Home Loan,2705765.21,7.46,2020-01-13,180,Active
LOAN00537,CUST02002,Car Loan,4726595.01,8.92,2023-04-23,12,Active
LOAN00538,CUST02132,Home Loan,353761.27,12.0,2020-01-29,36,Closed
LOAN00539,CUST03845,Car Loan,2211803.12,7.48,2023-12-24,180,Active
LOAN00540,CUST04002,Personal Loan,2707709.56,8.14,2022-05-11,12,Active
LOAN00541,CUST00933,Car Loan,3131260.35,9.62,2022-05-21,36,Active
LOAN00542,CUST02746,Personal Loan,246873.01,14.7,2025-11-30,60,Closed
LOAN00543,CUST04555,Education Loan,454696.92,9.7,2019-09-10,60,Closed
LOAN00544,CUST01465,Home Loan,3996879.43,7.04,2025-11-15,24,Defaulted
LOAN00545,CUST01775,Car Loan,3993688.13,14.3,2020-03-09,36,Active
LOAN00546,CUST01977,Home Loan,4621603.44,7.55,2020-11-02,180,Active
LOAN00547,CUST03996,Personal Loan,3010494.06,13.55,2019-07-26,12,Closed
LOAN00548,CUST00495,Home Loan,4270306.12,13.43,2020-03-27,180,Active
LOAN00549,CUST02126,Car Loan,3727578.1,13.88,2025-01-29,12,Active
LOAN00550,CUST03892,Home Loan,2609621.46,7.24,2021-06-22,12,Active
LOAN00551,CUST00040,Personal Loan,3374646.79,14.88,2020-02-15,84,Active
LOAN00552,CUST03908,Personal Loan,2919433.82,10.7,2021-03-23,180,Closed
LOAN00553,CUST03118,Personal Loan,2189974.98,10.76,2022-02-25,120,Defaulted
LOAN00554,CUST04459,Home Loan,2358476.02,7.26,2019-08-25,120,Active
LOAN00555,CUST00528,Personal Loan,1457825.78,10.59,2020-04-17,12,Active
LOAN00556,CUST00224,Personal Loan,4459893.03,11.33,2020-10-28,12,Active
LOAN00557,CUST00894,Personal Loan,228880.65,6.92,2024-10-10,180,Active
LOAN00558,CUST03539,Personal Loan,2264223.74,7.89,2023-06-22,24,Active
LOAN00559,CUST01850,Home Loan,2870908.67,11.13,2021-03-22,36,Closed
LOAN00560,CUST04887,Home Loan,3376528.04,7.14,2019-10-30,12,Closed
LOAN00561,CUST02665,Car Loan,1961438.63,7.23,2021-12-22,180,Active
LOAN00562,CUST01244,Car Loan,2661088.65,9.89,2024-08-29,36,Closed
LOAN00563,CUST04003,Home Loan,4651734.97,8.37,2019-09-05,24,Active
LOAN00564,CUST02708,Education Loan,3059809.27,8.24,2023-06-01,60,Active
LOAN00565,CUST01426,Personal Loan,180215.05,8.84,2024-08-12,240,Active
LOAN00566,CUST03916,Personal Loan,657938.07,8.65,2022-11-13,24,Active
LOAN00567,CUST03304,Home Loan,911164.5,11.75,2022-04-23,84,Active
LOAN00568,CUST03345,Car Loan,840279.58,11.31,2024-04-22,84,Closed
LOAN00569,CUST01777,Personal Loan,3165312.44,11.63,2022-01-04,24,Active
LOAN00570,CUST00277,Home Loan,4262123.58,10.57,2023-06-23,24,Closed
LOAN00571,CUST03712,Personal Loan,1992474.48,6.91,2019-05-12,84,Active
LOAN00572,CUST00377,Car Loan,3582544.72,14.73,2023-01-06,36,Active
LOAN00573,CUST04188,Home Loan,1759191.89,7.51,2023-04-26,24,Closed
LOAN00574,CUST00645,Education Loan,3238694.14,13.16,2023-11-13,12,Active
LOAN00575,CUST00657,Personal Loan,4953675.8,13.75,2022-09-13,36,Closed
LOAN00576,CUST02329,Personal Loan,833811.8,7.72,2025-09-03,60,Active
LOAN00577,CUST03984,Car Loan,4462192.37,11.89,2023-12-02,180,Closed
LOAN00578,CUST04395,Home Loan,2145598.36,11.84,2023-04-16,120,Closed
LOAN00579,CUST04971,Personal Loan,1376577.92,8.41,2020-12-29,84,Active
LOAN00580,CUST04367,Home Loan,1115889.86,6.57,2019-06-16,60,Active
LOAN00581,CUST02063,Personal Loan,2191045.29,7.0,2024-12-11,24,Active
LOAN00582,CUST03581,Home Loan,2182987.99,8.66,2019-02-09,240,Active
LOAN00583,CUST00357,Personal Loan,3792075.52,14.51,2022-09-23,240,Closed
LOAN00584,CUST04800,Car Loan,2683175.06,12.01,2025-11-13,60,Active
LOAN00585,CUST00278,Home Loan,2329387.88,14.96,2024-09-15,60,Active
LOAN00586,CUST00792,Education Loan,1600011.38,12.68,2020-04-29,60,Active
LOAN00587,CUST03254,Home Loan,3862593.1,9.57,2025-04-28,180,Closed
LOAN00588,CUST00157,Home Loan,759876.2,13.66,2019-07-16,36,Active
LOAN00589,CUST03230,Personal Loan,58203.99,12.94,2020-12-29,12,Defaulted
LOAN00590,CUST01365,Personal Loan,3110721.9,10.51,2022-06-02,12,Active
LOAN00591,CUST00107,Home Loan,531570.74,8.59,2024-01-25,60,Closed
LOAN00592,CUST03329,Car Loan,1745102.54,14.39,2020-10-11,180,Closed
LOAN00593,CUST03986,Home Loan,1139673.35,10.19,2025-08-03,180,Active
LOAN00594,CUST00707,Home Loan,3562846.04,13.09,2024-01-18,120,Closed
LOAN00595,CUST02536,Home Loan,4527528.6,11.24,2023-12-04,180,Active
LOAN00596,CUST00826,Personal Loan,4957660.03,8.88,2019-12-13,12,Closed
LOAN00597,CUST02162,Car Loan,752313.87,8.83,2022-10-28,24,Active
LOAN00598,CUST00422,Personal Loan,1620046.11,8.9,2025-11-08,36,Active
LOAN00599,CUST00425,Education Loan,300390.67,10.07,2022-08-12,60,Active
LOAN00600,CUST03633,Education Loan,936715.91,13.29,2025-11-07,24,Active
LOAN00601,CUST04320,Education Loan,3193201.02,8.99,2022-07-04,240,Active
LOAN00602,CUST03053,Car Loan,59974.83,11.35,2020-05-19,84,Active
LOAN00603,CUST02235,Personal Loan,1663585.19,12.51,2019-05-12,240,Active
LOAN00604,CUST02534,Education Loan,3321811.52,10.87,2025-03-08,24,Closed
LOAN00605,CUST03725,Personal Loan,1549883.37,14.59,2023-10-08,36,Active
LOAN00606,CUST01976,Personal Loan,251999.42,10.33,2023-02-10,24,Active
LOAN00607,CUST00081,Home Loan,3570818.26,8.39,2022-08-15,180,Closed
LOAN00608,CUST03465,Car Loan,4544945.01,11.62,2019-07-20,120,Active
LOAN00609,CUST04547,Education Loan,4625428.85,9.23,2023-04-10,24,Active
LOAN00610,CUST01850,Home Loan,1153295.72,11.74,2023-06-16,24,Active
LOAN00611,CUST02822,Personal Loan,4803252.15,14.9,2020-09-23,12,Active
LOAN00612,CUST04674,Car Loan,2650027.71,12.8,2019-11-11,240,Active
LOAN00613,CUST00884,Car Loan,4065467.11,12.43,2020-08-15,12,Active
LOAN00614,CUST04522,Personal Loan,2448805.65,12.35,2022-05-28,84,Closed
LOAN00615,CUST02662,Education Loan,3784862.42,10.84,2023-04-21,60,Active
LOAN00616,CUST02696,Home Loan,4087483.53,6.76,2021-03-19,120,Active
LOAN00617,CUST01063,Education Loan,3226395.83,12.09,2019-06-11,120,Active
LOAN00618,CUST00039,Car Loan,1246328.47,6.91,2020-11-20,240,Active
LOAN00619,CUST03353,Home Loan,2600033.84,13.49,2024-08-11,24,Active
LOAN00620,CUST00046,Personal Loan,423569.95,11.15,2020-02-05,120,Closed
LOAN00621,CUST00412,Home Loan,2174954.42,12.2,2019-07-28,120,Active
LOAN00622,CUST03425,Car Loan,4611981.44,11.25,2024-05-31,180,Active
LOAN00623,CUST01305,Car Loan,245644.87,7.91,2023-08-15,36,Active
LOAN00624,CUST03592,Home Loan,863456.53,12.74,2024-11-19,120,Active
LOAN00625,CUST00387,Car Loan,2517959.49,10.59,2020-04-29,12,Closed
LOAN00626,CUST04040,Education Loan,3588737.58,14.29,2021-03-08,36,Closed
LOAN00627,CUST04170,Personal Loan,4166913.84,11.58,2022-04-12,120,Active
LOAN00628,CUST03773,Home Loan,3890223.82,7.14,2019-05-08,24,Closed
LOAN00629,CUST03695,Personal Loan,2556255.77,8.39,2025-07-23,12,Active
LOAN00630,CUST00446,Home Loan,1202488.67,8.74,2023-09-30,24,Closed
LOAN00631,CUST02373,Home Loan,3993714.29,14.5,2020-10-14,84,Active
LOAN00632,CUST03258,Car Loan,2353779.79,11.17,2020-11-09,84,Closed
LOAN00633,CUST02320,Personal Loan,4627608.23,10.81,2022-05-18,36,Closed
LOAN00634,CUST01084,Home Loan,944929.4,14.3,2023-12-02,60,Closed
LOAN00635,CUST01763,Education Loan,4810155.43,11.44,2021-09-29,180,Active
LOAN00636,CUST01350,Home Loan,3942704.11,10.64,2025-04-04,84,Closed
LOAN00637,CUST03054,Home Loan,4198975.45,13.64,2023-07-12,120,Active
LOAN00638,CUST00528,Personal Loan,1339740.83,10.56,2019-01-22,180,Closed
LOAN00639,CUST00596,Car Loan,3186202.76,9.35,2024-10-28,84,Active
LOAN00640,CUST01210,Personal Loan,796552.4,7.0,2023-09-26,84,Active
LOAN00641,CUST01703,Education Loan,3861178.21,8.66,2019-06-26,12,Closed
LOAN00642,CUST00456,Car Loan,4256779.21,10.71,2025-01-15,36,Active
LOAN00643,CUST03575,Education Loan,4089587.73,8.81,2024-06-05,120,Closed
LOAN00644,CUST04678,Personal Loan,2734478.92,14.69,2024-12-16,180,Active
LOAN00645,CUST01679,Home Loan,3639251.7,7.4,2019-01-11,240,Active
LOAN00646,CUST01533,Car Loan,4514503.8,6.8,2024-10-06,24,Closed
LOAN00647,CUST02018,Personal Loan,3535245.59,13.1,2023-05-25,240,Active
LOAN00648,CUST01185,Education Loan,4763386.82,14.77,2019-03-10,24,Active
LOAN00649,CUST00134,Car Loan,195493.0,8.5,2025-11-03,12,Active
LOAN00650,CUST01371,Car Loan,480517.42,6.92,2025-06-22,12,Active
LOAN00651,CUST01438,Car Loan,1882068.92,11.87,2019-12-25,120,Defaulted
LOAN00652,CUST00020,Education Loan,954672.27,7.98,2025-04-17,240,Active
LOAN00653,CUST00147,Personal Loan,1822310.57,13.47,2019-04-16,84,Active
LOAN00654,CUST03691,Car Loan,4161243.6,6.85,2019-07-29,120,Active
LOAN00655,CUST02719,Education Loan,4037006.06,9.04,2019-02-01,60,Closed
LOAN00656,CUST01618,Car Loan,4983640.22,13.79,2021-12-10,84,Closed
LOAN00657,CUST00630,Home Loan,899684.18,9.97,2025-08-11,180,Active
LOAN00658,CUST02401,Personal Loan,4134495.81,11.49,2019-01-24,24,Active
LOAN00659,CUST02858,Home Loan,2308020.52,7.21,2022-03-02,120,Active
LOAN00660,CUST02541,Personal Loan,2908146.56,7.86,2023-07-05,240,Active
LOAN00661,CUST00346,Car Loan,1950945.0,9.65,2021-11-10,180,Defaulted
LOAN00662,CUST02388,Home Loan,541727.45,10.41,2019-04-11,36,Defaulted
LOAN00663,CUST03625,Personal Loan,3768681.92,13.73,2024-04-25,84,Active
LOAN00664,CUST01255,Car Loan,4554164.69,7.98,2021-09-02,60,Closed
LOAN00665,CUST00202,Personal Loan,3568830.65,9.86,2021-07-11,240,Active
LOAN00666,CUST02475,Car Loan,2094426.88,8.07,2020-05-25,24,Active
LOAN00667,CUST00203,Personal Loan,2113032.36,7.61,2024-03-22,120,Active
LOAN00668,CUST01574,Car Loan,3870367.67,13.68,2025-08-23,120,Active
LOAN00669,CUST03482,Education Loan,604240.26,10.99,2019-10-07,60,Active
LOAN00670,CUST03732,Car Loan,3132181.88,13.71,2024-03-17,180,Closed
LOAN00671,CUST03843,Car Loan,4591572.56,7.72,2019-07-23,84,Active
LOAN00672,CUST00322,Car Loan,2827790.68,11.72,2025-02-21,24,Active
LOAN00673,CUST04255,Home Loan,745542.4,6.63,2023-03-23,84,Closed
LOAN00674,CUST04120,Car Loan,4347586.73,13.25,2021-05-08,60,Active
LOAN00675,CUST04801,Car Loan,1323966.87,9.13,2021-10-05,84,Active
LOAN00676,CUST00373,Personal Loan,4497540.34,12.86,2024-06-14,36,Active
LOAN00677,CUST01760,Personal Loan,1753114.59,10.57,2025-10-28,120,Closed
LOAN00678,CUST00543,Car Loan,3054482.09,11.53,2023-06-24,84,Active
LOAN00679,CUST04401,Car Loan,712010.33,7.85,2019-05-08,24,Active
LOAN00680,CUST01495,Car Loan,2090043.68,11.5,2023-03-05,240,Closed
LOAN00681,CUST00722,Education Loan,4890349.33,12.19,2025-02-05,240,Closed
LOAN00682,CUST00340,Home Loan,3231632.37,11.5,2024-06-20,180,Closed
LOAN00683,CUST04361,Car Loan,2882600.89,9.98,2024-10-28,84,Active
LOAN00684,CUST01053,Home Loan,3220754.11,7.03,2019-08-07,84,Active
LOAN00685,CUST02477,Personal Loan,1388465.14,8.19,2025-10-23,120,Active
LOAN00686,CUST02343,Education Loan,1946989.73,11.6,2019-12-27,24,Active
LOAN00687,CUST02166,Car Loan,983015.14,9.84,2023-10-26,180,Closed
LOAN00688,CUST02280,Personal Loan,1466262.87,9.75,2022-10-27,36,Active
LOAN00689,CUST03606,Home Loan,1838127.52,7.2,2024-02-08,180,Active
LOAN00690,CUST00858,Home Loan,4784844.11,10.78,2022-01-10,24,Active
LOAN00691,CUST03649,Personal Loan,2316239.08,10.52,2023-06-19,240,Closed
LOAN00692,CUST02777,Personal Loan,3632273.44,12.56,2023-11-07,24,Closed
LOAN00693,CUST04948,Personal Loan,862174.22,9.56,2023-05-25,12,Closed
LOAN00694,CUST00234,Car Loan,612717.84,12.69,2020-11-25,24,Closed
LOAN00695,CUST01431,Personal Loan,4028785.56,8.96,2020-03-09,36,Active
LOAN00696,CUST00019,Education Loan,4761476.52,14.02,2021-07-26,120,Active
LOAN00697,CUST03228,Home Loan,3890920.5,12.13,2020-09-12,180,Active
LOAN00698,CUST01596,Home Loan,108569.26,10.77,2020-04-22,240,Active
LOAN00699,CUST03429,Education Loan,4695667.43,11.04,2020-03-26,120,Closed
LOAN00700,CUST02815,Home Loan,520949.08,8.32,2020-01-18,240,Active
LOAN00701,CUST02888,Personal Loan,1687380.26,13.74,2019-08-10,24,Active
LOAN00702,CUST01620,Personal Loan,2256618.43,8.75,2023-03-22,60,Closed
LOAN00703,CUST02179,Home Loan,1960977.49,8.25,2021-02-08,84,Active
LOAN00704,CUST02432,Education Loan,3364966.53,11.0,2022-03-07,84,Active
LOAN00705,CUST03072,Education Loan,1744598.33,7.59,2019-08-11,12,Active
LOAN00706,CUST04629,Car Loan,146740.04,9.9,2019-05-18,24,Active
LOAN00707,CUST04627,Car Loan,1631677.71,14.84,2019-06-16,120,Active
LOAN00708,CUST01922,Education Loan,1993042.31,8.78,2023-04-04,240,Active
LOAN00709,CUST04476,Car Loan,1143817.47,9.93,2021-04-05,180,Active
LOAN00710,CUST00622,Home Loan,2784820.31,10.95,2024-11-14,60,Active
LOAN00711,CUST01561,Home Loan,1086849.14,13.91,2021-08-26,60,Closed
LOAN00712,CUST00332,Home Loan,3073184.84,14.02,2020-10-08,180,Active
LOAN00713,CUST03760,Education Loan,2723697.85,13.17,2021-12-09,84,Closed
LOAN00714,CUST03802,Personal Loan,814794.19,9.05,2023-03-17,60,Active
LOAN00715,CUST00931,Home Loan,348484.63,8.58,2021-09-18,240,Active
LOAN00716,CUST01185,Car Loan,1548890.96,14.96,2021-12-13,120,Active
LOAN00717,CUST02854,Education Loan,2922371.89,9.53,2020-02-26,24,Active
LOAN00718,CUST00570,Education Loan,2121673.82,14.15,2019-01-11,84,Closed
LOAN00719,CUST02442,Personal Loan,70537.91,10.05,2024-09-17,120,Active
LOAN00720,CUST02101,Personal Loan,1593093.84,9.85,2021-01-27,36,Closed
LOAN00721,CUST00094,Education Loan,3636342.86,13.16,2025-02-08,120,Active
LOAN00722,CUST04411,Personal Loan,4357749.88,11.69,2022-11-13,84,Closed
LOAN00723,CUST01272,Car Loan,3210779.3,12.17,2019-09-23,60,Active
LOAN00724,CUST02006,Personal Loan,1393793.34,13.43,2025-05-09,12,Closed
LOAN00725,CUST02230,Car Loan,2547964.13,14.47,2020-07-10,240,Active
LOAN00726,CUST04917,Car Loan,4474632.51,13.35,2021-01-27,12,Active
LOAN00727,CUST00439,Home Loan,3718033.16,13.74,2020-12-25,84,Active
LOAN00728,CUST04111,Car Loan,3407073.46,11.65,2025-11-20,120,Closed
LOAN00729,CUST00832,Home Loan,4184969.74,13.05,2024-12-13,60,Active
LOAN00730,CUST04241,Personal Loan,3936996.23,8.53,2025-09-16,36,Closed
LOAN00731,CUST00508,Personal Loan,4703102.89,10.2,2022-01-30,12,Active
LOAN00732,CUST03850,Personal Loan,1671490.88,14.29,2025-12-02,12,Active
LOAN00733,CUST00470,Education Loan,4329417.07,11.3,2023-02-23,12,Active
LOAN00734,CUST02077,Personal Loan,964004.3,14.22,2019-02-05,12,Active
LOAN00735,CUST01938,Car Loan,3319860.89,11.25,2020-05-17,24,Active
LOAN00736,CUST02328,Car Loan,3606981.02,7.49,2024-05-11,240,Active
LOAN00737,CUST01701,Car Loan,4431520.38,12.29,2024-06-23,84,Defaulted
LOAN00738,CUST02970,Education Loan,2309234.72,8.96,2022-01-13,12,Closed
LOAN00739,CUST03209,Personal Loan,3210971.51,9.82,2019-07-14,24,Closed
LOAN00740,CUST04158,Home Loan,2019647.17,14.24,2021-07-18,60,Active
LOAN00741,CUST01155,Home Loan,4143672.41,14.61,2019-04-13,60,Closed
LOAN00742,CUST03116,Car Loan,477875.25,8.5,2023-10-21,24,Defaulted
LOAN00743,CUST03003,Home Loan,3136207.71,7.29,2022-07-04,180,Defaulted
LOAN00744,CUST01366,Education Loan,2562774.0,10.33,2021-06-13,120,Defaulted
LOAN00745,CUST02240,Education Loan,4321956.3,14.71,2023-06-25,120,Active
LOAN00746,CUST00593,Education Loan,4215877.28,8.27,2024-11-02,84,Active
LOAN00747,CUST01755,Home Loan,2790149.96,7.15,2022-10-06,84,Active
LOAN00748,CUST01136,Home Loan,4297089.9,9.05,2024-01-13,24,Closed
LOAN00749,CUST03596,Education Loan,3685012.48,13.23,2023-10-15,24,Closed
LOAN00750,CUST03537,Car Loan,3758226.2,7.36,2024-10-25,180,Active
LOAN00751,CUST02425,Personal Loan,605841.42,13.28,2022-01-15,120,Closed
LOAN00752,CUST03223,Home Loan,791405.04,13.45,2023-05-12,84,Active
LOAN00753,CUST02748,Car Loan,2418158.89,12.38,2021-06-06,24,Active
LOAN00754,CUST04598,Personal Loan,4632166.38,13.71,2019-07-10,240,Closed
LOAN00755,CUST02295,Home Loan,3158102.05,6.9,2023-08-15,180,Active
LOAN00756,CUST02332,Personal Loan,4777176.51,6.82,2023-11-16,12,Closed
LOAN00757,CUST02954,Personal Loan,2017093.66,6.85,2020-11-13,180,Active
LOAN00758,CUST03092,Personal Loan,903013.06,13.12,2022-12-20,36,Closed
LOAN00759,CUST03112,Home Loan,905188.84,7.18,2021-03-19,240,Active
LOAN00760,CUST02243,Education Loan,3827974.18,12.13,2023-02-13,84,Closed
LOAN00761,CUST04051,Personal Loan,2580779.09,13.31,2020-03-21,240,Active
LOAN00762,CUST01396,Car Loan,3723263.52,11.03,2019-10-13,180,Active
LOAN00763,CUST03212,Personal Loan,507877.54,8.21,2025-08-16,60,Closed
LOAN00764,CUST01674,Home Loan,2751539.78,14.12,2020-12-30,12,Active
LOAN00765,CUST01086,Personal Loan,2124381.79,11.84,2025-05-27,84,Active
LOAN00766,CUST04564,Car Loan,1252442.94,6.68,2025-06-30,12,Active
LOAN00767,CUST01057,Personal Loan,2646004.87,14.8,2021-10-26,60,Active
LOAN00768,CUST01512,Car Loan,2597321.51,7.34,2024-09-02,240,Active
LOAN00769,CUST02672,Home Loan,3893636.6,13.02,2022-03-27,120,Active
LOAN00770,CUST00921,Personal Loan,3468950.48,9.7,2020-07-26,180,Active
LOAN00771,CUST04324,Home Loan,661301.48,11.22,2024-10-24,36,Active
LOAN00772,CUST01740,Personal Loan,815364.43,13.78,2019-09-10,180,Active
LOAN00773,CUST04848,Education Loan,1900763.61,11.41,2021-02-25,12,Active
LOAN00774,CUST01802,Personal Loan,3313338.32,10.49,2025-05-10,36,Active
LOAN00775,CUST01400,Education Loan,4865097.0,7.48,2025-05-01,180,Closed
LOAN00776,CUST03465,Personal Loan,2081163.04,11.25,2021-03-27,36,Active
LOAN00777,CUST03490,Car Loan,920444.38,11.14,2019-01-24,60,Active
LOAN00778,CUST01280,Personal Loan,4989391.06,8.49,2019-07-05,240,Active
LOAN00779,CUST00800,Personal Loan,487772.83,9.29,2025-12-20,180,Active
LOAN00780,CUST03980,Home Loan,1682478.29,7.59,2023-10-15,120,Active
LOAN00781,CUST01666,Home Loan,628535.27,13.27,2019-08-09,120,Active
LOAN00782,CUST01125,Car Loan,3072695.14,8.93,2021-05-15,60,Active
LOAN00783,CUST04291,Car Loan,4546460.43,11.49,2022-10-03,240,Active
LOAN00784,CUST04919,Education Loan,774684.7,12.04,2023-09-19,84,Active
LOAN00785,CUST01177,Car Loan,230540.89,11.33,2019-03-16,60,Active
LOAN00786,CUST04975,Home Loan,2803318.88,6.95,2024-06-17,24,Active
LOAN00787,CUST00692,Car Loan,4189026.58,11.67,2025-07-01,36,Active
LOAN00788,CUST00383,Car Loan,4648127.91,14.73,2025-05-27,36,Active
LOAN00789,CUST00043,Personal Loan,1136280.63,8.04,2025-06-19,60,Active
LOAN00790,CUST04515,Home Loan,4238323.23,8.39,2022-08-22,120,Closed
LOAN00791,CUST03812,Car Loan,1435734.4,9.27,2019-07-11,120,Active
LOAN00792,CUST03100,Car Loan,2105640.63,6.77,2021-08-19,120,Active
LOAN00793,CUST00501,Personal Loan,3753147.55,10.98,2023-07-24,12,Active
LOAN00794,CUST02954,Personal Loan,512300.04,11.71,2019-08-07,60,Closed
LOAN00795,CUST00475,Home Loan,4502380.74,7.32,2025-07-01,24,Active
LOAN00796,CUST00507,Car Loan,1304204.16,13.12,2022-06-13,240,Closed
LOAN00797,CUST03426,Education Loan,4311501.63,6.74,2025-03-14,60,Closed
LOAN00798,CUST00426,Personal Loan,2014775.75,9.21,2023-08-12,180,Active
LOAN00799,CUST04986,Car Loan,2595139.17,12.01,2022-11-11,120,Active
LOAN00800,CUST01526,Personal Loan,1061916.58,9.82,2022-02-17,12,Defaulted
LOAN00801,CUST04135,Home Loan,4884215.45,14.76,2025-01-14,84,Active
LOAN00802,CUST04972,Car Loan,315497.29,7.43,2025-05-20,84,Closed
LOAN00803,CUST02761,Personal Loan,1708892.18,8.67,2024-08-03,84,Active
LOAN00804,CUST04448,Home Loan,3216391.62,9.54,2023-03-14,180,Active
LOAN00805,CUST01192,Home Loan,253040.78,10.59,2021-02-10,36,Active
LOAN00806,CUST02128,Personal Loan,1468377.3,9.78,2020-05-14,180,Active
LOAN00807,CUST04825,Car Loan,1905321.71,9.48,2020-04-26,60,Active
LOAN00808,CUST02745,Car Loan,2924411.15,11.91,2023-10-30,36,Active
LOAN00809,CUST02883,Home Loan,1975644.64,10.3,2025-11-07,12,Active
LOAN00810,CUST01802,Car Loan,517710.78,14.78,2024-08-12,84,Closed
LOAN00811,CUST01949,Education Loan,4276600.91,13.2,2025-09-26,180,Active
LOAN00812,CUST01913,Personal Loan,2636738.85,9.79,2019-11-14,180,Active
LOAN00813,CUST02959,Personal Loan,210987.61,14.8,2020-03-30,24,Active
LOAN00814,CUST00402,Car Loan,2869418.92,13.35,2021-05-18,24,Closed
LOAN00815,CUST00545,Home Loan,1388920.13,14.89,2025-08-16,12,Active
LOAN00816,CUST03180,Personal Loan,4097810.24,14.19,2019-05-28,84,Active
LOAN00817,CUST02589,Home Loan,3425134.73,9.99,2023-05-12,84,Active
LOAN00818,CUST04514,Car Loan,1256623.84,6.54,2021-12-23,240,Active
LOAN00819,CUST03135,Personal Loan,4619124.97,12.05,2023-12-10,240,Active
LOAN00820,CUST03509,Car Loan,3625436.29,8.04,2022-10-24,60,Active
LOAN00821,CUST04325,Home Loan,830481.21,12.24,2021-05-06,120,Closed
LOAN00822,CUST00697,Education Loan,1749991.06,9.79,2019-10-26,60,Active
LOAN00823,CUST04949,Personal Loan,3968486.14,14.99,2020-02-02,12,Active
LOAN00824,CUST02872,Car Loan,2770170.24,8.64,2021-02-28,36,Active
LOAN00825,CUST02595,Personal Loan,1885943.19,13.0,2020-08-05,120,Active
LOAN00826,CUST03258,Home Loan,119006.88,9.11,2024-05-12,84,Defaulted
LOAN00827,CUST01773,Personal Loan,4842332.86,7.62,2019-10-03,36,Closed
LOAN00828,CUST01077,Car Loan,285531.0,8.15,2020-10-30,240,Closed
LOAN00829,CUST03748,Personal Loan,1839623.4,8.71,2025-12-16,180,Active
LOAN00830,CUST04815,Car Loan,4012781.52,10.92,2019-11-12,180,Active
LOAN00831,CUST00272,Car Loan,203768.98,10.86,2019-07-08,180,Active
LOAN00832,CUST03612,Home Loan,918680.82,9.78,2024-06-13,12,Closed
LOAN00833,CUST03661,Home Loan,3532412.6,12.15,2023-08-17,12,Closed
LOAN00834,CUST02295,Home Loan,4085511.44,11.67,2024-06-03,60,Closed
LOAN00835,CUST04160,Personal Loan,3856599.77,10.04,2023-11-14,24,Closed
LOAN00836,CUST04933,Car Loan,722253.66,14.21,2025-12-02,24,Closed
LOAN00837,CUST00884,Home Loan,4206838.97,8.36,2021-07-11,12,Active
LOAN00838,CUST01758,Personal Loan,4150041.46,7.33,2023-03-20,24,Defaulted
LOAN00839,CUST03190,Personal Loan,835864.02,12.17,2021-02-10,240,Active
LOAN00840,CUST00901,Car Loan,342621.19,8.91,2023-02-09,60,Active
LOAN00841,CUST03122,Education Loan,311081.02,7.45,2025-02-13,24,Defaulted
LOAN00842,CUST01707,Personal Loan,1934512.86,6.96,2025-10-30,24,Active
LOAN00843,CUST00837,Home Loan,2308821.83,14.85,2021-07-05,120,Closed
LOAN00844,CUST00167,Car Loan,390664.45,13.25,2024-02-21,84,Closed
LOAN00845,CUST03983,Home Loan,1925663.28,13.9,2019-05-08,36,Active
LOAN00846,CUST02955,Car Loan,3520645.71,11.4,2025-08-26,84,Active
LOAN00847,CUST00074,Car Loan,3846007.74,14.83,2024-02-25,180,Closed
LOAN00848,CUST04779,Car Loan,2784081.65,13.17,2024-12-08,12,Active
LOAN00849,CUST04761,Car Loan,4149605.27,9.52,2019-05-31,24,Active
LOAN00850,CUST02141,Education Loan,3547170.65,9.47,2021-08-19,84,Active
LOAN00851,CUST02980,Personal Loan,4853900.61,10.53,2023-04-02,240,Closed
LOAN00852,CUST01822,Car Loan,3803488.11,14.84,2020-12-04,180,Closed
LOAN00853,CUST01767,Personal Loan,4050883.41,12.09,2020-06-16,180,Defaulted
LOAN00854,CUST04838,Home Loan,1748149.73,13.62,2023-09-12,84,Closed
LOAN00855,CUST04995,Personal Loan,786782.48,9.25,2025-10-06,12,Active
LOAN00856,CUST01811,Personal Loan,821773.22,7.27,2021-10-04,36,Active
LOAN00857,CUST00192,Car Loan,1588023.74,7.5,2019-06-21,180,Active
LOAN00858,CUST04309,Personal Loan,2702097.45,12.21,2025-01-19,24,Active
LOAN00859,CUST00290,Education Loan,681575.57,13.2,2020-05-05,120,Active
LOAN00860,CUST04228,Personal Loan,531831.02,14.33,2021-11-15,24,Active
LOAN00861,CUST03437,Personal Loan,1169841.08,7.29,2023-03-31,24,Closed
LOAN00862,CUST04130,Personal Loan,4838878.83,11.73,2022-11-14,120,Active
LOAN00863,CUST03174,Education Loan,2669433.84,12.32,2021-03-14,24,Active
LOAN00864,CUST04778,Personal Loan,2682056.88,12.67,2022-08-25,36,Closed
LOAN00865,CUST00551,Personal Loan,4127556.19,10.83,2022-07-18,84,Active
LOAN00866,CUST00266,Car Loan,902119.63,11.25,2021-08-19,84,Closed
LOAN00867,CUST04077,Car Loan,2992474.99,9.08,2023-06-23,60,Active
LOAN00868,CUST00292,Personal Loan,4885261.41,9.23,2024-11-13,60,Active
LOAN00869,CUST04707,Home Loan,197809.11,12.34,2021-12-10,36,Active
LOAN00870,CUST00017,Personal Loan,2760035.2,7.93,2020-10-13,180,Active
LOAN00871,CUST03806,Car Loan,4899312.66,7.1,2020-07-26,12,Active
LOAN00872,CUST03279,Car Loan,2944009.25,12.78,2019-01-19,84,Defaulted
LOAN00873,CUST01372,Car Loan,1536672.16,8.76,2022-05-15,240,Active
LOAN00874,CUST00840,Home Loan,3133244.18,8.38,2024-11-20,240,Active
LOAN00875,CUST04645,Education Loan,3992844.05,6.97,2025-03-24,240,Active
LOAN00876,CUST01357,Personal Loan,3222614.25,12.15,2020-11-12,240,Closed
LOAN00877,CUST02236,Education Loan,1005839.03,10.72,2020-08-20,24,Active
LOAN00878,CUST01058,Personal Loan,77129.76,13.21,2022-02-19,84,Closed
LOAN00879,CUST02381,Home Loan,4867197.52,8.16,2024-07-19,120,Active
LOAN00880,CUST02613,Personal Loan,665506.05,8.84,2020-06-03,240,Active
LOAN00881,CUST04246,Car Loan,1307729.95,8.95,2023-08-02,84,Active
LOAN00882,CUST02414,Home Loan,759423.2,9.2,2025-02-07,120,Closed
LOAN00883,CUST02244,Personal Loan,1497587.78,11.2,2021-01-15,12,Active
LOAN00884,CUST02449,Education Loan,4264151.63,10.17,2021-07-30,180,Active
LOAN00885,CUST02978,Personal Loan,530081.45,8.73,2022-12-01,36,Active
LOAN00886,CUST00055,Personal Loan,1620830.31,6.79,2024-09-25,24,Active
LOAN00887,CUST02748,Home Loan,1656624.93,10.1,2019-03-27,24,Active
LOAN00888,CUST03536,Personal Loan,1137485.36,6.95,2021-03-30,60,Active
LOAN00889,CUST03300,Car Loan,221826.0,8.13,2025-06-25,36,Active
LOAN00890,CUST02783,Home Loan,237776.99,9.17,2021-12-10,180,Active
LOAN00891,CUST00187,Car Loan,1375539.09,9.03,2019-05-29,60,Closed
LOAN00892,CUST01628,Home Loan,4793103.75,9.94,2023-09-23,240,Active
LOAN00893,CUST01367,Car Loan,1625543.74,6.74,2025-05-06,84,Active
LOAN00894,CUST02762,Home Loan,2101261.22,13.54,2020-02-19,24,Closed
LOAN00895,CUST03888,Personal Loan,4096567.0,10.82,2025-10-30,12,Active
LOAN00896,CUST01583,Home Loan,2316273.93,7.92,2020-10-09,84,Closed
LOAN00897,CUST04728,Personal Loan,978191.24,8.86,2020-05-31,240,Active
LOAN00898,CUST00608,Home Loan,3043265.31,12.13,2021-07-28,24,Active
LOAN00899,CUST01720,Home Loan,3188697.76,11.11,2019-01-03,24,Active
LOAN00900,CUST02408,Car Loan,2390877.78,7.72,2022-03-24,12,Active
LOAN00901,CUST02399,Car Loan,934133.68,9.88,2023-09-05,36,Active
LOAN00902,CUST00828,Home Loan,2475105.89,14.5,2023-12-16,36,Closed
LOAN00903,CUST02791,Car Loan,2182464.14,10.77,2022-12-17,120,Active
LOAN00904,CUST04780,Personal Loan,2639852.41,12.92,2019-02-18,240,Active
LOAN00905,CUST02963,Home Loan,963847.67,13.33,2019-03-23,60,Active
LOAN00906,CUST00519,Personal Loan,999434.92,7.61,2024-06-14,24,Active
LOAN00907,CUST01991,Home Loan,4222314.13,11.54,2024-11-10,180,Closed
LOAN00908,CUST01319,Car Loan,124588.64,10.74,2023-11-22,240,Active
LOAN00909,CUST02908,Home Loan,4489315.24,10.01,2025-03-31,60,Active
LOAN00910,CUST03993,Home Loan,1084080.95,13.08,2025-01-21,120,Closed
LOAN00911,CUST03649,Car Loan,2010842.07,11.17,2022-10-13,84,Closed
LOAN00912,CUST00585,Personal Loan,2889452.93,11.94,2023-03-14,84,Active
LOAN00913,CUST03224,Car Loan,3123102.83,9.99,2020-03-09,36,Active
LOAN00914,CUST03425,Car Loan,3455770.32,12.23,2024-12-23,24,Active
LOAN00915,CUST00553,Car Loan,2787333.19,7.16,2023-06-28,84,Active
LOAN00916,CUST01313,Education Loan,3868620.17,13.02,2022-07-18,84,Active
LOAN00917,CUST01070,Car Loan,540145.31,6.64,2025-01-23,120,Active
LOAN00918,CUST02382,Home Loan,1412613.38,10.78,2024-11-27,24,Active
LOAN00919,CUST03834,Car Loan,1545584.77,12.64,2021-11-25,60,Active
LOAN00920,CUST01485,Car Loan,874201.61,11.79,2025-10-23,120,Active
LOAN00921,CUST03581,Personal Loan,2824322.21,13.83,2021-11-03,36,Active
LOAN00922,CUST01051,Personal Loan,3088174.48,9.97,2022-03-18,12,Active
LOAN00923,CUST03679,Home Loan,1979178.2,13.29,2019-11-30,24,Closed
LOAN00924,CUST01606,Home Loan,2394733.42,13.34,2022-04-15,36,Active
LOAN00925,CUST03713,Home Loan,4075790.82,7.97,2023-06-22,24,Closed
LOAN00926,CUST00164,Home Loan,4161536.52,8.48,2025-04-19,120,Active
LOAN00927,CUST00278,Personal Loan,2840331.09,11.4,2025-11-07,36,Closed
LOAN00928,CUST03505,Education Loan,3794628.12,10.35,2020-01-11,24,Active
LOAN00929,CUST02056,Car Loan,1443436.29,10.74,2020-04-02,36,Active
LOAN00930,CUST03027,Personal Loan,2909244.61,11.99,2020-05-22,60,Active
LOAN00931,CUST02248,Education Loan,4177262.07,12.74,2019-05-20,36,Closed
LOAN00932,CUST03117,Car Loan,4120011.69,9.79,2019-07-06,60,Active
LOAN00933,CUST03821,Personal Loan,1695053.07,7.38,2022-03-10,240,Closed
LOAN00934,CUST01285,Personal Loan,3633787.04,8.32,2021-10-10,84,Active
LOAN00935,CUST02136,Home Loan,3147625.46,12.12,2021-11-28,36,Active
LOAN00936,CUST00290,Car Loan,3541102.91,10.09,2025-01-25,84,Closed
LOAN00937,CUST00265,Home Loan,2167178.1,8.4,2023-02-06,12,Closed
LOAN00938,CUST02826,Education Loan,3295892.86,7.88,2024-11-28,36,Active
LOAN00939,CUST00604,Car Loan,1675890.77,10.64,2022-06-08,240,Active
LOAN00940,CUST03071,Personal Loan,3534361.71,11.05,2020-07-10,12,Active
LOAN00941,CUST01507,Car Loan,2935829.58,10.15,2019-07-19,12,Closed
LOAN00942,CUST03806,Home Loan,2040761.5,13.25,2025-10-27,240,Active
LOAN00943,CUST01334,Education Loan,4429674.78,14.64,2023-11-02,84,Closed
LOAN00944,CUST01003,Personal Loan,1678056.7,8.19,2025-04-30,36,Active
LOAN00945,CUST03062,Home Loan,4232773.2,14.98,2019-01-21,36,Active
LOAN00946,CUST00426,Car Loan,2030365.28,11.97,2019-08-16,240,Closed
LOAN00947,CUST02661,Car Loan,4941001.61,10.84,2021-10-29,12,Active
LOAN00948,CUST02394,Home Loan,2780097.33,9.36,2020-10-18,120,Closed
LOAN00949,CUST04944,Personal Loan,4520865.09,13.87,2022-06-05,84,Active
LOAN00950,CUST03521,Home Loan,663791.23,14.89,2019-11-02,240,Active
LOAN00951,CUST04457,Home Loan,3877926.74,14.43,2025-05-26,240,Active
LOAN00952,CUST02761,Education Loan,3945577.27,14.73,2023-07-30,12,Closed
LOAN00953,CUST02630,Car Loan,341170.72,6.54,2024-01-23,120,Active
LOAN00954,CUST03557,Personal Loan,4271955.31,10.83,2024-06-07,60,Active
LOAN00955,CUST02627,Personal Loan,696077.86,13.55,2022-07-13,24,Active
LOAN00956,CUST02415,Personal Loan,1214267.01,13.01,2021-01-05,240,Active
LOAN00957,CUST00481,Education Loan,1882117.78,7.88,2020-08-22,12,Active
LOAN00958,CUST04987,Car Loan,591091.36,6.52,2020-10-25,84,Defaulted
LOAN00959,CUST02659,Car Loan,1302971.13,14.86,2021-04-23,36,Active
LOAN00960,CUST03814,Personal Loan,3741639.07,13.81,2021-08-13,84,Active
LOAN00961,CUST00823,Home Loan,2512812.5,14.11,2019-03-24,84,Active
LOAN00962,CUST03023,Car Loan,4057021.45,12.49,2024-10-22,24,Active
LOAN00963,CUST02415,Education Loan,983628.22,8.21,2019-11-15,36,Active
LOAN00964,CUST01942,Home Loan,4390552.43,13.02,2024-01-19,24,Active
LOAN00965,CUST03788,Education Loan,1178460.27,7.77,2025-04-07,24,Active
LOAN00966,CUST01281,Personal Loan,4340623.93,12.94,2021-07-14,60,Active
LOAN00967,CUST03514,Personal Loan,2839068.86,9.01,2021-12-31,24,Active
LOAN00968,CUST03188,Car Loan,1874996.64,11.86,2019-01-08,240,Active
LOAN00969,CUST04754,Car Loan,3559052.13,7.97,2022-07-11,240,Active
LOAN00970,CUST02933,Personal Loan,4895915.06,11.29,2020-06-03,24,Active
LOAN00971,CUST04978,Car Loan,3427825.43,12.06,2024-01-08,120,Closed
LOAN00972,CUST02790,Car Loan,4881625.09,8.29,2019-07-28,60,Active
LOAN00973,CUST00802,Personal Loan,4196890.33,9.97,2019-11-09,24,Active
LOAN00974,CUST00218,Home Loan,442212.07,11.93,2019-11-19,180,Active
LOAN00975,CUST00518,Education Loan,4296064.98,8.05,2024-12-01,84,Active
LOAN00976,CUST00088,Car Loan,2108697.28,8.73,2023-10-03,12,Closed
LOAN00977,CUST03615,Education Loan,1668451.4,14.09,2024-04-10,60,Closed
LOAN00978,CUST01832,Personal Loan,1610978.7,11.6,2024-06-26,240,Active
LOAN00979,CUST00312,Car Loan,4849992.07,13.74,2022-08-31,84,Active
LOAN00980,CUST00722,Home Loan,4189438.7,10.59,2020-12-20,240,Active
LOAN00981,CUST02504,Personal Loan,1112613.07,9.8,2020-05-09,120,Closed
LOAN00982,CUST04427,Car Loan,498943.77,12.5,2022-12-09,24,Active
LOAN00983,CUST00354,Personal Loan,159241.67,6.85,2021-02-26,36,Active
LOAN00984,CUST04165,Personal Loan,1597054.18,9.11,2020-04-12,180,Active
LOAN00985,CUST00189,Car Loan,1003994.44,11.85,2020-09-23,120,Defaulted
LOAN00986,CUST04957,Personal Loan,1269616.86,9.14,2019-11-29,12,Active
LOAN00987,CUST01352,Personal Loan,3445010.23,12.45,2019-12-20,84,Active
LOAN00988,CUST01145,Education Loan,2834885.88,9.65,2025-07-01,24,Active
LOAN00989,CUST04463,Home Loan,1120826.9,8.41,2021-12-01,60,Closed
LOAN00990,CUST00743,Car Loan,661062.46,8.69,2020-04-28,180,Active
LOAN00991,CUST04112,Personal Loan,2738971.39,14.2,2024-05-23,60,Active
LOAN00992,CUST04128,Home Loan,1041726.71,12.54,2023-09-28,180,Active
LOAN00993,CUST01375,Car Loan,3113949.4,12.14,2019-06-08,24,Active
LOAN00994,CUST01191,Personal Loan,2592726.96,7.39,2022-06-26,180,Active
LOAN00995,CUST00224,Home Loan,4285078.29,7.06,2022-03-13,84,Active
LOAN00996,CUST01416,Home Loan,4581519.82,14.89,2025-01-26,240,Active
LOAN00997,CUST04029,Home Loan,3196298.68,12.29,2022-04-26,180,Active
LOAN00998,CUST01850,Home Loan,2254510.5,7.11,2021-10-18,84,Active
LOAN00999,CUST00116,Personal Loan,1368209.85,11.78,2020-04-19,24,Closed
LOAN01000,CUST01914,Personal Loan,838451.8,10.57,2020-06-22,240,Closed
LOAN01001,CUST02421,Home Loan,792038.59,13.79,2025-12-01,60,Active
LOAN01002,CUST01162,Education Loan,3867174.03,9.93,2023-11-11,180,Closed
LOAN01003,CUST04949,Home Loan,4963534.63,6.92,2024-08-01,12,Closed
LOAN01004,CUST04558,Personal Loan,953159.37,9.87,2023-01-16,12,Active
LOAN01005,CUST02025,Car Loan,4956101.53,13.45,2021-04-18,120,Active
LOAN01006,CUST00527,Personal Loan,1029379.8,12.71,2021-04-05,240,Closed
LOAN01007,CUST04789,Car Loan,585241.6,7.24,2019-08-02,240,Active
LOAN01008,CUST00676,Personal Loan,2013571.7,12.78,2025-02-03,240,Active
LOAN01009,CUST00624,Personal Loan,4958307.71,8.08,2023-04-13,24,Active
LOAN01010,CUST03663,Home Loan,4153565.44,9.98,2019-09-02,240,Closed
LOAN01011,CUST04138,Personal Loan,1954696.24,11.41,2023-03-28,24,Active
LOAN01012,CUST04220,Personal Loan,3266886.78,6.75,2025-04-04,36,Active
LOAN01013,CUST00483,Personal Loan,209329.21,13.34,2020-01-19,12,Active
LOAN01014,CUST04734,Car Loan,138351.78,6.89,2022-06-08,84,Active
LOAN01015,CUST01815,Home Loan,709341.11,11.64,2025-10-16,120,Active
LOAN01016,CUST02754,Home Loan,4918881.03,10.75,2024-03-26,12,Active
LOAN01017,CUST00373,Education Loan,2458888.41,9.89,2024-10-19,180,Active
LOAN01018,CUST00819,Car Loan,1644661.32,12.94,2022-11-15,240,Closed
LOAN01019,CUST02483,Personal Loan,2038746.53,8.13,2024-06-10,60,Active
LOAN01020,CUST00121,Car Loan,4419568.16,11.92,2020-05-02,12,Defaulted
LOAN01021,CUST04486,Education Loan,4651488.71,7.52,2019-01-22,180,Defaulted
LOAN01022,CUST01843,Education Loan,1583521.83,12.96,2019-02-22,36,Closed
LOAN01023,CUST00032,Education Loan,4303232.59,14.32,2024-03-09,60,Active
LOAN01024,CUST04629,Home Loan,1765271.22,9.23,2020-05-11,24,Active
LOAN01025,CUST04411,Education Loan,1807762.88,9.47,2019-10-25,60,Active
LOAN01026,CUST00936,Education Loan,2874663.92,12.19,2023-04-02,240,Active
LOAN01027,CUST01657,Personal Loan,440091.17,14.03,2019-10-27,12,Closed
LOAN01028,CUST00941,Car Loan,4731292.18,8.69,2019-06-06,240,Active
LOAN01029,CUST02447,Education Loan,2532664.15,7.36,2019-01-09,60,Active
LOAN01030,CUST03657,Education Loan,2337005.98,14.96,2021-02-12,120,Active
LOAN01031,CUST04766,Home Loan,1435679.78,6.66,2023-05-14,36,Closed
LOAN01032,CUST04834,Car Loan,1392292.8,11.13,2019-11-14,240,Active
LOAN01033,CUST03650,Car Loan,3915120.47,10.64,2021-09-27,36,Active
LOAN01034,CUST03939,Car Loan,3039648.13,12.32,2022-03-20,60,Closed
LOAN01035,CUST02240,Car Loan,2735815.45,6.91,2023-06-19,24,Closed
LOAN01036,CUST01542,Personal Loan,4099796.0,12.08,2021-03-05,36,Active
LOAN01037,CUST01267,Education Loan,1398932.24,10.45,2020-10-06,84,Active
LOAN01038,CUST02296,Home Loan,2047660.03,11.08,2021-10-14,240,Active
LOAN01039,CUST02039,Home Loan,1287789.78,14.17,2020-06-24,240,Active
LOAN01040,CUST00562,Home Loan,3662110.42,8.09,2021-06-13,84,Active
LOAN01041,CUST04074,Personal Loan,2507206.78,13.01,2025-04-20,180,Active
LOAN01042,CUST02942,Home Loan,2646071.21,9.16,2025-10-14,84,Active
LOAN01043,CUST01021,Personal Loan,2121493.48,7.63,2020-05-09,24,Closed
LOAN01044,CUST04868,Personal Loan,706514.03,10.9,2024-06-16,24,Active
LOAN01045,CUST01702,Home Loan,4372567.63,6.73,2025-05-09,120,Active
LOAN01046,CUST01276,Home Loan,4242150.22,9.38,2024-11-30,24,Closed
LOAN01047,CUST03424,Education Loan,955770.54,10.15,2025-05-20,60,Active
LOAN01048,CUST02248,Education Loan,1697357.74,11.28,2023-07-02,36,Closed
LOAN01049,CUST04842,Car Loan,820860.01,11.51,2022-10-17,12,Active
LOAN01050,CUST01160,Education Loan,3210392.14,7.63,2020-12-21,240,Closed
LOAN01051,CUST00138,Home Loan,589197.88,10.35,2020-10-11,180,Active
LOAN01052,CUST02497,Car Loan,4178954.99,8.5,2022-01-21,240,Closed
LOAN01053,CUST02034,Car Loan,1204464.32,10.12,2021-01-29,240,Closed
LOAN01054,CUST02596,Personal Loan,258190.17,10.31,2025-02-05,60,Closed
LOAN01055,CUST03792,Personal Loan,893050.69,12.07,2022-02-10,180,Active
LOAN01056,CUST04474,Car Loan,2808234.94,7.17,2019-08-25,36,Active
LOAN01057,CUST04306,Home Loan,3429957.33,10.57,2025-11-11,36,Active
LOAN01058,CUST03708,Education Loan,2734247.64,7.18,2023-02-11,60,Active
LOAN01059,CUST00462,Home Loan,4268242.65,9.95,2024-12-26,180,Active
LOAN01060,CUST04501,Home Loan,4889618.34,7.77,2020-02-02,36,Closed
LOAN01061,CUST02781,Education Loan,1914874.85,12.43,2019-11-17,84,Active
LOAN01062,CUST01987,Personal Loan,1990468.72,8.41,2025-04-24,120,Active
LOAN01063,CUST01643,Personal Loan,655126.9,11.65,2024-09-18,36,Closed
LOAN01064,CUST01874,Personal Loan,2135714.95,14.35,2022-11-23,84,Closed
LOAN01065,CUST00139,Car Loan,2334255.55,8.68,2021-06-27,36,Closed
LOAN01066,CUST02320,Car Loan,2663851.78,14.44,2019-03-05,12,Closed
LOAN01067,CUST01786,Personal Loan,4122094.65,8.55,2020-06-22,36,Active
LOAN01068,CUST00183,Car Loan,3447287.47,10.17,2025-07-25,12,Active
LOAN01069,CUST01013,Personal Loan,991599.42,14.88,2025-09-11,60,Active
LOAN01070,CUST03806,Home Loan,55034.06,11.0,2025-04-30,12,Closed
LOAN01071,CUST00007,Car Loan,4765701.42,10.29,2020-08-26,120,Active
LOAN01072,CUST03211,Car Loan,3124808.39,11.27,2022-12-29,60,Active
LOAN01073,CUST02892,Education Loan,4462933.51,7.72,2025-02-27,240,Active
LOAN01074,CUST04383,Home Loan,1783359.73,6.88,2020-01-23,36,Active
LOAN01075,CUST01341,Home Loan,3285301.74,12.5,2023-05-18,120,Closed
LOAN01076,CUST02273,Personal Loan,2727445.98,12.48,2020-02-19,240,Active
LOAN01077,CUST03931,Car Loan,4326851.24,8.48,2022-04-29,180,Active
LOAN01078,CUST01639,Personal Loan,3091781.47,14.43,2023-05-30,36,Active
LOAN01079,CUST00421,Home Loan,2077288.54,14.21,2025-12-27,60,Active
LOAN01080,CUST03137,Car Loan,3895671.04,13.42,2024-05-24,180,Active
LOAN01081,CUST01690,Car Loan,4023525.3,7.29,2023-09-23,240,Active
LOAN01082,CUST02502,Home Loan,1705110.23,8.11,2025-06-26,120,Active
LOAN01083,CUST00815,Home Loan,496854.77,12.44,2020-12-02,24,Active
LOAN01084,CUST04277,Home Loan,1092985.64,10.84,2019-09-21,24,Active
LOAN01085,CUST00779,Car Loan,4605523.68,13.41,2025-06-21,12,Closed
LOAN01086,CUST00086,Car Loan,4903466.52,12.83,2023-11-30,120,Active
LOAN01087,CUST00206,Home Loan,1274573.93,7.53,2019-11-15,120,Active
LOAN01088,CUST01844,Personal Loan,567517.21,14.73,2021-11-28,240,Active
LOAN01089,CUST03953,Car Loan,1153946.28,7.08,2024-09-25,180,Active
LOAN01090,CUST00779,Home Loan,1740756.73,13.59,2021-11-18,36,Closed
LOAN01091,CUST04233,Personal Loan,530147.67,14.7,2025-11-11,84,Active
LOAN01092,CUST03982,Home Loan,4024414.72,8.42,2020-09-24,24,Active
LOAN01093,CUST04592,Car Loan,3683056.72,12.17,2020-12-28,36,Active
LOAN01094,CUST03946,Car Loan,887613.08,7.85,2025-11-23,12,Closed
LOAN01095,CUST04511,Home Loan,769356.93,10.48,2023-07-22,120,Active
LOAN01096,CUST00372,Car Loan,2545938.9,8.48,2020-03-29,180,Active
LOAN01097,CUST04438,Personal Loan,977948.97,14.76,2021-03-02,36,Active
LOAN01098,CUST03197,Personal Loan,2920376.59,7.36,2022-06-21,180,Active
LOAN01099,CUST03868,Car Loan,3175301.22,11.57,2022-03-27,84,Closed
LOAN01100,CUST01574,Home Loan,493088.1,11.39,2023-03-23,84,Active
LOAN01101,CUST03399,Car Loan,1006411.2,7.88,2025-04-25,60,Closed
LOAN01102,CUST04264,Car Loan,927943.55,10.95,2020-07-28,180,Active
LOAN01103,CUST02702,Home Loan,1786070.02,7.14,2025-12-28,24,Active
LOAN01104,CUST03604,Car Loan,4080580.01,10.12,2025-11-11,12,Active
LOAN01105,CUST04581,Home Loan,1806197.17,7.41,2019-03-04,120,Closed
LOAN01106,CUST03900,Personal Loan,3324520.22,10.14,2024-07-20,180,Active
LOAN01107,CUST00829,Personal Loan,206414.46,12.43,2023-10-30,12,Closed
LOAN01108,CUST02173,Personal Loan,4741873.61,9.27,2024-10-10,240,Active
LOAN01109,CUST03863,Home Loan,4833248.41,12.79,2022-11-08,240,Closed
LOAN01110,CUST00263,Car Loan,1658515.63,10.35,2024-05-26,24,Defaulted
LOAN01111,CUST03044,Home Loan,4814152.65,8.43,2019-12-21,120,Active
LOAN01112,CUST03925,Education Loan,2501856.9,10.15,2022-02-03,180,Active
LOAN01113,CUST02530,Personal Loan,4951571.22,13.12,2025-06-28,180,Active
LOAN01114,CUST01372,Personal Loan,1802806.5,13.83,2021-05-11,180,Active
LOAN01115,CUST00804,Education Loan,222598.28,9.0,2023-07-25,84,Active
LOAN01116,CUST01891,Personal Loan,4699517.53,8.52,2022-06-05,84,Active
LOAN01117,CUST04719,Personal Loan,4022831.29,11.32,2019-02-28,24,Active
LOAN01118,CUST01121,Personal Loan,4563080.5,9.71,2021-12-02,84,Active
LOAN01119,CUST04255,Car Loan,2792309.23,12.51,2019-09-28,240,Active
LOAN01120,CUST00960,Education Loan,2963234.87,11.29,2024-03-24,24,Closed
LOAN01121,CUST00097,Education Loan,2366259.81,9.1,2019-10-02,120,Active
LOAN01122,CUST00654,Home Loan,4430562.52,8.21,2020-08-08,60,Active
LOAN01123,CUST04187,Car Loan,4225867.33,7.83,2024-12-03,240,Defaulted
LOAN01124,CUST02118,Home Loan,940306.26,13.84,2019-07-27,120,Active
LOAN01125,CUST00013,Home Loan,2771769.75,10.09,2023-06-28,120,Defaulted
LOAN01126,CUST01198,Personal Loan,3436579.16,7.5,2020-06-26,12,Closed
LOAN01127,CUST03854,Car Loan,1431455.07,11.18,2022-06-05,84,Active
LOAN01128,CUST00906,Home Loan,3054348.5,7.2,2019-02-22,240,Active
LOAN01129,CUST00269,Personal Loan,845326.7,6.83,2025-04-30,60,Active
LOAN01130,CUST02986,Home Loan,438869.72,11.4,2024-06-15,180,Closed
LOAN01131,CUST03991,Home Loan,420500.53,13.06,2023-09-06,36,Active
LOAN01132,CUST00174,Personal Loan,4580580.27,13.93,2021-04-03,36,Defaulted
LOAN01133,CUST02193,Personal Loan,4539458.29,8.46,2024-10-21,24,Active
LOAN01134,CUST00212,Personal Loan,4602956.08,9.6,2019-10-20,12,Closed
LOAN01135,CUST02393,Home Loan,3694939.86,6.5,2020-01-26,12,Defaulted
LOAN01136,CUST04656,Personal Loan,1006456.22,12.84,2023-04-06,36,Closed
LOAN01137,CUST00912,Personal Loan,2994346.85,10.54,2025-02-19,120,Active
LOAN01138,CUST04710,Home Loan,1471743.1,12.9,2019-01-04,36,Defaulted
LOAN01139,CUST03263,Education Loan,4565355.0,12.13,2019-05-06,180,Closed
LOAN01140,CUST00579,Personal Loan,1389777.66,7.44,2021-03-12,120,Defaulted
LOAN01141,CUST04274,Car Loan,4121119.69,9.67,2019-01-26,24,Active
LOAN01142,CUST04185,Personal Loan,2593948.89,9.2,2021-02-05,240,Active
LOAN01143,CUST04140,Car Loan,3523840.06,8.31,2025-09-20,60,Closed
LOAN01144,CUST00943,Education Loan,3982872.13,10.25,2023-03-29,60,Closed
LOAN01145,CUST01997,Home Loan,3414105.72,14.28,2021-08-10,36,Active
LOAN01146,CUST03673,Home Loan,3805046.16,13.98,2025-08-23,180,Active
LOAN01147,CUST00655,Personal Loan,1151208.03,12.49,2025-03-01,36,Active
LOAN01148,CUST03231,Home Loan,4902314.56,6.55,2022-06-15,120,Active
LOAN01149,CUST02705,Personal Loan,2965732.24,11.48,2022-05-30,180,Active
LOAN01150,CUST02772,Home Loan,1702052.6,14.64,2024-03-01,60,Active
LOAN01151,CUST00314,Car Loan,1400972.01,12.44,2019-08-17,12,Active
LOAN01152,CUST04056,Home Loan,127300.23,6.64,2021-06-01,180,Closed
LOAN01153,CUST00533,Personal Loan,2068845.22,9.78,2020-04-26,36,Active
LOAN01154,CUST00628,Home Loan,1288050.56,7.86,2023-06-02,84,Active
LOAN01155,CUST03017,Home Loan,1035800.81,10.65,2025-12-13,180,Defaulted
LOAN01156,CUST00615,Personal Loan,4828290.59,9.61,2020-07-04,240,Closed
LOAN01157,CUST02898,Home Loan,1593396.3,11.83,2024-12-30,12,Active
LOAN01158,CUST01438,Personal Loan,4667968.12,10.62,2022-01-10,24,Closed
LOAN01159,CUST04173,Home Loan,2611053.2,8.08,2023-11-16,24,Closed
LOAN01160,CUST02614,Car Loan,2773133.45,12.83,2023-07-22,12,Active
LOAN01161,CUST01569,Home Loan,2204952.96,14.65,2023-10-09,60,Closed
LOAN01162,CUST04681,Education Loan,4893528.52,8.18,2023-01-09,180,Closed
LOAN01163,CUST00947,Car Loan,622238.21,14.21,2021-11-04,12,Active
LOAN01164,CUST00271,Car Loan,3377406.51,14.38,2024-01-11,84,Active
LOAN01165,CUST00248,Personal Loan,4781630.66,10.59,2025-08-29,36,Active
LOAN01166,CUST01019,Home Loan,187609.07,14.3,2025-07-30,84,Active
LOAN01167,CUST01661,Personal Loan,1756860.0,12.17,2020-01-29,60,Defaulted
LOAN01168,CUST01256,Education Loan,66024.96,7.51,2022-10-01,12,Closed
LOAN01169,CUST02567,Home Loan,1443730.41,9.39,2021-04-15,240,Closed
LOAN01170,CUST03000,Education Loan,634140.23,13.05,2022-08-09,12,Active
LOAN01171,CUST02351,Personal Loan,630823.62,13.89,2024-06-26,60,Active
LOAN01172,CUST02911,Personal Loan,769727.52,13.66,2020-09-04,24,Active
LOAN01173,CUST00315,Education Loan,288427.33,14.86,2025-08-17,12,Active
LOAN01174,CUST04970,Home Loan,2451031.35,14.75,2025-11-04,12,Active
LOAN01175,CUST02711,Personal Loan,3082713.77,14.84,2023-01-09,24,Closed
LOAN01176,CUST04987,Personal Loan,559628.83,12.13,2022-10-22,240,Closed
LOAN01177,CUST01352,Car Loan,241838.78,14.56,2025-09-27,24,Active
LOAN01178,CUST01378,Personal Loan,3241883.41,7.89,2023-09-28,60,Active
LOAN01179,CUST00620,Personal Loan,664816.02,8.62,2020-01-28,36,Closed
LOAN01180,CUST03512,Home Loan,510907.87,9.46,2020-08-21,12,Active
LOAN01181,CUST02307,Car Loan,2189494.51,11.41,2023-07-15,120,Active
LOAN01182,CUST01622,Home Loan,2530540.31,9.92,2025-05-14,180,Active
LOAN01183,CUST02528,Personal Loan,3913930.64,6.84,2023-04-15,12,Closed
LOAN01184,CUST00844,Car Loan,427904.99,7.03,2023-12-21,12,Active
LOAN01185,CUST00718,Car Loan,2366417.26,11.81,2021-02-28,120,Active
LOAN01186,CUST02955,Home Loan,1344435.03,10.97,2020-04-18,36,Active
LOAN01187,CUST03549,Home Loan,3829796.97,9.87,2022-04-08,84,Defaulted
LOAN01188,CUST04944,Personal Loan,4200421.01,12.38,2022-11-19,36,Active
LOAN01189,CUST01347,Home Loan,101268.35,14.47,2020-03-16,12,Active
LOAN01190,CUST02095,Personal Loan,1316204.3,13.31,2020-09-03,120,Active
LOAN01191,CUST04446,Home Loan,1075785.4,13.92,2024-09-21,12,Active
LOAN01192,CUST04949,Home Loan,4582119.84,14.67,2019-09-12,180,Closed
LOAN01193,CUST00073,Personal Loan,1325843.78,13.77,2025-07-30,36,Closed
LOAN01194,CUST02407,Personal Loan,2545003.77,14.49,2024-05-12,12,Closed
LOAN01195,CUST01900,Home Loan,2854377.7,13.5,2021-02-11,120,Active
LOAN01196,CUST03318,Car Loan,1863255.43,13.28,2025-02-08,180,Active
LOAN01197,CUST02818,Home Loan,3819916.47,10.22,2022-02-21,180,Active
LOAN01198,CUST02439,Personal Loan,1261805.57,14.53,2025-05-08,84,Active
LOAN01199,CUST02678,Home Loan,4924457.32,14.39,2021-07-19,60,Closed
LOAN01200,CUST01391,Home Loan,1409218.12,8.35,2020-07-28,60,Active
LOAN01201,CUST03815,Home Loan,2591609.4,7.43,2020-12-23,60,Defaulted
LOAN01202,CUST01543,Personal Loan,2663742.29,11.84,2021-04-23,12,Active
LOAN01203,CUST04750,Personal Loan,3697562.27,10.94,2025-08-16,240,Active
LOAN01204,CUST02071,Home Loan,2403188.17,8.93,2024-05-10,12,Active
LOAN01205,CUST02429,Home Loan,2302713.11,13.15,2019-12-28,84,Active
LOAN01206,CUST01996,Education Loan,1427696.58,12.36,2024-04-14,24,Defaulted
LOAN01207,CUST01027,Personal Loan,1695546.7,13.67,2025-08-16,36,Active
LOAN01208,CUST02233,Personal Loan,3549913.63,7.39,2021-08-16,240,Active
LOAN01209,CUST00755,Car Loan,2343039.45,8.88,2024-06-17,12,Active
LOAN01210,CUST01932,Car Loan,276846.99,8.97,2022-02-08,84,Active
LOAN01211,CUST02359,Personal Loan,1561301.92,6.52,2024-11-21,12,Active
LOAN01212,CUST01652,Car Loan,2704672.26,13.99,2021-08-05,36,Active
LOAN01213,CUST03033,Personal Loan,4053873.06,13.17,2021-01-25,36,Closed
LOAN01214,CUST04088,Home Loan,2127841.12,11.28,2022-11-18,36,Closed
LOAN01215,CUST02861,Personal Loan,1785356.38,11.67,2020-04-21,24,Active
LOAN01216,CUST00138,Home Loan,4287196.43,9.25,2023-05-11,12,Closed
LOAN01217,CUST03163,Personal Loan,2534435.46,10.25,2020-09-28,60,Closed
LOAN01218,CUST01308,Personal Loan,4857576.08,8.4,2019-07-06,120,Defaulted
LOAN01219,CUST03355,Home Loan,2059747.91,14.51,2022-07-28,24,Active
LOAN01220,CUST03011,Education Loan,2343294.31,14.87,2021-10-10,240,Closed
LOAN01221,CUST03948,Car Loan,2902846.72,7.61,2025-08-10,24,Defaulted
LOAN01222,CUST01575,Home Loan,1043089.95,10.87,2025-07-09,36,Active
LOAN01223,CUST02062,Car Loan,2686957.75,12.67,2022-03-22,24,Active
LOAN01224,CUST01694,Home Loan,3703648.82,14.91,2025-08-07,120,Active
LOAN01225,CUST03459,Personal Loan,3823075.35,9.62,2021-02-25,12,Active
LOAN01226,CUST04277,Car Loan,1784553.34,10.21,2025-03-23,60,Closed
LOAN01227,CUST02076,Car Loan,573514.2,9.48,2023-12-25,12,Defaulted
LOAN01228,CUST04841,Personal Loan,2558846.54,8.55,2025-03-03,24,Active
LOAN01229,CUST02208,Personal Loan,3175253.24,7.04,2023-04-28,120,Closed
LOAN01230,CUST03663,Education Loan,3571155.46,11.9,2024-05-30,60,Closed
LOAN01231,CUST02918,Personal Loan,1560936.7,11.87,2019-07-17,24,Active
LOAN01232,CUST02734,Home Loan,2341031.66,11.02,2024-01-10,12,Active
LOAN01233,CUST04992,Personal Loan,4102399.77,10.4,2021-12-01,120,Active
LOAN01234,CUST03811,Home Loan,3082975.42,9.24,2020-04-08,84,Active
LOAN01235,CUST00137,Car Loan,4847527.56,9.03,2020-03-03,180,Active
LOAN01236,CUST00797,Car Loan,4554522.16,7.5,2021-11-14,36,Active
LOAN01237,CUST00556,Home Loan,3287033.31,14.28,2020-12-25,24,Active
LOAN01238,CUST00897,Car Loan,249563.01,13.28,2024-07-14,36,Active
LOAN01239,CUST04419,Personal Loan,1052607.13,7.52,2020-10-23,84,Active
LOAN01240,CUST02989,Home Loan,275157.62,10.39,2024-03-11,12,Active
LOAN01241,CUST04833,Personal Loan,1109342.7,6.68,2022-06-02,60,Active
LOAN01242,CUST02807,Car Loan,3746470.87,8.99,2023-05-12,240,Active
LOAN01243,CUST00054,Car Loan,2284552.22,8.49,2025-07-18,240,Defaulted
LOAN01244,CUST00851,Car Loan,735433.86,8.25,2024-04-04,240,Closed
LOAN01245,CUST04860,Personal Loan,1017257.88,14.9,2019-10-17,84,Closed
LOAN01246,CUST02590,Personal Loan,4805491.47,10.09,2022-06-29,60,Active
LOAN01247,CUST02948,Education Loan,2956354.25,7.74,2024-04-24,240,Active
LOAN01248,CUST02010,Personal Loan,78520.28,12.75,2019-09-26,180,Active
LOAN01249,CUST04128,Home Loan,2771277.84,10.66,2020-07-13,240,Active
LOAN01250,CUST01810,Car Loan,3351145.16,12.68,2025-01-10,60,Active
LOAN01251,CUST00639,Home Loan,907985.39,14.54,2019-06-26,36,Active
LOAN01252,CUST04827,Car Loan,1362362.96,7.01,2025-02-23,240,Closed
LOAN01253,CUST00602,Personal Loan,3737850.66,12.24,2022-12-13,240,Active
LOAN01254,CUST04136,Home Loan,3041523.28,8.48,2025-02-27,240,Active
LOAN01255,CUST04683,Car Loan,4878337.39,12.44,2025-05-04,36,Active
LOAN01256,CUST04090,Personal Loan,1902624.37,14.39,2020-04-25,24,Active
LOAN01257,CUST04920,Car Loan,2806436.65,9.76,2019-12-31,240,Active
LOAN01258,CUST01385,Personal Loan,4971115.66,7.22,2020-12-01,36,Active
LOAN01259,CUST01390,Personal Loan,830502.86,10.93,2023-10-14,60,Active
LOAN01260,CUST04859,Personal Loan,4193637.51,8.41,2025-11-14,120,Active
LOAN01261,CUST01798,Personal Loan,3068053.34,7.82,2022-08-12,60,Defaulted
LOAN01262,CUST03642,Home Loan,3039393.77,8.3,2022-03-27,180,Active
LOAN01263,CUST02104,Personal Loan,3297148.42,11.55,2025-11-20,36,Closed
LOAN01264,CUST04056,Car Loan,3042193.37,12.67,2020-02-29,24,Closed
LOAN01265,CUST03343,Home Loan,1062522.44,7.91,2025-04-26,12,Closed
LOAN01266,CUST02130,Car Loan,1428872.14,9.96,2021-07-13,12,Active
LOAN01267,CUST03873,Car Loan,3685960.56,14.7,2020-06-04,60,Active
LOAN01268,CUST02270,Personal Loan,3656234.71,10.78,2025-10-16,180,Active
LOAN01269,CUST03873,Car Loan,1133609.76,6.95,2022-03-22,24,Active
LOAN01270,CUST03526,Home Loan,2125948.4,10.07,2024-11-10,36,Active
LOAN01271,CUST01053,Home Loan,3385317.31,9.06,2022-06-28,84,Active
LOAN01272,CUST00774,Education Loan,3724471.82,7.8,2021-10-03,120,Defaulted
LOAN01273,CUST02903,Personal Loan,2667195.02,12.82,2022-12-02,12,Active
LOAN01274,CUST03196,Home Loan,2059363.45,11.71,2022-04-22,240,Closed
LOAN01275,CUST03478,Personal Loan,1557017.37,12.47,2021-07-05,60,Active
LOAN01276,CUST00773,Car Loan,2685458.26,7.1,2023-04-10,36,Active
LOAN01277,CUST00181,Home Loan,1688037.93,13.11,2021-03-22,240,Closed
LOAN01278,CUST01086,Personal Loan,1408127.39,7.85,2019-10-20,120,Active
LOAN01279,CUST00971,Car Loan,201877.03,10.18,2023-06-23,36,Active
LOAN01280,CUST01444,Education Loan,764462.4,14.69,2025-09-14,12,Active
LOAN01281,CUST02005,Personal Loan,2506539.89,11.94,2020-02-17,36,Active
LOAN01282,CUST04407,Education Loan,2570024.58,12.59,2024-05-10,240,Active
LOAN01283,CUST00728,Car Loan,151020.25,9.95,2019-09-30,60,Closed
LOAN01284,CUST01975,Education Loan,615281.1,9.65,2024-09-04,60,Active
LOAN01285,CUST03288,Personal Loan,1326999.43,11.61,2025-10-10,12,Active
LOAN01286,CUST01764,Home Loan,1344432.87,13.08,2021-06-13,36,Active
LOAN01287,CUST04342,Car Loan,749395.7,7.24,2022-06-07,60,Active
LOAN01288,CUST04207,Car Loan,1404672.43,10.96,2019-03-02,180,Active
LOAN01289,CUST00015,Personal Loan,1883515.26,12.89,2024-04-24,240,Active
LOAN01290,CUST02332,Car Loan,2410441.38,7.82,2024-02-27,12,Closed
LOAN01291,CUST01606,Personal Loan,1816598.52,9.55,2020-10-10,36,Closed
LOAN01292,CUST01304,Personal Loan,2269626.09,9.02,2025-03-11,24,Active
LOAN01293,CUST03602,Personal Loan,516070.06,14.33,2022-06-24,24,Active
LOAN01294,CUST02741,Car Loan,1683936.3,11.83,2023-09-03,36,Active
LOAN01295,CUST04981,Personal Loan,1555158.63,7.68,2019-05-18,36,Active
LOAN01296,CUST01225,Personal Loan,3456391.69,6.77,2020-07-20,12,Active
LOAN01297,CUST04638,Education Loan,3866904.44,9.48,2023-12-31,24,Active
LOAN01298,CUST01688,Home Loan,3200418.12,11.0,2023-12-29,180,Closed
LOAN01299,CUST00228,Personal Loan,1271899.65,10.63,2019-06-17,240,Active
LOAN01300,CUST00128,Home Loan,841480.09,13.96,2024-04-26,12,Closed
LOAN01301,CUST01401,Car Loan,340657.4,11.88,2020-08-13,60,Closed
LOAN01302,CUST01101,Home Loan,1645746.29,9.45,2025-07-26,84,Active
LOAN01303,CUST04213,Education Loan,4211823.49,12.11,2021-03-14,24,Closed
LOAN01304,CUST03097,Car Loan,1651255.76,7.31,2022-01-13,240,Active
LOAN01305,CUST02818,Home Loan,2156834.64,12.45,2019-01-25,24,Defaulted
LOAN01306,CUST02009,Personal Loan,4003807.41,6.61,2020-12-29,12,Active
LOAN01307,CUST01606,Education Loan,4287202.77,10.98,2023-05-04,60,Closed
LOAN01308,CUST01555,Car Loan,1473080.75,11.29,2025-07-20,120,Active
LOAN01309,CUST03564,Home Loan,3979709.5,8.74,2025-07-05,240,Closed
LOAN01310,CUST03448,Personal Loan,2663541.66,9.35,2019-07-28,36,Active
LOAN01311,CUST01229,Personal Loan,4808696.95,12.3,2024-12-27,12,Active
LOAN01312,CUST02245,Home Loan,4365699.38,12.64,2019-01-11,120,Active
LOAN01313,CUST01001,Education Loan,4005987.99,7.72,2025-06-10,60,Active
LOAN01314,CUST02334,Car Loan,3902569.75,11.83,2022-02-12,12,Closed
LOAN01315,CUST04365,Home Loan,846893.07,9.32,2019-08-30,84,Active
LOAN01316,CUST04221,Personal Loan,2905814.21,11.84,2023-11-22,12,Closed
LOAN01317,CUST02496,Home Loan,2458097.17,8.17,2024-11-17,12,Active
LOAN01318,CUST00240,Home Loan,1765235.29,9.83,2019-02-04,180,Defaulted
LOAN01319,CUST01083,Education Loan,3419287.0,11.63,2019-10-16,240,Active
LOAN01320,CUST02422,Home Loan,540861.38,13.89,2021-11-15,36,Active
LOAN01321,CUST04795,Car Loan,2111220.13,10.35,2021-10-15,24,Closed
LOAN01322,CUST02860,Personal Loan,2495600.08,13.87,2024-02-21,36,Active
LOAN01323,CUST02244,Personal Loan,4345350.33,11.93,2025-02-22,84,Closed
LOAN01324,CUST01191,Car Loan,2960835.59,8.77,2022-07-12,240,Active
LOAN01325,CUST03139,Education Loan,3059103.46,9.58,2019-12-31,180,Active
LOAN01326,CUST04230,Home Loan,3100459.06,8.76,2022-07-18,24,Active
LOAN01327,CUST02763,Home Loan,1877860.8,8.69,2022-08-30,24,Active
LOAN01328,CUST00343,Home Loan,4322027.68,14.13,2023-11-24,36,Active
LOAN01329,CUST01500,Car Loan,2534526.27,14.25,2019-08-21,60,Active
LOAN01330,CUST00650,Car Loan,1378867.86,9.17,2025-10-19,60,Active
LOAN01331,CUST04197,Car Loan,3523961.76,11.51,2022-02-19,36,Closed
LOAN01332,CUST00698,Personal Loan,2937665.21,7.39,2025-10-02,84,Closed
LOAN01333,CUST03195,Home Loan,4233769.03,7.13,2023-05-02,84,Active
LOAN01334,CUST00569,Personal Loan,4048755.68,10.75,2020-12-06,180,Active
LOAN01335,CUST03376,Personal Loan,2773776.88,8.16,2023-08-27,60,Closed
LOAN01336,CUST02130,Home Loan,2374984.94,13.33,2023-12-19,60,Active
LOAN01337,CUST04247,Home Loan,1516395.11,12.49,2021-08-27,84,Active
LOAN01338,CUST02564,Car Loan,3085503.96,6.72,2025-09-23,84,Active
LOAN01339,CUST00036,Personal Loan,1278921.47,12.33,2020-01-31,12,Closed
LOAN01340,CUST03576,Home Loan,4001672.67,13.55,2023-03-12,240,Closed
LOAN01341,CUST04236,Car Loan,1684089.98,10.3,2025-11-05,180,Active
LOAN01342,CUST04526,Car Loan,1875290.31,9.52,2019-11-01,180,Active
LOAN01343,CUST04145,Home Loan,3412855.72,13.82,2025-05-02,12,Defaulted
LOAN01344,CUST03301,Personal Loan,487131.94,7.17,2022-11-04,120,Active
LOAN01345,CUST01649,Home Loan,1558946.51,13.24,2020-09-17,120,Active
LOAN01346,CUST01617,Personal Loan,4657959.55,7.95,2021-12-07,12,Active
LOAN01347,CUST04743,Home Loan,4892806.6,9.72,2022-06-19,12,Active
LOAN01348,CUST04597,Personal Loan,1287652.62,10.82,2021-11-20,24,Active
LOAN01349,CUST04424,Personal Loan,545757.16,14.06,2025-01-11,84,Active
LOAN01350,CUST01824,Education Loan,938820.76,10.31,2025-10-20,24,Active
LOAN01351,CUST02459,Personal Loan,3737269.32,8.95,2025-04-18,12,Active
LOAN01352,CUST02283,Home Loan,2163512.5,9.22,2019-05-17,180,Active
LOAN01353,CUST02302,Car Loan,3273113.88,11.53,2024-02-13,84,Active
LOAN01354,CUST03346,Home Loan,2964957.68,7.12,2019-07-11,12,Closed
LOAN01355,CUST01513,Personal Loan,4829748.33,9.91,2023-10-16,24,Active
LOAN01356,CUST04482,Education Loan,1438591.88,14.39,2020-01-18,84,Active
LOAN01357,CUST03865,Home Loan,2732089.43,7.6,2019-06-03,60,Active
LOAN01358,CUST03481,Personal Loan,589850.7,8.91,2019-05-07,180,Active
LOAN01359,CUST04994,Personal Loan,1100126.72,11.0,2022-09-20,24,Active
LOAN01360,CUST04296,Car Loan,2312550.43,10.64,2025-05-06,12,Active
LOAN01361,CUST00286,Personal Loan,1585751.87,7.63,2021-09-11,180,Active
LOAN01362,CUST03331,Personal Loan,2387103.79,14.14,2021-10-09,24,Closed
LOAN01363,CUST02332,Personal Loan,919388.21,14.07,2024-06-06,12,Active
LOAN01364,CUST00799,Home Loan,1796233.97,12.46,2020-02-21,12,Active
LOAN01365,CUST04414,Home Loan,4603654.04,9.02,2025-11-06,36,Active
LOAN01366,CUST04518,Education Loan,2143273.5,7.36,2022-12-12,36,Active
LOAN01367,CUST03097,Home Loan,4196120.16,13.81,2021-08-04,84,Closed
LOAN01368,CUST00382,Home Loan,1182775.33,10.05,2022-07-27,60,Active
LOAN01369,CUST00240,Personal Loan,2925045.66,14.44,2025-05-24,24,Closed
LOAN01370,CUST02371,Car Loan,4748774.92,6.92,2023-12-20,36,Active
LOAN01371,CUST00138,Personal Loan,643080.22,13.98,2025-08-04,120,Active
LOAN01372,CUST01985,Personal Loan,735520.89,7.92,2025-06-17,36,Active
LOAN01373,CUST02647,Home Loan,3233242.52,8.89,2019-10-12,84,Closed
LOAN01374,CUST02815,Personal Loan,1267190.94,9.18,2024-03-07,24,Active
LOAN01375,CUST04159,Personal Loan,1812492.82,10.67,2019-04-02,240,Active
LOAN01376,CUST02196,Personal Loan,823927.35,9.62,2020-06-15,84,Closed
LOAN01377,CUST03583,Personal Loan,2415029.5,10.44,2024-12-30,84,Closed
LOAN01378,CUST01322,Car Loan,1981179.25,13.37,2019-09-26,240,Defaulted
LOAN01379,CUST02526,Car Loan,4077347.79,7.97,2020-03-12,36,Active
LOAN01380,CUST01583,Home Loan,3634396.48,12.0,2023-10-03,240,Closed
LOAN01381,CUST00299,Home Loan,2266207.24,6.87,2020-09-18,36,Closed
LOAN01382,CUST00335,Education Loan,787810.77,12.24,2025-07-11,36,Active
LOAN01383,CUST00345,Personal Loan,826978.25,10.06,2019-02-25,240,Active
LOAN01384,CUST00191,Home Loan,3857146.13,10.55,2019-09-14,84,Active
LOAN01385,CUST04995,Personal Loan,1264223.6,10.57,2019-08-05,12,Closed
LOAN01386,CUST02336,Car Loan,1246542.96,11.3,2019-07-20,120,Active
LOAN01387,CUST00109,Car Loan,3943604.18,8.35,2024-08-16,24,Active
LOAN01388,CUST00929,Education Loan,3858669.2,8.5,2022-04-02,24,Active
LOAN01389,CUST01544,Car Loan,631156.54,9.2,2020-08-03,240,Active
LOAN01390,CUST02721,Car Loan,1735548.99,13.96,2020-02-11,12,Active
LOAN01391,CUST03839,Home Loan,3791709.31,14.69,2024-03-27,24,Active
LOAN01392,CUST03122,Home Loan,155166.4,12.39,2020-06-05,36,Active
LOAN01393,CUST00918,Personal Loan,3209666.29,8.29,2022-02-04,120,Active
LOAN01394,CUST00269,Home Loan,340257.13,12.41,2024-01-25,180,Active
LOAN01395,CUST04279,Home Loan,3667274.88,9.9,2023-06-30,12,Active
LOAN01396,CUST01675,Personal Loan,4451947.39,12.81,2024-02-11,84,Closed
LOAN01397,CUST04280,Home Loan,3961882.31,6.87,2021-12-18,180,Active
LOAN01398,CUST01083,Education Loan,2724648.97,14.03,2020-12-08,120,Closed
LOAN01399,CUST02504,Education Loan,3111848.97,9.12,2024-04-06,12,Active
LOAN01400,CUST02282,Car Loan,1791346.06,7.05,2025-06-18,60,Active
LOAN01401,CUST00959,Car Loan,4569503.75,11.92,2019-04-23,84,Closed
LOAN01402,CUST01824,Personal Loan,2946736.33,12.44,2023-06-03,180,Closed
LOAN01403,CUST04688,Car Loan,2873930.94,14.01,2019-03-06,120,Active
LOAN01404,CUST03722,Home Loan,4392510.41,10.99,2022-12-12,12,Active
LOAN01405,CUST04555,Personal Loan,4638031.78,14.56,2021-06-08,120,Active
LOAN01406,CUST01233,Home Loan,4020201.43,9.92,2019-01-22,180,Defaulted
LOAN01407,CUST04030,Car Loan,3550950.03,13.68,2022-03-25,60,Active
LOAN01408,CUST00805,Education Loan,767477.74,14.74,2022-03-05,240,Active
LOAN01409,CUST04389,Home Loan,3609579.38,11.74,2019-09-25,84,Closed
LOAN01410,CUST00640,Home Loan,1620347.63,13.96,2023-07-12,240,Closed
LOAN01411,CUST04874,Car Loan,4770381.0,12.94,2024-07-12,60,Active
LOAN01412,CUST03386,Education Loan,59217.82,9.41,2020-11-05,36,Active
LOAN01413,CUST00398,Personal Loan,3904085.63,13.95,2022-09-20,36,Active
LOAN01414,CUST04561,Home Loan,3342179.05,11.28,2025-10-03,12,Active
LOAN01415,CUST03354,Home Loan,1366422.86,6.55,2021-01-22,60,Active
LOAN01416,CUST02704,Personal Loan,2180262.8,10.05,2025-05-20,24,Active
LOAN01417,CUST04644,Personal Loan,951664.65,13.78,2019-04-20,36,Closed
LOAN01418,CUST02225,Personal Loan,2560212.99,9.68,2023-04-21,84,Closed
LOAN01419,CUST03044,Car Loan,4903729.45,7.07,2022-09-14,120,Active
LOAN01420,CUST00470,Home Loan,2180296.28,9.8,2020-06-05,60,Closed
LOAN01421,CUST02618,Personal Loan,1067222.17,13.75,2023-02-16,84,Closed
LOAN01422,CUST02870,Home Loan,3955383.6,14.31,2022-02-05,84,Active
LOAN01423,CUST02017,Car Loan,936055.22,14.31,2024-04-02,60,Active
LOAN01424,CUST03620,Home Loan,665850.98,13.55,2022-05-07,84,Closed
LOAN01425,CUST02157,Car Loan,3297829.31,9.82,2025-08-05,180,Active
LOAN01426,CUST03885,Personal Loan,617589.15,14.29,2021-10-15,60,Active
LOAN01427,CUST00268,Education Loan,1759573.81,13.2,2023-01-05,240,Active
LOAN01428,CUST04602,Car Loan,4479679.61,7.54,2024-05-17,240,Active
LOAN01429,CUST02734,Personal Loan,2754525.94,11.91,2023-07-30,240,Active
LOAN01430,CUST00970,Personal Loan,134169.1,14.09,2022-06-23,60,Active
LOAN01431,CUST01455,Car Loan,1597732.96,8.52,2024-07-14,180,Active
LOAN01432,CUST04776,Car Loan,1206107.19,14.98,2024-04-15,84,Closed
LOAN01433,CUST02489,Home Loan,4818921.75,6.86,2019-04-30,36,Active
LOAN01434,CUST01078,Personal Loan,4640320.09,14.37,2022-10-21,120,Active
LOAN01435,CUST00253,Home Loan,1062890.11,7.25,2025-08-28,60,Active
LOAN01436,CUST00807,Home Loan,3352010.12,11.61,2025-09-07,36,Active
LOAN01437,CUST03061,Home Loan,1258005.0,7.76,2021-07-28,240,Active
LOAN01438,CUST04859,Car Loan,333650.99,7.58,2021-09-15,180,Active
LOAN01439,CUST00520,Education Loan,4260821.26,8.58,2024-01-20,180,Active
LOAN01440,CUST00236,Car Loan,1561476.21,7.77,2020-04-15,84,Active
LOAN01441,CUST02819,Personal Loan,1488116.76,7.57,2025-04-13,12,Active
LOAN01442,CUST00758,Car Loan,3040122.46,6.61,2025-12-23,180,Defaulted
LOAN01443,CUST00798,Personal Loan,3653097.35,14.02,2023-06-10,36,Active
LOAN01444,CUST01239,Personal Loan,1600202.24,10.15,2024-09-18,24,Closed
LOAN01445,CUST01713,Education Loan,4662461.18,13.82,2025-11-14,24,Closed
LOAN01446,CUST04766,Home Loan,1647123.3,11.44,2025-05-14,60,Active
LOAN01447,CUST03167,Personal Loan,3165357.41,6.98,2025-11-08,12,Active
LOAN01448,CUST00535,Car Loan,4617083.58,9.69,2022-08-08,120,Closed
LOAN01449,CUST03080,Personal Loan,64442.09,8.43,2025-01-18,240,Closed
LOAN01450,CUST00133,Personal Loan,4554837.62,9.9,2024-08-12,36,Closed
LOAN01451,CUST03838,Personal Loan,1643324.42,12.31,2019-02-12,240,Defaulted
LOAN01452,CUST03714,Personal Loan,1813982.7,12.48,2024-04-01,120,Active
LOAN01453,CUST02296,Personal Loan,4585945.34,8.78,2023-12-10,36,Active
LOAN01454,CUST00687,Car Loan,561249.68,10.86,2019-04-01,36,Defaulted
LOAN01455,CUST01968,Home Loan,4110387.32,14.93,2022-03-27,36,Defaulted
LOAN01456,CUST01362,Car Loan,1710247.57,9.46,2021-03-20,36,Closed
LOAN01457,CUST03679,Car Loan,4464961.39,11.89,2021-05-26,24,Closed
LOAN01458,CUST04968,Car Loan,3096346.47,8.19,2024-08-27,36,Closed
LOAN01459,CUST03802,Car Loan,912043.35,9.27,2021-07-31,12,Closed
LOAN01460,CUST03339,Car Loan,4760572.59,8.16,2019-07-27,12,Closed
LOAN01461,CUST03253,Home Loan,3601407.9,6.78,2020-07-13,24,Active
LOAN01462,CUST02835,Car Loan,867379.12,13.85,2023-05-26,60,Active
LOAN01463,CUST01016,Home Loan,1072720.15,10.59,2022-06-16,36,Closed
LOAN01464,CUST00199,Education Loan,4989613.57,7.11,2025-12-17,60,Active
LOAN01465,CUST03260,Car Loan,3634767.39,13.76,2024-11-07,240,Active
LOAN01466,CUST03102,Car Loan,3221152.61,11.5,2019-03-22,12,Active
LOAN01467,CUST01497,Home Loan,4306342.22,14.28,2020-06-18,240,Active
LOAN01468,CUST00940,Car Loan,3479196.22,10.59,2022-11-20,60,Active
LOAN01469,CUST02719,Car Loan,4999050.49,13.4,2022-11-29,12,Active
LOAN01470,CUST01532,Car Loan,2296951.79,7.39,2019-03-03,84,Active
LOAN01471,CUST03192,Personal Loan,976374.76,10.69,2021-03-06,60,Active
LOAN01472,CUST03554,Home Loan,3312918.32,7.49,2022-10-25,84,Closed
LOAN01473,CUST00105,Personal Loan,2279045.34,9.58,2019-02-18,84,Active
LOAN01474,CUST04927,Car Loan,3561023.49,9.69,2020-04-03,12,Active
LOAN01475,CUST02694,Home Loan,3644314.05,11.76,2023-08-24,12,Active
LOAN01476,CUST00171,Personal Loan,2517745.31,10.79,2019-04-15,180,Active
LOAN01477,CUST00269,Personal Loan,3061174.69,12.14,2020-05-11,180,Closed
LOAN01478,CUST00507,Car Loan,4844264.75,7.99,2025-10-15,120,Closed
LOAN01479,CUST04842,Car Loan,369484.9,10.48,2025-09-02,120,Active
LOAN01480,CUST04385,Education Loan,2948623.93,11.36,2022-01-18,36,Defaulted
LOAN01481,CUST01141,Personal Loan,4987706.4,14.55,2024-09-27,84,Defaulted
LOAN01482,CUST04638,Home Loan,2744947.5,8.64,2024-07-21,24,Closed
LOAN01483,CUST02632,Personal Loan,3363779.38,14.78,2025-10-16,24,Active
LOAN01484,CUST00026,Car Loan,3013199.78,8.11,2024-07-25,180,Active
LOAN01485,CUST00727,Personal Loan,3149372.1,14.95,2025-04-01,120,Closed
LOAN01486,CUST02668,Home Loan,3926544.61,10.27,2021-11-18,84,Closed
LOAN01487,CUST02271,Personal Loan,4356308.85,7.94,2019-08-16,36,Active
LOAN01488,CUST04331,Car Loan,2566411.11,13.58,2025-04-15,36,Active
LOAN01489,CUST00354,Education Loan,3920806.94,8.05,2025-05-06,240,Defaulted
LOAN01490,CUST02920,Personal Loan,3682323.74,11.11,2024-12-08,180,Closed
LOAN01491,CUST03041,Personal Loan,3663465.56,14.2,2022-01-13,240,Active
LOAN01492,CUST03396,Car Loan,3798142.9,9.92,2020-02-01,180,Active
LOAN01493,CUST02195,Car Loan,2325221.65,10.41,2021-03-26,36,Active
LOAN01494,CUST00411,Personal Loan,1090059.72,13.48,2020-07-30,240,Active
LOAN01495,CUST03373,Car Loan,779862.28,10.99,2021-02-13,24,Defaulted
LOAN01496,CUST00683,Car Loan,476806.63,9.95,2020-10-31,84,Defaulted
LOAN01497,CUST01044,Personal Loan,247881.01,11.18,2019-06-24,24,Closed
LOAN01498,CUST00685,Personal Loan,3190351.87,11.43,2023-09-11,12,Closed
LOAN01499,CUST03482,Car Loan,2183497.72,7.74,2022-11-09,24,Active
LOAN01500,CUST04422,Car Loan,2356348.39,8.12,2023-02-05,120,Active
LOAN01501,CUST03803,Personal Loan,1747783.31,11.51,2023-11-24,12,Defaulted
LOAN01502,CUST00021,Education Loan,3856630.67,11.4,2020-09-01,240,Active
LOAN01503,CUST02808,Home Loan,4338702.7,9.92,2021-10-17,60,Active
LOAN01504,CUST01971,Home Loan,4688823.18,11.79,2020-05-30,36,Active
LOAN01505,CUST02096,Home Loan,2120894.31,12.59,2019-04-29,12,Active
LOAN01506,CUST03335,Education Loan,2050424.99,7.98,2025-06-20,84,Active
LOAN01507,CUST04602,Personal Loan,192078.84,9.16,2022-12-04,12,Active
LOAN01508,CUST03359,Education Loan,1199002.55,9.83,2024-05-26,180,Closed
LOAN01509,CUST02003,Car Loan,2659992.84,13.24,2020-05-25,36,Active
LOAN01510,CUST00316,Home Loan,3376936.5,9.43,2022-07-05,84,Active
LOAN01511,CUST02369,Car Loan,1851807.26,6.67,2025-04-15,240,Active
LOAN01512,CUST03426,Car Loan,3329607.71,12.03,2024-07-22,84,Active
LOAN01513,CUST04947,Personal Loan,2059751.02,9.91,2019-12-04,120,Active
LOAN01514,CUST04658,Car Loan,1792300.97,10.08,2025-05-11,180,Active
LOAN01515,CUST00901,Home Loan,4986204.25,14.56,2024-02-02,12,Closed
LOAN01516,CUST04542,Car Loan,3969742.96,10.33,2019-08-29,12,Defaulted
LOAN01517,CUST04416,Home Loan,1729557.5,13.9,2025-03-23,12,Defaulted
LOAN01518,CUST00586,Education Loan,1696098.08,7.69,2021-01-17,84,Active
LOAN01519,CUST00495,Car Loan,2679661.24,10.79,2021-01-20,120,Closed
LOAN01520,CUST03387,Car Loan,2988968.68,7.83,2019-03-10,240,Closed
LOAN01521,CUST04904,Car Loan,461991.44,11.3,2023-12-11,120,Active
LOAN01522,CUST00974,Personal Loan,3942418.28,6.9,2022-11-20,240,Active
LOAN01523,CUST01896,Personal Loan,3748500.09,10.07,2019-12-29,240,Defaulted
LOAN01524,CUST02391,Car Loan,2819960.22,10.83,2025-04-07,84,Active
LOAN01525,CUST04873,Car Loan,1825010.65,6.71,2022-01-10,60,Closed
LOAN01526,CUST02485,Personal Loan,4645467.2,13.84,2020-12-02,180,Closed
LOAN01527,CUST04334,Car Loan,1421892.74,8.46,2025-01-22,60,Active
LOAN01528,CUST04452,Personal Loan,1065353.13,14.09,2020-08-12,36,Active
LOAN01529,CUST00129,Home Loan,4498869.06,10.0,2019-02-24,240,Active
LOAN01530,CUST04642,Personal Loan,1992525.78,8.95,2023-03-29,180,Active
LOAN01531,CUST00052,Personal Loan,437288.37,7.82,2019-07-29,60,Active
LOAN01532,CUST04334,Car Loan,1047978.63,9.33,2022-02-13,12,Active
LOAN01533,CUST03180,Home Loan,4174877.26,7.99,2022-11-01,120,Active
LOAN01534,CUST02142,Education Loan,2766335.08,13.53,2019-08-01,60,Closed
LOAN01535,CUST03073,Home Loan,1830250.79,10.8,2020-12-03,120,Active
LOAN01536,CUST02666,Education Loan,2434636.13,12.72,2022-08-31,180,Active
LOAN01537,CUST02965,Education Loan,3379098.33,9.6,2024-07-27,84,Active
LOAN01538,CUST02738,Personal Loan,1754743.85,12.55,2023-06-16,12,Active
LOAN01539,CUST02374,Personal Loan,1727532.37,12.85,2021-12-10,12,Active
LOAN01540,CUST04417,Education Loan,3358632.5,12.24,2023-08-29,12,Active
LOAN01541,CUST00851,Home Loan,1683719.99,9.18,2022-12-03,24,Active
LOAN01542,CUST04263,Personal Loan,1499092.55,12.12,2022-12-01,240,Active
LOAN01543,CUST03399,Car Loan,4744296.88,10.42,2020-08-12,12,Active
LOAN01544,CUST00172,Home Loan,4369839.96,11.18,2023-07-18,60,Closed
LOAN01545,CUST03201,Car Loan,1667553.87,14.19,2025-10-28,24,Active
LOAN01546,CUST00828,Personal Loan,2986536.49,10.42,2020-08-20,12,Closed
LOAN01547,CUST04765,Education Loan,2588841.39,7.08,2019-07-10,240,Closed
LOAN01548,CUST04096,Personal Loan,1125581.15,11.34,2023-07-15,84,Closed
LOAN01549,CUST04180,Car Loan,3118915.34,11.73,2023-09-02,24,Active
LOAN01550,CUST02820,Education Loan,1110112.79,9.74,2023-05-17,180,Active
LOAN01551,CUST02068,Home Loan,2653994.86,8.84,2023-09-01,240,Closed
LOAN01552,CUST02865,Education Loan,2783251.77,12.35,2023-04-09,180,Closed
LOAN01553,CUST04219,Personal Loan,4100784.57,14.53,2022-06-24,180,Active
LOAN01554,CUST00744,Home Loan,4095933.71,11.27,2024-12-31,84,Active
LOAN01555,CUST01177,Car Loan,2607175.11,7.65,2023-07-29,180,Active
LOAN01556,CUST02440,Home Loan,1308710.89,13.65,2020-08-05,120,Active
LOAN01557,CUST01496,Home Loan,2837883.39,7.52,2023-04-25,24,Active
LOAN01558,CUST03709,Personal Loan,4823096.57,12.43,2021-04-14,60,Closed
LOAN01559,CUST04332,Personal Loan,3669953.44,9.15,2024-02-16,120,Defaulted
LOAN01560,CUST01040,Personal Loan,3612764.73,7.84,2022-07-23,12,Active
LOAN01561,CUST03943,Home Loan,3416296.19,6.72,2020-12-08,180,Active
LOAN01562,CUST01184,Personal Loan,3248077.17,8.01,2025-10-13,24,Active
LOAN01563,CUST00938,Education Loan,88274.92,12.91,2024-07-16,24,Active
LOAN01564,CUST03111,Personal Loan,2617569.18,11.43,2024-10-15,84,Active
LOAN01565,CUST00419,Car Loan,579833.24,9.03,2025-11-28,60,Active
LOAN01566,CUST03504,Car Loan,2583919.89,9.73,2022-11-23,180,Active
LOAN01567,CUST00243,Home Loan,1869712.67,13.1,2023-11-06,180,Closed
LOAN01568,CUST04003,Car Loan,1638756.6,6.7,2024-11-21,240,Active
LOAN01569,CUST03838,Personal Loan,2690745.82,7.13,2023-09-25,24,Active
LOAN01570,CUST04941,Home Loan,2603418.93,11.2,2022-04-17,180,Closed
LOAN01571,CUST04238,Personal Loan,2738357.81,8.9,2019-08-28,240,Active
LOAN01572,CUST02617,Education Loan,1189785.9,6.86,2020-08-06,60,Active
LOAN01573,CUST01524,Home Loan,222342.14,10.19,2023-10-01,84,Active
LOAN01574,CUST00563,Car Loan,2010495.73,14.78,2025-01-02,60,Closed
LOAN01575,CUST01173,Home Loan,2890862.66,13.71,2023-12-03,180,Active
LOAN01576,CUST01532,Car Loan,4664197.75,14.0,2025-01-06,60,Closed
LOAN01577,CUST03041,Education Loan,468820.95,14.27,2022-03-10,180,Active
LOAN01578,CUST01355,Personal Loan,4345758.84,12.71,2023-09-15,84,Active
LOAN01579,CUST04581,Car Loan,1223808.64,7.17,2021-05-02,240,Active
LOAN01580,CUST00611,Car Loan,3306385.92,10.93,2019-12-23,12,Active
LOAN01581,CUST04702,Home Loan,763902.55,12.13,2021-05-22,240,Active
LOAN01582,CUST01263,Car Loan,1407342.17,10.89,2020-10-08,240,Closed
LOAN01583,CUST01710,Personal Loan,1727660.5,11.35,2019-01-22,24,Active
LOAN01584,CUST02263,Personal Loan,2277810.25,13.09,2025-07-08,36,Active
LOAN01585,CUST03837,Personal Loan,2981151.97,11.79,2019-10-24,60,Active
LOAN01586,CUST03592,Home Loan,1431401.69,8.49,2025-08-27,120,Active
LOAN01587,CUST02174,Home Loan,4026020.06,6.89,2021-08-26,240,Active
LOAN01588,CUST04513,Home Loan,2627441.68,11.52,2025-06-18,84,Active
LOAN01589,CUST03812,Personal Loan,4096079.59,9.19,2019-08-05,180,Active
LOAN01590,CUST04464,Personal Loan,4967383.82,9.16,2024-07-27,240,Defaulted
LOAN01591,CUST02017,Car Loan,2488924.83,10.46,2022-04-27,84,Active
LOAN01592,CUST00202,Car Loan,1711283.04,7.33,2020-01-16,180,Active
LOAN01593,CUST00595,Home Loan,1660598.35,10.07,2022-09-21,240,Active
LOAN01594,CUST04608,Car Loan,3093256.11,9.15,2022-08-16,36,Closed
LOAN01595,CUST00224,Personal Loan,898725.47,14.68,2023-07-18,240,Active
LOAN01596,CUST00345,Home Loan,790948.38,13.71,2025-04-15,180,Closed
LOAN01597,CUST04347,Car Loan,243333.28,14.16,2025-12-19,24,Active
LOAN01598,CUST03988,Education Loan,1781056.56,10.19,2019-09-21,24,Active
LOAN01599,CUST04509,Education Loan,1782028.98,11.68,2022-08-03,84,Active
LOAN01600,CUST03878,Home Loan,3924014.49,10.9,2024-10-17,84,Active
LOAN01601,CUST03789,Personal Loan,2986689.09,9.76,2023-03-27,120,Closed
LOAN01602,CUST03024,Personal Loan,566162.78,13.15,2024-06-07,180,Active
LOAN01603,CUST01836,Car Loan,3488342.88,14.5,2024-04-28,240,Active
LOAN01604,CUST00291,Education Loan,4692104.85,6.93,2021-05-30,240,Closed
LOAN01605,CUST01004,Personal Loan,4581636.82,8.81,2019-05-27,24,Active
LOAN01606,CUST01177,Education Loan,2402966.64,9.56,2025-09-10,180,Active
LOAN01607,CUST00270,Home Loan,3828678.78,6.65,2024-04-22,120,Active
LOAN01608,CUST01176,Home Loan,562271.79,7.32,2022-11-15,180,Defaulted
LOAN01609,CUST02137,Car Loan,4828068.22,11.71,2022-03-01,12,Closed
LOAN01610,CUST00329,Personal Loan,3691949.88,8.09,2020-10-25,24,Closed
LOAN01611,CUST03339,Car Loan,933905.06,12.69,2019-08-23,240,Closed
LOAN01612,CUST01268,Personal Loan,2243334.63,10.83,2024-04-20,36,Active
LOAN01613,CUST04733,Car Loan,2752485.89,7.39,2025-03-17,120,Active
LOAN01614,CUST00115,Home Loan,3250516.66,11.06,2023-01-01,180,Active
LOAN01615,CUST01715,Car Loan,3490341.34,9.77,2024-09-07,240,Active
LOAN01616,CUST03327,Home Loan,1049962.47,10.03,2023-03-12,180,Active
LOAN01617,CUST00188,Personal Loan,1609774.31,14.69,2021-12-16,84,Active
LOAN01618,CUST01422,Car Loan,861463.99,8.56,2019-04-16,120,Active
LOAN01619,CUST03781,Personal Loan,2557548.14,14.44,2020-03-27,120,Active
LOAN01620,CUST02250,Car Loan,4102336.57,13.68,2021-12-24,84,Closed
LOAN01621,CUST00082,Personal Loan,4675741.23,11.98,2023-04-06,12,Active
LOAN01622,CUST03164,Car Loan,3888572.43,10.02,2022-03-01,12,Active
LOAN01623,CUST01719,Home Loan,4740467.09,7.57,2019-06-26,84,Defaulted
LOAN01624,CUST01093,Home Loan,566413.47,10.52,2021-08-11,120,Defaulted
LOAN01625,CUST00715,Personal Loan,2212669.12,13.99,2025-10-03,180,Active
LOAN01626,CUST04367,Home Loan,2901653.44,12.77,2025-11-09,180,Closed
LOAN01627,CUST04309,Personal Loan,4056435.23,9.45,2024-11-09,240,Closed
LOAN01628,CUST01173,Car Loan,360858.67,9.34,2023-09-13,12,Closed
LOAN01629,CUST03122,Car Loan,1464475.74,11.95,2025-03-16,24,Active
LOAN01630,CUST01617,Personal Loan,2922324.97,14.15,2022-09-22,12,Active
LOAN01631,CUST01828,Home Loan,106177.55,7.83,2021-07-27,120,Defaulted
LOAN01632,CUST03003,Personal Loan,3440484.84,6.55,2022-10-25,24,Closed
LOAN01633,CUST01425,Home Loan,3864044.02,8.0,2019-05-29,36,Active
LOAN01634,CUST00637,Home Loan,192020.77,12.67,2022-09-20,60,Active
LOAN01635,CUST00777,Home Loan,3711608.44,13.46,2023-05-28,24,Closed
LOAN01636,CUST03367,Personal Loan,3219840.62,6.9,2020-06-03,240,Active
LOAN01637,CUST03640,Home Loan,575675.46,8.17,2025-12-27,240,Closed
LOAN01638,CUST01924,Personal Loan,1307295.07,11.35,2020-01-01,12,Active
LOAN01639,CUST01057,Personal Loan,4516846.48,6.86,2024-11-16,180,Active
LOAN01640,CUST04866,Personal Loan,2888582.17,10.81,2021-03-08,60,Closed
LOAN01641,CUST01821,Home Loan,450059.03,9.17,2022-08-28,120,Closed
LOAN01642,CUST04397,Education Loan,4183626.48,11.92,2023-04-16,120,Active
LOAN01643,CUST04191,Home Loan,2992720.92,7.07,2024-12-17,120,Closed
LOAN01644,CUST02495,Personal Loan,4641714.51,12.22,2023-12-06,180,Active
LOAN01645,CUST02491,Car Loan,3878249.89,8.84,2019-08-06,24,Active
LOAN01646,CUST00234,Car Loan,1050071.2,10.55,2021-06-01,180,Active
LOAN01647,CUST01421,Car Loan,4270744.73,14.31,2020-05-26,120,Active
LOAN01648,CUST03912,Home Loan,399542.45,9.05,2025-10-19,84,Active
LOAN01649,CUST02742,Personal Loan,4792231.66,14.44,2023-08-25,12,Active
LOAN01650,CUST00430,Car Loan,4647013.37,12.57,2025-03-06,120,Active
LOAN01651,CUST04336,Personal Loan,2632890.23,14.64,2023-03-29,180,Active
LOAN01652,CUST04995,Home Loan,1090917.71,11.42,2020-08-26,12,Closed
LOAN01653,CUST02895,Personal Loan,1764491.12,11.41,2025-12-27,60,Active
LOAN01654,CUST00801,Personal Loan,4484696.5,13.55,2023-03-08,24,Active
LOAN01655,CUST01895,Home Loan,2793679.47,13.77,2019-11-05,36,Closed
LOAN01656,CUST02917,Car Loan,2108149.66,13.88,2022-03-29,120,Active
LOAN01657,CUST01986,Personal Loan,1618152.78,13.74,2023-06-05,12,Active
LOAN01658,CUST00901,Car Loan,2109164.7,13.22,2022-12-27,120,Active
LOAN01659,CUST04341,Education Loan,4195004.45,10.98,2019-09-22,240,Active
LOAN01660,CUST03378,Personal Loan,1821521.43,10.05,2024-01-26,36,Active
LOAN01661,CUST03524,Car Loan,1345628.48,8.07,2020-11-24,240,Closed
LOAN01662,CUST03319,Home Loan,389585.81,6.54,2021-01-29,120,Closed
LOAN01663,CUST02729,Education Loan,98362.01,7.18,2024-04-28,84,Closed
LOAN01664,CUST01315,Personal Loan,4121431.15,14.17,2023-03-31,24,Active
LOAN01665,CUST03478,Home Loan,4484286.17,13.23,2022-07-24,120,Active
LOAN01666,CUST04207,Personal Loan,2361307.99,13.51,2022-06-21,60,Defaulted
LOAN01667,CUST03717,Car Loan,2022357.45,10.18,2021-03-14,180,Active
LOAN01668,CUST00286,Personal Loan,2654509.68,10.4,2020-06-03,180,Closed
LOAN01669,CUST01146,Car Loan,4184399.39,8.84,2020-07-04,12,Active
LOAN01670,CUST01157,Car Loan,519834.48,8.71,2022-03-25,24,Defaulted
LOAN01671,CUST04664,Car Loan,3460805.64,7.05,2024-12-11,120,Active
LOAN01672,CUST03835,Education Loan,359113.02,13.75,2019-05-16,36,Active
LOAN01673,CUST00972,Home Loan,4183299.96,13.22,2024-01-17,240,Active
LOAN01674,CUST01879,Car Loan,915931.87,10.48,2021-11-05,60,Active
LOAN01675,CUST03576,Personal Loan,2710178.08,14.39,2025-09-30,84,Closed
LOAN01676,CUST00919,Education Loan,156998.52,7.99,2023-03-16,180,Closed
LOAN01677,CUST03294,Home Loan,3329191.56,11.65,2023-03-16,120,Closed
LOAN01678,CUST00482,Home Loan,4292761.53,9.02,2020-05-20,60,Active
LOAN01679,CUST00068,Personal Loan,2960284.69,12.59,2022-06-18,240,Active
LOAN01680,CUST00681,Home Loan,2138768.9,6.67,2021-10-03,60,Active
LOAN01681,CUST04902,Personal Loan,1833192.1,11.54,2021-05-20,180,Closed
LOAN01682,CUST00772,Education Loan,1913227.63,9.2,2024-05-29,84,Active
LOAN01683,CUST03610,Car Loan,325442.53,10.7,2019-06-28,60,Closed
LOAN01684,CUST02238,Home Loan,3226815.31,11.44,2022-12-18,36,Active
LOAN01685,CUST01755,Personal Loan,2382083.14,13.84,2021-04-07,240,Active
LOAN01686,CUST02811,Personal Loan,1859891.5,6.83,2023-02-16,12,Active
LOAN01687,CUST03086,Personal Loan,193089.01,13.59,2019-08-04,180,Active
LOAN01688,CUST03073,Home Loan,4684306.56,8.07,2023-04-28,180,Closed
LOAN01689,CUST02071,Personal Loan,611120.41,14.13,2020-06-25,180,Active
LOAN01690,CUST04359,Home Loan,2602679.72,10.69,2023-09-22,24,Active
LOAN01691,CUST01871,Car Loan,1848298.13,10.12,2025-10-09,120,Active
LOAN01692,CUST01609,Personal Loan,832460.91,11.72,2022-07-20,60,Defaulted
LOAN01693,CUST01198,Home Loan,3694253.6,7.76,2022-03-26,12,Active
LOAN01694,CUST00693,Car Loan,1496909.81,10.52,2020-05-24,24,Active
LOAN01695,CUST03514,Car Loan,2664920.16,13.11,2022-05-27,180,Closed
LOAN01696,CUST03578,Car Loan,3069722.32,6.66,2020-09-08,12,Active
LOAN01697,CUST03649,Personal Loan,633579.11,9.02,2019-09-22,60,Active
LOAN01698,CUST00963,Home Loan,2324583.31,13.63,2024-01-11,36,Closed
LOAN01699,CUST00558,Car Loan,325407.2,14.6,2020-03-10,240,Active
LOAN01700,CUST04917,Car Loan,1180361.85,7.6,2021-09-09,84,Active
LOAN01701,CUST01750,Education Loan,2309076.09,9.63,2019-03-03,240,Active
LOAN01702,CUST03415,Personal Loan,854396.26,12.53,2021-11-26,60,Active
LOAN01703,CUST00552,Personal Loan,3852709.1,7.35,2019-04-12,60,Closed
LOAN01704,CUST04133,Education Loan,3423029.22,14.25,2019-09-08,120,Active
LOAN01705,CUST00820,Personal Loan,917980.47,13.04,2019-09-13,240,Active
LOAN01706,CUST01008,Car Loan,3178355.87,14.09,2022-10-04,60,Active
LOAN01707,CUST00695,Car Loan,4019358.35,13.32,2024-11-05,240,Closed
LOAN01708,CUST03551,Home Loan,495962.15,7.47,2025-04-21,84,Defaulted
LOAN01709,CUST00787,Car Loan,261658.64,7.77,2021-12-07,12,Active
LOAN01710,CUST01362,Car Loan,286530.53,12.3,2020-12-08,120,Closed
LOAN01711,CUST01044,Car Loan,4490936.85,14.3,2023-08-06,24,Closed
LOAN01712,CUST03118,Personal Loan,3305803.0,12.33,2024-09-23,36,Active
LOAN01713,CUST03890,Car Loan,3811351.34,13.26,2024-03-20,84,Active
LOAN01714,CUST01632,Education Loan,4757047.32,9.46,2022-08-20,120,Active
LOAN01715,CUST04809,Personal Loan,2123632.88,11.85,2020-12-29,120,Active
LOAN01716,CUST00095,Personal Loan,2235002.52,6.92,2020-02-18,36,Closed
LOAN01717,CUST03919,Education Loan,3563363.02,14.67,2023-03-30,84,Closed
LOAN01718,CUST02297,Home Loan,3007522.07,9.8,2022-03-14,120,Active
LOAN01719,CUST03130,Car Loan,3531842.47,7.31,2019-01-22,120,Active
LOAN01720,CUST00927,Personal Loan,3018503.67,12.24,2022-03-17,120,Closed
LOAN01721,CUST00615,Car Loan,74782.05,12.66,2019-06-09,120,Closed
LOAN01722,CUST04995,Car Loan,2751222.05,11.69,2020-04-07,120,Active
LOAN01723,CUST00625,Personal Loan,2526538.75,11.87,2019-04-30,240,Defaulted
LOAN01724,CUST04883,Car Loan,2465445.22,8.11,2023-08-30,120,Active
LOAN01725,CUST01155,Car Loan,3050318.74,12.64,2025-03-26,24,Active
LOAN01726,CUST00522,Home Loan,2910106.32,11.64,2025-12-13,120,Active
LOAN01727,CUST01455,Home Loan,3947906.41,7.21,2024-12-12,36,Closed
LOAN01728,CUST01095,Personal Loan,737512.31,6.98,2020-10-14,12,Defaulted
LOAN01729,CUST03497,Personal Loan,4071824.13,9.0,2021-12-01,84,Active
LOAN01730,CUST04476,Home Loan,1213289.75,10.05,2020-09-10,84,Active
LOAN01731,CUST01678,Car Loan,2147393.9,14.07,2021-10-16,12,Active
LOAN01732,CUST00028,Home Loan,3546342.48,13.58,2021-09-14,180,Closed
LOAN01733,CUST00310,Car Loan,3534615.14,10.78,2024-06-18,60,Active
LOAN01734,CUST00387,Home Loan,1856822.84,9.73,2022-10-08,180,Active
LOAN01735,CUST04512,Home Loan,1487561.76,12.26,2023-03-30,120,Active
LOAN01736,CUST04319,Car Loan,1918452.24,13.22,2025-12-25,12,Active
LOAN01737,CUST00409,Personal Loan,4194220.29,14.01,2025-03-17,24,Active
LOAN01738,CUST02628,Education Loan,3680757.6,14.18,2021-01-08,240,Active
LOAN01739,CUST03815,Education Loan,3592465.77,14.12,2023-09-21,36,Active
LOAN01740,CUST03572,Home Loan,3037861.03,11.55,2023-04-16,120,Closed
LOAN01741,CUST04148,Home Loan,68963.7,14.23,2022-07-16,24,Active
LOAN01742,CUST00924,Education Loan,2422142.42,8.27,2022-12-11,60,Closed
LOAN01743,CUST02949,Car Loan,3304826.04,12.76,2025-11-25,120,Active
LOAN01744,CUST01027,Personal Loan,1066134.85,12.66,2024-11-21,12,Closed
LOAN01745,CUST00132,Education Loan,3392945.64,6.91,2024-12-30,240,Active
LOAN01746,CUST04056,Home Loan,104735.36,14.41,2024-04-18,240,Active
LOAN01747,CUST02678,Home Loan,3714047.89,12.36,2022-02-14,12,Active
LOAN01748,CUST04457,Home Loan,1144427.5,13.44,2021-02-25,240,Active
LOAN01749,CUST04152,Education Loan,624384.39,11.68,2022-01-20,240,Closed
LOAN01750,CUST04428,Personal Loan,3512799.07,12.63,2024-06-20,120,Active
LOAN01751,CUST00328,Personal Loan,2340480.45,13.29,2023-07-26,84,Active
LOAN01752,CUST02775,Personal Loan,1775054.36,12.3,2019-12-16,84,Closed
LOAN01753,CUST04321,Car Loan,2416519.73,7.71,2021-08-16,36,Defaulted
LOAN01754,CUST01474,Education Loan,4238719.96,7.51,2022-11-09,180,Defaulted
LOAN01755,CUST02453,Education Loan,3791193.08,12.0,2024-07-26,12,Active
LOAN01756,CUST04482,Personal Loan,3830295.17,9.45,2025-12-28,240,Active
LOAN01757,CUST04566,Personal Loan,2819620.57,13.82,2022-06-14,180,Active
LOAN01758,CUST04278,Home Loan,4640515.87,13.99,2022-03-01,120,Closed
LOAN01759,CUST01040,Personal Loan,1089573.37,13.74,2024-06-22,24,Active
LOAN01760,CUST01726,Car Loan,3349580.7,9.04,2024-04-26,120,Active
LOAN01761,CUST00767,Home Loan,3570156.95,12.87,2025-10-31,120,Active
LOAN01762,CUST01072,Personal Loan,2825118.9,10.48,2019-03-09,60,Active
LOAN01763,CUST04428,Car Loan,2485691.52,12.0,2020-11-02,84,Active
LOAN01764,CUST04809,Car Loan,1829207.71,8.52,2020-10-16,36,Active
LOAN01765,CUST03773,Car Loan,3042335.65,12.69,2022-09-19,60,Closed
LOAN01766,CUST02725,Personal Loan,2061468.13,7.82,2022-09-19,12,Active
LOAN01767,CUST00758,Home Loan,4533902.84,11.03,2024-08-29,84,Active
LOAN01768,CUST03435,Personal Loan,1840073.2,14.17,2023-12-03,24,Active
LOAN01769,CUST00350,Personal Loan,2551589.36,10.59,2025-02-19,120,Active
LOAN01770,CUST02503,Car Loan,4277502.09,11.78,2025-08-11,180,Active
LOAN01771,CUST03020,Car Loan,2288359.3,7.03,2022-01-24,12,Defaulted
LOAN01772,CUST02217,Car Loan,1629134.92,10.44,2020-04-05,12,Active
LOAN01773,CUST01601,Personal Loan,2263646.0,12.0,2020-03-23,84,Defaulted
LOAN01774,CUST00446,Home Loan,3981553.89,11.59,2022-08-04,12,Active
LOAN01775,CUST04827,Education Loan,1811085.42,13.97,2021-08-01,240,Active
LOAN01776,CUST00542,Education Loan,2637738.57,14.11,2020-06-03,36,Active
LOAN01777,CUST04941,Car Loan,2991639.79,7.0,2019-08-25,180,Active
LOAN01778,CUST01300,Personal Loan,644644.33,11.7,2019-11-24,12,Active
LOAN01779,CUST02489,Personal Loan,3466834.89,13.67,2021-01-14,84,Active
LOAN01780,CUST00157,Personal Loan,4005154.66,10.94,2022-04-28,84,Active
LOAN01781,CUST01667,Home Loan,1109227.81,12.72,2022-11-17,120,Active
LOAN01782,CUST01403,Personal Loan,4043908.8,8.52,2022-11-22,60,Active
LOAN01783,CUST01037,Personal Loan,2111776.86,8.83,2019-11-30,24,Active
LOAN01784,CUST03241,Car Loan,3860882.85,11.25,2021-12-07,120,Active
LOAN01785,CUST04373,Home Loan,4072242.02,12.88,2024-03-01,12,Closed
LOAN01786,CUST00493,Car Loan,2671037.34,10.37,2025-05-16,84,Active
LOAN01787,CUST02373,Education Loan,1166349.33,6.65,2025-09-13,24,Active
LOAN01788,CUST00001,Car Loan,1456966.53,8.0,2020-01-20,24,Active
LOAN01789,CUST00528,Home Loan,3173721.66,14.76,2019-04-27,240,Closed
LOAN01790,CUST02128,Home Loan,4597292.76,13.84,2024-11-22,24,Defaulted
LOAN01791,CUST03270,Personal Loan,797242.12,9.88,2024-09-28,240,Active
LOAN01792,CUST04062,Car Loan,3731450.35,12.97,2021-07-12,120,Active
LOAN01793,CUST01899,Personal Loan,4739958.23,12.99,2024-06-08,36,Active
LOAN01794,CUST03668,Personal Loan,2037913.75,9.21,2019-09-03,36,Closed
LOAN01795,CUST00692,Education Loan,3371168.57,13.33,2021-11-12,180,Active
LOAN01796,CUST00338,Personal Loan,1823365.27,14.02,2021-01-21,36,Defaulted
LOAN01797,CUST04400,Education Loan,2132121.67,14.74,2021-10-29,12,Active
LOAN01798,CUST03216,Home Loan,4776704.1,12.6,2022-08-02,12,Closed
LOAN01799,CUST00450,Home Loan,91886.77,11.18,2024-08-09,12,Active
LOAN01800,CUST04187,Car Loan,3882875.24,9.69,2019-09-28,36,Closed
LOAN01801,CUST04106,Car Loan,3473711.06,6.52,2023-01-01,240,Active
LOAN01802,CUST04642,Personal Loan,3146975.27,12.31,2019-10-07,36,Active
LOAN01803,CUST04788,Personal Loan,1481175.03,6.59,2019-04-25,120,Active
LOAN01804,CUST03868,Personal Loan,1510848.78,8.54,2024-11-14,84,Closed
LOAN01805,CUST04900,Education Loan,1582976.62,14.38,2021-02-03,60,Active
LOAN01806,CUST02623,Home Loan,3555319.21,9.44,2025-06-11,36,Closed
LOAN01807,CUST02162,Education Loan,3654424.92,14.79,2019-01-06,240,Active
LOAN01808,CUST04415,Home Loan,561086.47,11.56,2025-01-08,12,Closed
LOAN01809,CUST02020,Personal Loan,4552945.5,14.19,2024-05-12,60,Active
LOAN01810,CUST02912,Personal Loan,2135705.85,9.36,2025-10-28,240,Closed
LOAN01811,CUST01814,Car Loan,708740.76,8.7,2021-01-19,180,Closed
LOAN01812,CUST02202,Home Loan,1349310.68,10.87,2022-04-25,120,Active
LOAN01813,CUST00140,Car Loan,2234279.88,6.75,2025-02-08,24,Active
LOAN01814,CUST04588,Home Loan,1338685.29,10.15,2024-08-28,180,Active
LOAN01815,CUST01992,Car Loan,1064985.36,9.43,2019-12-21,240,Active
LOAN01816,CUST02126,Home Loan,2342473.23,6.81,2025-12-17,180,Active
LOAN01817,CUST02341,Personal Loan,2899825.08,11.6,2020-02-17,12,Active
LOAN01818,CUST01501,Car Loan,1124640.3,14.11,2021-07-23,120,Active
LOAN01819,CUST02451,Car Loan,2888241.48,8.77,2019-07-05,60,Active
LOAN01820,CUST04921,Home Loan,1715733.31,11.92,2024-06-27,60,Active
LOAN01821,CUST01722,Car Loan,1765191.17,9.75,2023-04-21,84,Active
LOAN01822,CUST00027,Home Loan,1738039.03,12.06,2023-11-03,120,Closed
LOAN01823,CUST03853,Home Loan,4496539.92,6.77,2022-04-08,180,Active
LOAN01824,CUST04437,Car Loan,1961996.07,14.23,2019-12-30,180,Active
LOAN01825,CUST00948,Home Loan,355510.86,8.61,2025-09-14,180,Active
LOAN01826,CUST04701,Education Loan,2175689.24,14.32,2020-07-19,180,Active
LOAN01827,CUST03895,Home Loan,225177.52,14.69,2024-04-15,36,Closed
LOAN01828,CUST02636,Education Loan,735586.58,8.26,2021-10-25,84,Active
LOAN01829,CUST02437,Personal Loan,4034971.77,10.98,2019-01-24,240,Active
LOAN01830,CUST00271,Car Loan,387184.97,8.1,2024-01-13,36,Closed
LOAN01831,CUST02749,Personal Loan,533396.58,7.96,2021-04-28,12,Active
LOAN01832,CUST03858,Home Loan,1030264.45,6.53,2019-10-31,36,Active
LOAN01833,CUST01017,Home Loan,4564573.28,12.19,2022-01-21,84,Active
LOAN01834,CUST01476,Home Loan,1942675.37,6.96,2020-04-01,12,Active
LOAN01835,CUST02345,Personal Loan,3207292.61,13.35,2020-10-20,60,Closed
LOAN01836,CUST03456,Home Loan,630773.68,12.57,2024-04-27,36,Active
LOAN01837,CUST00965,Personal Loan,3906957.62,10.44,2022-03-17,120,Defaulted
LOAN01838,CUST00549,Education Loan,3113948.09,8.67,2021-11-27,60,Closed
LOAN01839,CUST01539,Personal Loan,1024591.33,8.28,2025-01-22,240,Closed
LOAN01840,CUST02557,Home Loan,3517185.42,13.63,2022-03-20,180,Active
LOAN01841,CUST03763,Car Loan,78924.05,7.91,2022-01-11,180,Closed
LOAN01842,CUST01754,Personal Loan,4589121.64,13.25,2019-12-14,120,Active
LOAN01843,CUST04036,Home Loan,2549905.15,14.14,2024-06-21,12,Active
LOAN01844,CUST03143,Personal Loan,1924126.79,6.69,2025-02-17,24,Active
LOAN01845,CUST04976,Car Loan,4848225.92,6.71,2021-06-18,240,Active
LOAN01846,CUST04296,Education Loan,3138229.81,14.96,2022-01-08,12,Closed
LOAN01847,CUST02804,Home Loan,3813399.21,13.67,2024-06-12,120,Closed
LOAN01848,CUST04062,Personal Loan,4533792.44,8.13,2019-12-18,36,Closed
LOAN01849,CUST03615,Car Loan,1786732.69,12.75,2023-01-09,36,Active
LOAN01850,CUST03210,Home Loan,3006223.22,7.62,2021-03-26,84,Closed
LOAN01851,CUST01772,Home Loan,411101.44,13.4,2020-04-21,240,Closed
LOAN01852,CUST04326,Home Loan,4848343.42,8.44,2020-10-21,36,Active
LOAN01853,CUST02846,Personal Loan,1769894.76,10.22,2024-04-08,24,Active
LOAN01854,CUST04364,Education Loan,412774.98,14.19,2025-12-01,12,Active
LOAN01855,CUST04098,Personal Loan,3967302.93,9.56,2024-12-04,36,Active
LOAN01856,CUST00960,Home Loan,1330612.51,13.01,2019-10-10,180,Active
LOAN01857,CUST00575,Car Loan,4951105.83,7.29,2025-09-04,120,Closed
LOAN01858,CUST01127,Personal Loan,4330530.77,15.0,2021-09-27,120,Closed
LOAN01859,CUST04193,Car Loan,509086.1,7.51,2019-07-30,36,Closed
LOAN01860,CUST01285,Personal Loan,1524881.79,10.31,2021-07-24,60,Active
LOAN01861,CUST01719,Home Loan,788813.19,7.74,2021-04-15,240,Active
LOAN01862,CUST00792,Personal Loan,1081535.76,10.02,2023-06-13,24,Active
LOAN01863,CUST04175,Car Loan,3033875.89,9.29,2024-05-08,24,Active
LOAN01864,CUST02636,Car Loan,758361.39,7.13,2020-02-18,180,Active
LOAN01865,CUST03417,Personal Loan,1175030.16,11.29,2019-05-24,12,Closed
LOAN01866,CUST03474,Personal Loan,3403375.79,14.42,2023-11-19,12,Active
LOAN01867,CUST00078,Car Loan,824019.71,10.81,2022-09-17,120,Active
LOAN01868,CUST00655,Home Loan,3621309.31,9.59,2024-05-12,12,Active
LOAN01869,CUST00782,Personal Loan,2567496.38,13.6,2025-11-10,180,Active
LOAN01870,CUST03632,Home Loan,4173901.38,8.2,2022-10-29,12,Defaulted
LOAN01871,CUST03248,Home Loan,2499803.85,13.6,2019-11-16,240,Defaulted
LOAN01872,CUST00666,Home Loan,4429101.42,10.64,2019-11-20,120,Closed
LOAN01873,CUST02275,Car Loan,841765.52,10.97,2022-06-22,120,Active
LOAN01874,CUST02392,Car Loan,1988583.21,12.16,2019-11-28,24,Active
LOAN01875,CUST02803,Education Loan,2076102.57,13.95,2021-08-15,12,Closed
LOAN01876,CUST04569,Personal Loan,1495560.38,12.22,2023-04-09,60,Closed
LOAN01877,CUST01313,Home Loan,4706141.45,10.59,2024-03-08,84,Active
LOAN01878,CUST00265,Education Loan,2877937.04,10.63,2022-05-15,12,Active
LOAN01879,CUST00237,Home Loan,2807795.29,7.8,2019-03-29,240,Closed
LOAN01880,CUST04980,Personal Loan,2937343.36,11.54,2021-10-08,84,Active
LOAN01881,CUST03491,Car Loan,2094232.84,13.86,2019-01-05,12,Active
LOAN01882,CUST04680,Car Loan,1703572.9,7.36,2021-08-19,12,Closed
LOAN01883,CUST00644,Car Loan,442124.46,6.76,2019-12-30,36,Closed
LOAN01884,CUST02574,Education Loan,4875139.82,7.99,2019-09-25,36,Active
LOAN01885,CUST04326,Car Loan,464236.92,13.53,2025-02-24,120,Closed
LOAN01886,CUST04400,Personal Loan,518189.51,13.62,2023-11-16,24,Closed
LOAN01887,CUST00779,Home Loan,727680.2,7.15,2021-12-17,24,Active
LOAN01888,CUST00701,Car Loan,68302.88,14.75,2023-10-23,84,Active
LOAN01889,CUST03391,Education Loan,1163573.5,13.15,2023-02-22,36,Active
LOAN01890,CUST02174,Personal Loan,2757054.91,13.61,2025-06-27,120,Closed
LOAN01891,CUST03163,Personal Loan,341544.05,9.7,2024-01-27,36,Active
LOAN01892,CUST03108,Personal Loan,1924219.21,10.93,2022-05-10,24,Closed
LOAN01893,CUST00112,Personal Loan,4933499.58,12.95,2025-10-13,84,Defaulted
LOAN01894,CUST02822,Personal Loan,4414396.71,9.02,2024-03-14,24,Closed
LOAN01895,CUST01915,Home Loan,3097115.3,12.92,2022-04-09,12,Active
LOAN01896,CUST00604,Personal Loan,148214.62,11.06,2023-11-17,180,Closed
LOAN01897,CUST03866,Education Loan,970326.03,13.39,2021-12-12,240,Active
LOAN01898,CUST01655,Car Loan,3277415.37,12.4,2022-01-29,60,Active
LOAN01899,CUST04188,Car Loan,2252474.43,12.16,2024-06-17,180,Defaulted
LOAN01900,CUST03132,Home Loan,880576.53,7.39,2021-05-23,24,Closed
LOAN01901,CUST01887,Personal Loan,1605335.02,12.9,2020-08-31,240,Closed
LOAN01902,CUST02511,Home Loan,1189755.83,8.91,2025-12-12,180,Active
LOAN01903,CUST02446,Home Loan,2509202.08,11.2,2020-03-05,60,Active
LOAN01904,CUST01377,Car Loan,1367063.99,11.27,2024-05-12,84,Closed
LOAN01905,CUST01467,Education Loan,911262.32,7.38,2022-07-19,120,Active
LOAN01906,CUST02860,Personal Loan,4849635.31,9.88,2020-10-16,240,Active
LOAN01907,CUST01198,Car Loan,2518521.07,13.64,2020-01-17,12,Active
LOAN01908,CUST00565,Home Loan,2403757.5,8.19,2019-02-20,120,Active
LOAN01909,CUST01396,Personal Loan,3781586.07,8.35,2024-06-09,24,Active
LOAN01910,CUST04769,Personal Loan,227298.58,10.72,2020-08-28,36,Closed
LOAN01911,CUST00237,Home Loan,764120.85,9.05,2021-08-24,240,Active
LOAN01912,CUST03215,Personal Loan,1550557.61,10.85,2021-09-17,12,Active
LOAN01913,CUST03697,Car Loan,932594.98,13.38,2020-07-17,24,Closed
LOAN01914,CUST01563,Education Loan,760928.78,12.54,2022-03-31,84,Closed
LOAN01915,CUST03180,Personal Loan,1516270.04,9.94,2021-01-11,36,Active
LOAN01916,CUST01235,Personal Loan,4005261.97,8.83,2019-07-16,36,Closed
LOAN01917,CUST01900,Home Loan,3161485.1,7.45,2022-06-30,120,Active
LOAN01918,CUST01923,Personal Loan,4472822.95,7.78,2025-10-29,60,Closed
LOAN01919,CUST04751,Personal Loan,628736.84,11.22,2020-01-15,180,Active
LOAN01920,CUST04476,Personal Loan,3392148.5,6.63,2023-03-20,36,Closed
LOAN01921,CUST03056,Car Loan,2589553.91,14.87,2021-02-25,36,Active
LOAN01922,CUST01629,Home Loan,2480971.06,14.58,2024-01-03,240,Active
LOAN01923,CUST03350,Car Loan,1324407.56,11.22,2020-07-31,240,Closed
LOAN01924,CUST01308,Education Loan,4946840.7,12.07,2022-04-07,24,Defaulted
LOAN01925,CUST04393,Car Loan,1749585.49,13.94,2023-05-16,120,Active
LOAN01926,CUST03580,Home Loan,3003471.13,9.35,2024-01-08,240,Active
LOAN01927,CUST02536,Education Loan,2587881.86,12.75,2020-08-23,36,Closed
LOAN01928,CUST01658,Education Loan,500231.64,14.38,2023-03-14,84,Closed
LOAN01929,CUST03761,Home Loan,3549853.27,10.58,2023-10-22,240,Active
LOAN01930,CUST02958,Education Loan,3416241.48,9.91,2025-01-20,120,Closed
LOAN01931,CUST00858,Home Loan,4224167.83,14.68,2024-07-22,12,Active
LOAN01932,CUST02564,Home Loan,1870701.26,7.08,2019-01-15,84,Active
LOAN01933,CUST00272,Car Loan,4315550.44,14.47,2022-09-01,180,Active
LOAN01934,CUST03676,Home Loan,1715861.62,12.04,2022-05-10,120,Closed
LOAN01935,CUST02904,Car Loan,3882971.33,7.11,2025-11-19,84,Active
LOAN01936,CUST00454,Personal Loan,3634217.86,13.01,2025-06-09,120,Active
LOAN01937,CUST00769,Personal Loan,2534737.8,14.98,2022-05-12,36,Closed
LOAN01938,CUST01812,Personal Loan,1690468.01,11.21,2023-07-02,120,Closed
LOAN01939,CUST03815,Home Loan,4374301.09,7.85,2025-01-13,84,Active
LOAN01940,CUST00409,Personal Loan,3225745.44,13.6,2023-09-26,60,Defaulted
LOAN01941,CUST01023,Personal Loan,2195316.27,12.65,2021-02-04,84,Active
LOAN01942,CUST04861,Personal Loan,506596.6,8.99,2021-11-22,24,Active
LOAN01943,CUST03785,Personal Loan,2840044.84,11.52,2020-05-22,24,Defaulted
LOAN01944,CUST00501,Personal Loan,4816324.85,7.99,2024-12-14,60,Closed
LOAN01945,CUST03730,Personal Loan,2397006.31,8.85,2023-03-04,240,Closed
LOAN01946,CUST04041,Home Loan,3403150.57,8.16,2024-12-14,36,Active
LOAN01947,CUST02461,Personal Loan,2885065.58,14.93,2025-11-26,180,Active
LOAN01948,CUST01939,Personal Loan,1849776.76,10.31,2023-09-29,36,Active
LOAN01949,CUST04836,Home Loan,3487452.71,12.23,2024-06-24,84,Closed
LOAN01950,CUST00970,Home Loan,2323701.2,14.4,2020-01-30,12,Active
LOAN01951,CUST03334,Personal Loan,1707277.09,7.32,2023-09-04,24,Active
LOAN01952,CUST01504,Education Loan,1637050.96,7.29,2020-01-06,24,Closed
LOAN01953,CUST01614,Education Loan,2118150.58,6.87,2021-10-06,12,Active
LOAN01954,CUST01396,Personal Loan,1613318.74,11.94,2025-08-31,84,Closed
LOAN01955,CUST01979,Car Loan,3823408.05,7.66,2023-10-05,60,Closed
LOAN01956,CUST04879,Car Loan,4327478.32,10.0,2024-07-08,120,Active
LOAN01957,CUST04708,Personal Loan,1445725.99,8.47,2024-06-17,84,Active
LOAN01958,CUST02161,Personal Loan,2486242.16,8.08,2019-10-06,24,Closed
LOAN01959,CUST04627,Car Loan,2998585.24,9.12,2023-06-20,180,Active
LOAN01960,CUST01254,Car Loan,1949436.76,13.23,2023-09-16,12,Active
LOAN01961,CUST01155,Personal Loan,3571995.43,11.81,2022-01-30,84,Active
LOAN01962,CUST03506,Personal Loan,2769554.67,9.19,2024-11-20,24,Active
LOAN01963,CUST00873,Personal Loan,4610077.13,13.37,2023-01-04,60,Active
LOAN01964,CUST04357,Car Loan,1874970.06,11.91,2024-01-20,12,Closed
LOAN01965,CUST00554,Car Loan,2261351.43,6.88,2024-11-30,60,Active
LOAN01966,CUST02241,Home Loan,2056938.81,9.09,2021-10-26,180,Closed
LOAN01967,CUST02324,Personal Loan,585355.48,8.68,2025-01-06,84,Active
LOAN01968,CUST03099,Personal Loan,4451086.25,14.17,2019-11-11,24,Active
LOAN01969,CUST03631,Car Loan,1833440.73,14.45,2024-04-21,180,Closed
LOAN01970,CUST01682,Personal Loan,2723376.31,14.24,2021-02-13,24,Defaulted
LOAN01971,CUST03338,Home Loan,960222.43,9.53,2025-02-02,24,Active
LOAN01972,CUST04368,Car Loan,4007261.77,11.71,2021-06-08,60,Closed
LOAN01973,CUST04113,Education Loan,3845110.11,7.56,2024-04-24,24,Active
LOAN01974,CUST03817,Education Loan,2410084.62,7.09,2020-10-22,36,Active
LOAN01975,CUST02588,Car Loan,3542475.75,7.96,2019-06-23,180,Defaulted
LOAN01976,CUST02572,Education Loan,2162654.3,13.56,2021-07-11,24,Defaulted
LOAN01977,CUST01805,Car Loan,382985.48,12.77,2020-10-10,36,Active
LOAN01978,CUST00657,Personal Loan,1974071.09,14.21,2021-10-02,180,Active
LOAN01979,CUST01268,Car Loan,569126.98,12.5,2023-10-12,84,Closed
LOAN01980,CUST02447,Education Loan,2227307.66,11.87,2024-12-27,60,Active
LOAN01981,CUST03112,Home Loan,4645584.36,12.19,2024-11-13,12,Closed
LOAN01982,CUST00590,Home Loan,324392.15,12.41,2021-07-13,36,Active
LOAN01983,CUST04535,Home Loan,4928347.47,11.29,2023-08-09,84,Active
LOAN01984,CUST04492,Home Loan,559620.54,6.91,2019-03-23,120,Closed
LOAN01985,CUST02570,Education Loan,1842211.59,11.2,2021-03-05,120,Closed
LOAN01986,CUST00661,Car Loan,3139235.14,14.01,2022-08-16,60,Active
LOAN01987,CUST01780,Home Loan,2253140.16,10.03,2020-09-21,60,Active
LOAN01988,CUST02341,Personal Loan,3653777.52,9.57,2024-06-17,60,Closed
LOAN01989,CUST02229,Personal Loan,4120661.48,13.12,2022-03-19,24,Active
LOAN01990,CUST02040,Home Loan,3176157.52,10.36,2019-07-26,180,Closed
LOAN01991,CUST00723,Personal Loan,1175219.73,12.43,2023-05-02,24,Closed
LOAN01992,CUST04794,Home Loan,4643475.27,7.11,2020-09-12,180,Closed
LOAN01993,CUST03678,Home Loan,2329237.11,7.8,2023-07-28,180,Active
LOAN01994,CUST01069,Personal Loan,213637.03,8.13,2021-03-23,12,Closed
LOAN01995,CUST02137,Car Loan,3805041.77,8.62,2024-07-25,24,Active
LOAN01996,CUST00616,Home Loan,3018644.96,6.58,2024-09-26,24,Closed
LOAN01997,CUST03304,Personal Loan,2108126.07,14.17,2022-03-23,180,Active
LOAN01998,CUST00479,Personal Loan,3499649.44,14.49,2019-03-31,60,Closed
LOAN01999,CUST04399,Personal Loan,63955.59,9.35,2024-10-25,84,Closed
LOAN02000,CUST02249,Personal Loan,2588211.33,6.63,2023-05-12,180,Active
LOAN02001,CUST00841,Car Loan,2402097.94,6.85,2019-11-09,24,Active
LOAN02002,CUST04661,Education Loan,291405.59,8.19,2023-08-22,120,Closed
LOAN02003,CUST03956,Personal Loan,3455817.14,9.69,2024-11-22,24,Closed
LOAN02004,CUST04845,Home Loan,3567056.84,7.62,2025-09-12,60,Active
LOAN02005,CUST04614,Car Loan,3031620.99,8.05,2024-08-27,120,Active
LOAN02006,CUST02355,Home Loan,1159311.24,10.47,2024-09-06,24,Closed
LOAN02007,CUST00901,Personal Loan,2266332.02,13.58,2022-06-15,180,Defaulted
LOAN02008,CUST01607,Car Loan,1124467.95,6.7,2023-12-23,240,Active
LOAN02009,CUST04823,Car Loan,3459060.14,14.48,2021-02-11,120,Active
LOAN02010,CUST01358,Car Loan,234532.79,9.54,2023-12-17,84,Active
LOAN02011,CUST01083,Home Loan,4455271.91,7.48,2024-03-17,12,Active
LOAN02012,CUST03879,Home Loan,3144222.26,9.46,2025-12-20,12,Active
LOAN02013,CUST02993,Car Loan,1742023.41,13.71,2023-06-14,24,Closed
LOAN02014,CUST03039,Education Loan,2094316.45,8.63,2020-04-23,12,Active
LOAN02015,CUST00597,Home Loan,311800.06,8.15,2025-02-05,36,Closed
LOAN02016,CUST00602,Personal Loan,733481.22,10.07,2022-12-20,12,Active
LOAN02017,CUST00319,Home Loan,2796268.52,11.13,2021-06-06,240,Closed
LOAN02018,CUST04478,Education Loan,2448427.75,11.04,2020-09-10,60,Active
LOAN02019,CUST01604,Car Loan,379032.37,6.57,2025-12-31,60,Active
LOAN02020,CUST03358,Personal Loan,242821.55,10.45,2025-06-18,120,Closed
LOAN02021,CUST00825,Home Loan,2636982.61,8.22,2020-11-08,36,Closed
LOAN02022,CUST01949,Home Loan,1335437.78,8.94,2020-04-22,12,Active
LOAN02023,CUST02282,Home Loan,3316748.42,7.0,2021-01-26,12,Closed
LOAN02024,CUST01686,Car Loan,4210364.14,12.46,2025-02-17,84,Active
LOAN02025,CUST03712,Personal Loan,843830.45,14.8,2019-10-08,84,Active
LOAN02026,CUST02532,Home Loan,4475720.52,10.43,2023-08-01,240,Active
LOAN02027,CUST03073,Home Loan,3803702.11,7.34,2023-04-04,84,Closed
LOAN02028,CUST02856,Personal Loan,4978162.99,10.48,2019-05-05,84,Closed
LOAN02029,CUST03440,Home Loan,471519.04,9.38,2019-11-07,60,Active
LOAN02030,CUST01982,Personal Loan,4101352.96,14.93,2024-11-09,12,Closed
LOAN02031,CUST02376,Personal Loan,3329833.14,9.43,2022-04-01,84,Active
LOAN02032,CUST00942,Education Loan,2208241.82,11.67,2019-02-24,60,Closed
LOAN02033,CUST04462,Personal Loan,639653.93,10.54,2022-01-04,240,Active
LOAN02034,CUST03502,Home Loan,4936695.23,12.67,2020-05-28,84,Closed
LOAN02035,CUST00512,Home Loan,3345223.9,6.95,2021-03-09,84,Active
LOAN02036,CUST00669,Car Loan,3556760.96,7.6,2025-07-02,36,Active
LOAN02037,CUST03612,Personal Loan,434035.24,11.39,2019-02-02,180,Closed
LOAN02038,CUST03498,Car Loan,270198.35,9.55,2019-07-27,12,Closed
LOAN02039,CUST02039,Car Loan,4621785.75,14.76,2023-01-03,84,Active
LOAN02040,CUST01092,Education Loan,4575834.05,12.63,2022-07-28,84,Defaulted
LOAN02041,CUST02348,Home Loan,4089366.43,11.03,2022-02-15,120,Active
LOAN02042,CUST04784,Personal Loan,3545773.09,13.17,2022-02-05,36,Active
LOAN02043,CUST04024,Personal Loan,1985216.43,8.82,2025-10-05,240,Closed
LOAN02044,CUST03798,Home Loan,2877192.18,8.39,2022-01-17,12,Defaulted
LOAN02045,CUST03296,Home Loan,2637620.5,12.43,2021-09-21,120,Active
LOAN02046,CUST01708,Car Loan,1832197.93,10.13,2025-10-13,84,Active
LOAN02047,CUST02614,Personal Loan,1962186.16,10.26,2020-11-27,12,Active
LOAN02048,CUST02871,Home Loan,2838490.04,7.33,2024-07-01,240,Active
LOAN02049,CUST04327,Personal Loan,300432.4,12.74,2024-11-12,12,Active
LOAN02050,CUST04017,Home Loan,2134072.24,14.66,2020-11-27,84,Active
LOAN02051,CUST02265,Personal Loan,1856464.9,11.44,2019-08-11,60,Active
LOAN02052,CUST03212,Car Loan,2666493.55,12.95,2024-08-23,120,Closed
LOAN02053,CUST00776,Home Loan,4330939.31,14.33,2020-11-21,36,Active
LOAN02054,CUST01489,Personal Loan,3045823.49,8.86,2020-01-01,12,Active
LOAN02055,CUST02902,Personal Loan,1146683.06,13.28,2024-10-23,24,Active
LOAN02056,CUST01362,Personal Loan,3183940.71,8.56,2020-10-19,240,Active
LOAN02057,CUST02115,Home Loan,761226.31,9.72,2022-02-01,84,Active
LOAN02058,CUST02849,Education Loan,2479111.34,10.57,2025-07-19,36,Active
LOAN02059,CUST00889,Home Loan,2724717.87,8.36,2021-08-21,24,Active
LOAN02060,CUST04994,Personal Loan,2094878.76,10.96,2022-04-26,12,Closed
LOAN02061,CUST02237,Car Loan,2654062.19,14.37,2024-01-05,24,Active
LOAN02062,CUST03683,Education Loan,3103999.75,13.37,2023-12-02,24,Closed
LOAN02063,CUST03523,Personal Loan,3395273.25,11.24,2020-07-01,24,Active
LOAN02064,CUST04432,Personal Loan,222561.98,9.22,2024-07-07,36,Active
LOAN02065,CUST04534,Education Loan,1516877.31,8.7,2025-06-17,120,Closed
LOAN02066,CUST03575,Car Loan,4825857.32,7.46,2021-08-19,36,Closed
LOAN02067,CUST02820,Car Loan,236797.57,10.1,2021-05-06,12,Closed
LOAN02068,CUST02430,Personal Loan,3641253.92,9.45,2024-12-09,120,Active
LOAN02069,CUST02689,Home Loan,4988895.77,10.62,2021-03-13,84,Active
LOAN02070,CUST03618,Car Loan,735294.02,9.85,2025-07-22,60,Closed
LOAN02071,CUST00847,Personal Loan,4865426.16,7.72,2021-04-12,240,Active
LOAN02072,CUST00416,Car Loan,3646904.33,10.16,2025-09-14,240,Active
LOAN02073,CUST04694,Personal Loan,2064192.85,9.91,2025-08-26,180,Closed
LOAN02074,CUST01417,Home Loan,972130.25,12.39,2023-10-13,24,Closed
LOAN02075,CUST04819,Car Loan,3360263.21,11.45,2022-05-16,120,Closed
LOAN02076,CUST00094,Home Loan,2090877.7,8.13,2024-04-29,12,Closed
LOAN02077,CUST01954,Personal Loan,4230099.56,12.02,2023-10-01,12,Defaulted
LOAN02078,CUST04858,Car Loan,1216569.63,10.02,2023-08-08,60,Closed
LOAN02079,CUST00247,Home Loan,4296857.1,9.38,2022-10-10,240,Active
LOAN02080,CUST04150,Car Loan,1892119.56,7.47,2019-07-29,12,Active
LOAN02081,CUST02906,Personal Loan,3136121.6,8.88,2021-09-15,180,Defaulted
LOAN02082,CUST01483,Home Loan,3404788.56,13.93,2021-06-22,120,Closed
LOAN02083,CUST02930,Education Loan,1247835.83,11.03,2020-05-08,120,Closed
LOAN02084,CUST01961,Home Loan,1592160.71,7.08,2023-12-22,84,Active
LOAN02085,CUST02444,Personal Loan,962709.81,9.48,2024-04-26,12,Closed
LOAN02086,CUST00183,Personal Loan,1893546.48,10.99,2023-12-09,36,Closed
LOAN02087,CUST01599,Education Loan,3582221.28,7.67,2019-07-06,240,Active
LOAN02088,CUST04522,Personal Loan,3051359.71,7.9,2022-01-08,24,Closed
LOAN02089,CUST00333,Personal Loan,3866884.31,7.68,2024-11-10,12,Closed
LOAN02090,CUST01272,Car Loan,3190261.23,14.67,2022-04-24,24,Active
LOAN02091,CUST01516,Car Loan,623311.86,9.91,2020-03-14,12,Active
LOAN02092,CUST03701,Personal Loan,1891105.19,10.33,2019-10-22,60,Active
LOAN02093,CUST01771,Home Loan,461993.07,10.65,2019-05-15,60,Active
LOAN02094,CUST00566,Personal Loan,4795717.35,8.57,2022-11-07,12,Active
LOAN02095,CUST00272,Car Loan,947527.06,13.36,2025-09-14,60,Closed
LOAN02096,CUST00435,Education Loan,122636.58,10.46,2019-10-25,240,Active
LOAN02097,CUST03033,Personal Loan,4163299.4,14.16,2025-03-10,36,Closed
LOAN02098,CUST00878,Personal Loan,4825354.93,9.48,2020-10-29,36,Closed
LOAN02099,CUST00164,Personal Loan,415970.6,8.8,2024-07-01,120,Active
LOAN02100,CUST04321,Education Loan,4361078.63,8.28,2022-11-01,240,Active
LOAN02101,CUST00122,Car Loan,1659272.09,7.54,2022-07-02,12,Closed
LOAN02102,CUST02839,Education Loan,1077164.25,11.66,2023-03-01,240,Active
LOAN02103,CUST01502,Education Loan,241230.85,14.22,2019-12-18,60,Active
LOAN02104,CUST02645,Personal Loan,4062637.81,9.05,2020-01-12,84,Closed
LOAN02105,CUST01740,Personal Loan,2235247.74,9.65,2024-01-08,24,Closed
LOAN02106,CUST01670,Personal Loan,1151938.4,8.8,2022-06-16,180,Closed
LOAN02107,CUST01810,Personal Loan,4786827.03,7.09,2022-11-02,36,Active
LOAN02108,CUST02806,Personal Loan,3066707.93,6.56,2023-11-14,12,Active
LOAN02109,CUST00600,Home Loan,1831157.89,13.4,2019-07-19,24,Defaulted
LOAN02110,CUST00819,Car Loan,3809483.94,7.06,2019-02-14,84,Closed
LOAN02111,CUST04814,Education Loan,2920442.41,12.04,2019-10-21,36,Active
LOAN02112,CUST02533,Home Loan,3621662.43,12.48,2025-12-12,84,Defaulted
LOAN02113,CUST03385,Car Loan,3883185.98,12.43,2019-01-11,240,Closed
LOAN02114,CUST02370,Personal Loan,3057468.48,13.09,2024-02-26,84,Active
LOAN02115,CUST01129,Personal Loan,4263959.24,9.52,2021-10-05,60,Closed
LOAN02116,CUST02321,Car Loan,1848987.74,9.73,2022-02-04,240,Active
LOAN02117,CUST00515,Personal Loan,597624.16,11.92,2021-09-15,60,Active
LOAN02118,CUST03484,Home Loan,2352466.53,9.7,2022-04-02,24,Closed
LOAN02119,CUST04991,Home Loan,1799658.54,12.68,2022-03-08,120,Active
LOAN02120,CUST04130,Car Loan,2720807.19,14.7,2019-08-16,60,Active
LOAN02121,CUST03760,Home Loan,3601729.08,10.11,2019-06-19,120,Active
LOAN02122,CUST01469,Education Loan,2375469.17,14.25,2019-09-27,60,Active
LOAN02123,CUST02718,Personal Loan,147345.76,9.66,2024-05-19,60,Closed
LOAN02124,CUST03245,Home Loan,4302915.45,10.74,2019-04-23,240,Active
LOAN02125,CUST01580,Personal Loan,1577094.39,7.06,2022-02-19,12,Active
LOAN02126,CUST03955,Home Loan,1540774.18,14.94,2021-05-13,24,Active
LOAN02127,CUST02744,Personal Loan,155718.28,10.32,2024-01-23,12,Active
LOAN02128,CUST04992,Personal Loan,293548.24,14.23,2021-03-20,84,Active
LOAN02129,CUST04998,Personal Loan,1352119.72,10.97,2023-10-04,36,Active
LOAN02130,CUST03779,Car Loan,3244916.25,9.02,2025-12-31,36,Active
LOAN02131,CUST03046,Personal Loan,4087265.28,11.75,2020-08-13,24,Active
LOAN02132,CUST00790,Home Loan,326616.06,14.35,2024-05-13,36,Closed
LOAN02133,CUST01519,Personal Loan,1870623.32,11.75,2022-11-01,12,Active
LOAN02134,CUST02756,Education Loan,3570960.04,12.92,2024-05-04,36,Active
LOAN02135,CUST01429,Personal Loan,2104613.0,8.41,2025-06-30,120,Active
LOAN02136,CUST00811,Personal Loan,2366333.24,14.28,2019-05-22,12,Active
LOAN02137,CUST00029,Education Loan,1702732.29,10.49,2020-08-26,12,Active
LOAN02138,CUST00201,Education Loan,3510154.77,11.95,2022-01-28,120,Active
LOAN02139,CUST00745,Education Loan,4677747.76,14.69,2025-09-17,12,Active
LOAN02140,CUST02593,Car Loan,304509.92,7.49,2021-12-06,36,Closed
LOAN02141,CUST00078,Personal Loan,2218214.71,7.22,2024-12-29,12,Active
LOAN02142,CUST03639,Home Loan,3928711.51,7.44,2022-11-04,180,Closed
LOAN02143,CUST00600,Home Loan,590067.6,11.78,2023-10-20,60,Active
LOAN02144,CUST00710,Car Loan,4598736.4,7.72,2021-01-17,24,Closed
LOAN02145,CUST04091,Education Loan,1416855.27,14.02,2021-05-16,60,Defaulted
LOAN02146,CUST01087,Home Loan,1578771.19,12.87,2020-10-12,180,Active
LOAN02147,CUST04200,Personal Loan,2859201.68,9.4,2022-12-26,84,Active
LOAN02148,CUST01254,Personal Loan,2445909.04,9.81,2019-08-24,240,Active
LOAN02149,CUST00964,Personal Loan,3398397.78,11.66,2025-01-29,240,Closed
LOAN02150,CUST02823,Car Loan,2139937.27,11.85,2025-12-27,36,Active
LOAN02151,CUST04905,Car Loan,89745.65,14.75,2025-07-29,120,Active
LOAN02152,CUST04160,Personal Loan,189945.26,10.44,2023-05-01,120,Active
LOAN02153,CUST03201,Car Loan,3102699.09,10.54,2022-09-12,12,Active
LOAN02154,CUST02104,Home Loan,4063506.41,6.96,2024-02-03,120,Active
LOAN02155,CUST03346,Education Loan,3870122.33,11.88,2024-09-23,60,Closed
LOAN02156,CUST01882,Car Loan,3233449.48,14.58,2019-10-15,84,Active
LOAN02157,CUST02781,Car Loan,2307590.78,13.22,2021-02-25,36,Active
LOAN02158,CUST04132,Personal Loan,1471102.95,14.93,2019-02-25,240,Active
LOAN02159,CUST02928,Education Loan,4647051.32,14.98,2023-12-14,180,Active
LOAN02160,CUST04918,Personal Loan,3048206.43,14.79,2023-02-08,120,Active
LOAN02161,CUST01258,Personal Loan,2715770.86,10.34,2020-06-03,12,Closed
LOAN02162,CUST00419,Personal Loan,2633694.89,14.37,2022-01-26,60,Active
LOAN02163,CUST03267,Car Loan,4520995.81,14.99,2023-12-05,60,Closed
LOAN02164,CUST01120,Education Loan,933749.84,9.85,2020-06-03,180,Closed
LOAN02165,CUST02104,Home Loan,2124357.18,9.72,2021-04-07,24,Closed
LOAN02166,CUST01548,Home Loan,2034946.13,11.87,2021-08-10,120,Active
LOAN02167,CUST00184,Education Loan,1088593.84,8.05,2024-12-19,24,Closed
LOAN02168,CUST00392,Personal Loan,1096594.59,8.54,2025-02-09,120,Closed
LOAN02169,CUST04119,Personal Loan,3953923.9,8.24,2022-04-26,240,Active
LOAN02170,CUST02325,Personal Loan,2259299.62,11.96,2023-03-19,240,Active
LOAN02171,CUST00526,Car Loan,163338.23,6.83,2025-08-08,120,Closed
LOAN02172,CUST03002,Home Loan,4431732.37,6.92,2024-08-06,36,Closed
LOAN02173,CUST03769,Personal Loan,2703714.36,12.75,2021-05-30,12,Closed
LOAN02174,CUST00554,Car Loan,3812665.68,8.61,2020-07-21,240,Active
LOAN02175,CUST02068,Education Loan,3844712.56,8.93,2020-08-20,36,Closed
LOAN02176,CUST02022,Home Loan,162180.18,9.73,2020-02-19,36,Active
LOAN02177,CUST02271,Personal Loan,3714288.2,8.5,2023-09-13,36,Closed
LOAN02178,CUST03620,Personal Loan,721063.57,13.01,2020-12-12,120,Active
LOAN02179,CUST01874,Car Loan,628477.94,11.23,2021-09-16,60,Active
LOAN02180,CUST02021,Education Loan,3119035.81,13.42,2021-01-29,84,Active
LOAN02181,CUST01806,Personal Loan,4746869.06,9.63,2022-04-30,120,Closed
LOAN02182,CUST00808,Personal Loan,4998286.18,7.1,2023-05-21,180,Active
LOAN02183,CUST00274,Car Loan,4954435.48,14.58,2023-01-01,240,Active
LOAN02184,CUST03178,Personal Loan,995898.31,10.36,2025-07-08,84,Active
LOAN02185,CUST04384,Home Loan,3555858.97,10.55,2020-06-23,84,Active
LOAN02186,CUST04012,Personal Loan,1178571.56,9.77,2020-11-18,24,Active
LOAN02187,CUST01987,Car Loan,3040031.75,11.21,2023-11-13,84,Active
LOAN02188,CUST02263,Education Loan,2943453.79,13.57,2021-04-21,24,Active
LOAN02189,CUST02809,Home Loan,1700406.39,11.84,2020-05-19,84,Active
LOAN02190,CUST03673,Home Loan,4589054.75,11.16,2023-08-05,60,Closed
LOAN02191,CUST03815,Car Loan,2102558.47,12.46,2023-05-22,240,Closed
LOAN02192,CUST01961,Personal Loan,1154598.59,9.39,2022-08-30,84,Closed
LOAN02193,CUST02062,Home Loan,4651177.96,13.57,2019-12-24,120,Closed
LOAN02194,CUST04797,Home Loan,1081720.95,7.63,2020-09-24,36,Active
LOAN02195,CUST00841,Car Loan,4991811.22,13.48,2019-05-19,60,Active
LOAN02196,CUST03399,Personal Loan,3960040.57,10.66,2019-12-12,36,Active
LOAN02197,CUST02240,Personal Loan,1041405.51,9.98,2023-12-19,60,Active
LOAN02198,CUST03518,Home Loan,1645347.12,10.95,2020-05-23,60,Active
LOAN02199,CUST00856,Car Loan,2202968.07,7.93,2020-07-20,36,Active
LOAN02200,CUST00827,Education Loan,2743888.55,13.99,2022-01-15,120,Active
LOAN02201,CUST02022,Home Loan,342480.81,12.91,2020-11-28,240,Closed
LOAN02202,CUST02764,Personal Loan,3248669.81,7.01,2023-08-01,120,Active
LOAN02203,CUST00665,Personal Loan,1737889.77,11.09,2022-05-27,120,Active
LOAN02204,CUST03070,Education Loan,583660.28,9.35,2020-03-12,12,Active
LOAN02205,CUST01275,Car Loan,301141.1,12.16,2021-12-06,24,Closed
LOAN02206,CUST00095,Car Loan,3245758.23,8.65,2020-08-25,12,Active
LOAN02207,CUST03355,Personal Loan,2130455.82,9.64,2023-05-07,120,Active
LOAN02208,CUST02935,Car Loan,1056872.12,14.13,2020-05-07,12,Active
LOAN02209,CUST01916,Personal Loan,2600413.3,10.04,2023-10-26,12,Defaulted
LOAN02210,CUST04652,Personal Loan,1379103.92,11.49,2019-04-10,36,Closed
LOAN02211,CUST00813,Car Loan,4000956.79,9.31,2020-04-18,24,Active
LOAN02212,CUST02845,Car Loan,799792.46,10.1,2025-10-11,180,Closed
LOAN02213,CUST00234,Personal Loan,67943.28,10.3,2021-01-03,36,Active
LOAN02214,CUST02325,Personal Loan,171450.34,6.92,2023-06-28,24,Active
LOAN02215,CUST00695,Education Loan,812568.35,14.44,2021-09-15,84,Closed
LOAN02216,CUST00627,Home Loan,1089715.14,14.81,2022-08-26,84,Active
LOAN02217,CUST04790,Education Loan,1519113.96,8.15,2023-02-05,12,Closed
LOAN02218,CUST00274,Car Loan,1630450.24,12.11,2022-11-16,120,Closed
LOAN02219,CUST03468,Home Loan,398316.9,11.15,2020-08-30,60,Closed
LOAN02220,CUST04678,Home Loan,4997522.23,9.64,2025-04-07,180,Closed
LOAN02221,CUST04274,Car Loan,151828.42,13.72,2019-09-20,36,Active
LOAN02222,CUST03097,Car Loan,2899367.33,12.31,2024-04-16,12,Active
LOAN02223,CUST03428,Home Loan,4736014.85,7.64,2021-03-26,36,Active
LOAN02224,CUST02863,Car Loan,1358423.59,11.36,2023-08-18,24,Closed
LOAN02225,CUST00487,Education Loan,4168690.26,10.8,2021-06-16,60,Closed
LOAN02226,CUST01458,Home Loan,2670105.81,14.93,2025-04-03,36,Active
LOAN02227,CUST01806,Personal Loan,940034.82,7.82,2020-01-07,36,Active
LOAN02228,CUST00313,Education Loan,1324664.02,8.0,2022-05-30,84,Active
LOAN02229,CUST03373,Personal Loan,2565607.86,10.81,2023-01-15,180,Closed
LOAN02230,CUST01213,Education Loan,4997394.03,12.36,2019-10-20,84,Active
LOAN02231,CUST03927,Home Loan,4000679.31,6.72,2024-07-20,84,Active
LOAN02232,CUST00352,Home Loan,514946.95,11.14,2025-08-25,24,Active
LOAN02233,CUST00668,Personal Loan,1191551.35,6.61,2022-06-17,180,Active
LOAN02234,CUST02630,Personal Loan,1643042.16,8.9,2019-10-23,12,Closed
LOAN02235,CUST02546,Personal Loan,725016.66,12.64,2021-12-08,120,Closed
LOAN02236,CUST00411,Personal Loan,1475428.81,8.26,2025-03-15,24,Active
LOAN02237,CUST02886,Car Loan,1633460.02,14.66,2021-02-18,120,Active
LOAN02238,CUST00797,Home Loan,3360407.06,9.65,2019-04-25,120,Closed
LOAN02239,CUST00732,Car Loan,1788699.52,11.02,2025-02-07,240,Active
LOAN02240,CUST02762,Education Loan,595864.43,8.74,2023-12-19,36,Active
LOAN02241,CUST04149,Home Loan,4083584.2,10.14,2023-06-14,24,Closed
LOAN02242,CUST01970,Personal Loan,4972063.23,13.76,2022-10-09,60,Active
LOAN02243,CUST03408,Home Loan,3505219.91,14.79,2024-08-13,84,Closed
LOAN02244,CUST04298,Personal Loan,120315.91,9.29,2022-05-16,60,Closed
LOAN02245,CUST00797,Car Loan,3722457.48,10.89,2019-04-02,120,Active
LOAN02246,CUST04716,Personal Loan,3055290.52,11.3,2025-09-26,24,Active
LOAN02247,CUST00447,Personal Loan,4406372.47,13.78,2021-06-16,180,Active
LOAN02248,CUST01334,Car Loan,986737.32,7.74,2023-09-09,180,Closed
LOAN02249,CUST02450,Car Loan,2516470.36,14.23,2021-06-13,84,Active
LOAN02250,CUST03859,Car Loan,3151198.51,7.91,2025-06-01,36,Active
LOAN02251,CUST03431,Car Loan,844557.22,12.02,2025-07-27,240,Closed
LOAN02252,CUST02344,Home Loan,3744090.44,13.53,2024-06-16,240,Active
LOAN02253,CUST03017,Car Loan,1930697.15,11.35,2019-03-18,120,Active
LOAN02254,CUST00104,Car Loan,3479807.93,13.56,2022-07-10,120,Active
LOAN02255,CUST00862,Home Loan,3578435.79,11.04,2025-01-25,36,Active
LOAN02256,CUST00499,Personal Loan,351397.35,8.98,2023-05-11,12,Active
LOAN02257,CUST01599,Personal Loan,790747.27,8.92,2023-11-17,180,Active
LOAN02258,CUST04503,Education Loan,4553434.1,13.8,2019-10-01,36,Closed
LOAN02259,CUST00684,Home Loan,3752896.61,11.72,2025-05-24,180,Active
LOAN02260,CUST01879,Personal Loan,4071481.67,10.23,2022-09-25,60,Closed
LOAN02261,CUST00207,Personal Loan,497422.79,11.54,2022-05-20,240,Closed
LOAN02262,CUST01789,Home Loan,4079288.5,6.75,2024-01-31,36,Defaulted
LOAN02263,CUST03633,Personal Loan,330976.25,11.56,2020-05-10,12,Closed
LOAN02264,CUST04554,Car Loan,2365424.47,12.22,2019-05-16,24,Active
LOAN02265,CUST02764,Car Loan,1642171.88,8.52,2023-05-15,120,Closed
LOAN02266,CUST00734,Home Loan,2252708.17,13.95,2022-01-04,24,Active
LOAN02267,CUST03231,Car Loan,823532.66,14.55,2023-12-29,240,Active
LOAN02268,CUST03610,Home Loan,74540.49,7.64,2022-06-11,60,Closed
LOAN02269,CUST03294,Car Loan,3467264.45,7.84,2024-02-05,180,Active
LOAN02270,CUST00861,Personal Loan,1865258.66,14.95,2021-10-07,240,Closed
LOAN02271,CUST00456,Car Loan,2392738.86,7.19,2023-06-19,36,Closed
LOAN02272,CUST03654,Home Loan,4727168.58,9.32,2024-07-16,12,Closed
LOAN02273,CUST00064,Home Loan,4838503.61,12.62,2019-12-15,180,Closed
LOAN02274,CUST04092,Personal Loan,4410780.3,7.69,2022-01-27,24,Active
LOAN02275,CUST03693,Home Loan,3309404.97,11.2,2023-09-16,120,Active
LOAN02276,CUST04005,Home Loan,2013097.1,13.51,2024-07-11,180,Defaulted
LOAN02277,CUST04822,Home Loan,3299798.72,10.55,2023-11-04,120,Active
LOAN02278,CUST04915,Personal Loan,4501190.57,12.96,2020-12-08,180,Active
LOAN02279,CUST01653,Personal Loan,3202332.44,14.29,2019-03-29,24,Active
LOAN02280,CUST00701,Personal Loan,616330.89,8.68,2022-03-22,36,Closed
LOAN02281,CUST04609,Home Loan,2777675.54,12.38,2025-10-07,84,Active
LOAN02282,CUST01771,Personal Loan,3363479.06,14.54,2024-01-06,84,Active
LOAN02283,CUST04798,Personal Loan,2109351.44,14.89,2019-02-09,12,Active
LOAN02284,CUST02402,Education Loan,2502067.32,9.52,2022-06-30,36,Active
LOAN02285,CUST00449,Personal Loan,1595427.08,11.88,2020-03-11,180,Active
LOAN02286,CUST01076,Personal Loan,2030129.76,13.6,2024-04-16,36,Active
LOAN02287,CUST00471,Education Loan,2395585.97,7.79,2024-06-21,36,Active
LOAN02288,CUST01932,Home Loan,784750.95,11.66,2019-02-24,120,Active
LOAN02289,CUST03132,Personal Loan,2947828.63,8.91,2020-10-01,24,Closed
LOAN02290,CUST00613,Car Loan,710664.34,13.67,2021-01-20,36,Closed
LOAN02291,CUST04273,Car Loan,331222.49,9.49,2021-07-02,12,Active
LOAN02292,CUST00474,Personal Loan,2871407.93,10.14,2024-01-04,60,Closed
LOAN02293,CUST02821,Education Loan,4134355.5,7.99,2022-11-08,60,Active
LOAN02294,CUST00240,Home Loan,2571382.15,11.4,2023-09-09,60,Active
LOAN02295,CUST02963,Home Loan,1665445.05,8.08,2020-08-08,60,Active
LOAN02296,CUST02440,Home Loan,1003643.45,6.7,2022-07-19,120,Active
LOAN02297,CUST00350,Car Loan,96602.41,11.44,2019-07-23,36,Active
LOAN02298,CUST02139,Personal Loan,982940.48,9.5,2022-02-24,180,Active
LOAN02299,CUST04402,Education Loan,4759595.09,13.33,2023-05-07,180,Active
LOAN02300,CUST01276,Personal Loan,2259644.22,8.18,2022-05-22,180,Closed
LOAN02301,CUST02349,Home Loan,1005596.86,8.89,2025-09-14,180,Active
LOAN02302,CUST03268,Car Loan,2900273.39,8.41,2025-06-03,180,Active
LOAN02303,CUST02837,Personal Loan,2916783.28,9.44,2024-04-12,84,Active
LOAN02304,CUST03033,Car Loan,2716127.25,11.48,2020-12-03,12,Defaulted
LOAN02305,CUST02856,Personal Loan,4733225.91,13.61,2019-02-09,12,Closed
LOAN02306,CUST03061,Personal Loan,4263559.97,8.4,2021-12-18,12,Active
LOAN02307,CUST03257,Home Loan,773228.41,6.62,2021-07-25,60,Active
LOAN02308,CUST00404,Education Loan,2719205.74,6.58,2025-11-17,120,Defaulted
LOAN02309,CUST04417,Car Loan,4840119.87,9.81,2023-02-23,24,Active
LOAN02310,CUST01443,Home Loan,1898418.22,11.24,2021-12-15,84,Closed
LOAN02311,CUST04059,Car Loan,1514037.25,7.39,2019-06-18,60,Active
LOAN02312,CUST00892,Car Loan,1207228.05,6.8,2019-09-21,12,Defaulted
LOAN02313,CUST04572,Personal Loan,4960980.07,7.16,2022-09-22,12,Active
LOAN02314,CUST00665,Home Loan,2408113.32,13.08,2019-12-26,12,Closed
LOAN02315,CUST03733,Home Loan,2798484.25,9.22,2025-10-11,24,Closed
LOAN02316,CUST04559,Education Loan,511110.96,13.17,2025-01-29,84,Active
LOAN02317,CUST04277,Personal Loan,2266836.05,9.57,2024-05-01,240,Active
LOAN02318,CUST02795,Personal Loan,4179683.97,11.7,2020-02-20,84,Closed
LOAN02319,CUST04230,Personal Loan,849690.03,13.57,2019-11-25,84,Closed
LOAN02320,CUST03768,Home Loan,1491907.67,10.21,2022-04-23,84,Active
LOAN02321,CUST02125,Personal Loan,4329177.26,12.03,2020-01-13,84,Active
LOAN02322,CUST03872,Personal Loan,2326634.01,13.74,2019-11-07,84,Active
LOAN02323,CUST02899,Education Loan,1030336.73,8.93,2021-08-29,36,Active
LOAN02324,CUST00480,Home Loan,1558054.74,10.12,2023-02-03,240,Active
LOAN02325,CUST04185,Car Loan,3187344.32,14.68,2021-07-17,24,Active
LOAN02326,CUST04218,Personal Loan,1450990.59,9.6,2019-08-07,84,Active
LOAN02327,CUST03702,Car Loan,533605.54,6.61,2021-08-14,24,Active
LOAN02328,CUST04915,Home Loan,3084571.99,10.55,2021-01-01,36,Closed
LOAN02329,CUST00205,Car Loan,4617797.1,12.3,2022-06-13,120,Active
LOAN02330,CUST02881,Home Loan,2397728.76,12.09,2021-12-26,36,Active
LOAN02331,CUST00410,Education Loan,3922541.45,7.36,2020-05-06,60,Closed
LOAN02332,CUST02998,Home Loan,777781.4,13.94,2024-03-10,120,Active
LOAN02333,CUST03613,Personal Loan,2514633.93,11.73,2023-09-25,60,Active
LOAN02334,CUST02382,Personal Loan,4152012.44,7.97,2020-11-25,24,Active
LOAN02335,CUST04028,Personal Loan,348967.02,14.43,2021-06-03,240,Active
LOAN02336,CUST02330,Personal Loan,4515001.83,12.88,2023-02-25,36,Active
LOAN02337,CUST01935,Education Loan,545689.35,14.7,2023-07-31,12,Closed
LOAN02338,CUST04169,Personal Loan,3814059.95,10.34,2023-07-13,60,Active
LOAN02339,CUST03808,Home Loan,4241912.94,12.27,2019-01-16,12,Active
LOAN02340,CUST01082,Education Loan,3765841.61,10.37,2020-01-19,240,Closed
LOAN02341,CUST03762,Home Loan,706711.73,12.52,2021-03-29,120,Active
LOAN02342,CUST01098,Car Loan,1753633.82,7.49,2023-03-06,120,Active
LOAN02343,CUST03883,Personal Loan,1392728.37,13.58,2024-10-23,12,Active
LOAN02344,CUST00672,Home Loan,814736.57,10.86,2025-01-01,84,Closed
LOAN02345,CUST04187,Personal Loan,3081615.03,12.43,2023-02-20,60,Active
LOAN02346,CUST02389,Car Loan,286418.54,8.5,2024-06-28,60,Active
LOAN02347,CUST03748,Personal Loan,1999074.67,6.53,2024-03-16,60,Active
LOAN02348,CUST04730,Personal Loan,4881297.92,13.63,2023-04-20,240,Active
LOAN02349,CUST03067,Personal Loan,1580541.28,14.69,2020-10-01,84,Active
LOAN02350,CUST01349,Car Loan,1246158.28,14.03,2024-04-29,84,Closed
LOAN02351,CUST02890,Education Loan,2406841.0,11.07,2020-07-31,12,Closed
LOAN02352,CUST02670,Personal Loan,4960439.88,11.59,2024-03-09,36,Active
LOAN02353,CUST03188,Education Loan,3934129.55,7.56,2022-12-15,60,Active
LOAN02354,CUST03474,Car Loan,4731783.73,8.17,2022-11-18,120,Closed
LOAN02355,CUST03060,Car Loan,1889722.35,11.11,2025-11-16,120,Active
LOAN02356,CUST03515,Personal Loan,4330483.24,6.81,2024-02-13,84,Closed
LOAN02357,CUST03812,Education Loan,2815058.0,14.87,2020-03-08,180,Active
LOAN02358,CUST02280,Car Loan,104177.14,8.79,2021-07-15,240,Closed
LOAN02359,CUST04511,Personal Loan,3828824.76,13.3,2024-07-20,84,Closed
LOAN02360,CUST01404,Home Loan,526234.0,9.7,2022-06-30,120,Closed
LOAN02361,CUST04874,Personal Loan,2957920.28,10.38,2024-06-02,12,Active
LOAN02362,CUST03074,Home Loan,1272677.49,10.71,2019-01-31,24,Closed
LOAN02363,CUST02322,Car Loan,1197958.97,12.28,2022-02-23,120,Active
LOAN02364,CUST00218,Home Loan,1510947.31,12.96,2025-01-19,180,Active
LOAN02365,CUST02163,Car Loan,4492755.3,13.96,2024-11-11,240,Active
LOAN02366,CUST04048,Personal Loan,4148065.37,13.08,2019-01-25,84,Active
LOAN02367,CUST00299,Personal Loan,353503.22,13.53,2019-12-27,120,Closed
LOAN02368,CUST02498,Home Loan,4806298.52,8.25,2021-06-02,120,Active
LOAN02369,CUST01731,Personal Loan,2478102.92,10.54,2022-01-24,36,Active
LOAN02370,CUST04953,Car Loan,1612317.17,11.92,2025-12-20,240,Active
LOAN02371,CUST00842,Personal Loan,2336049.89,8.74,2020-05-23,120,Active
LOAN02372,CUST01400,Personal Loan,1131653.19,8.71,2019-10-14,12,Active
LOAN02373,CUST00399,Home Loan,2301604.37,14.36,2021-12-02,120,Closed
LOAN02374,CUST00924,Education Loan,4045374.02,7.33,2025-04-20,84,Active
LOAN02375,CUST01559,Personal Loan,3575500.41,7.96,2022-07-21,60,Active
LOAN02376,CUST03184,Education Loan,1376981.94,10.38,2024-07-19,12,Active
LOAN02377,CUST04780,Car Loan,1753320.15,6.83,2021-03-01,240,Closed
LOAN02378,CUST04423,Personal Loan,3234060.13,10.37,2022-05-30,60,Closed
LOAN02379,CUST03731,Education Loan,2777261.34,12.11,2021-11-14,180,Active
LOAN02380,CUST03874,Personal Loan,3371851.44,10.24,2023-09-06,36,Closed
LOAN02381,CUST04669,Personal Loan,2906150.27,8.01,2025-11-27,60,Active
LOAN02382,CUST02709,Education Loan,1602293.32,14.22,2024-04-21,84,Closed
LOAN02383,CUST00728,Personal Loan,3448695.12,8.86,2019-07-27,240,Closed
LOAN02384,CUST04931,Personal Loan,2894643.18,13.78,2025-08-30,60,Active
LOAN02385,CUST00571,Home Loan,1290395.92,10.27,2023-11-12,240,Active
LOAN02386,CUST00930,Car Loan,4563006.73,13.43,2019-04-27,84,Active
LOAN02387,CUST02711,Education Loan,1485998.36,7.99,2022-12-30,12,Defaulted
LOAN02388,CUST00301,Car Loan,495274.35,6.67,2019-12-06,240,Active
LOAN02389,CUST02371,Education Loan,1884325.28,7.2,2025-09-04,12,Active
LOAN02390,CUST01854,Personal Loan,1849922.79,14.85,2023-05-24,24,Active
LOAN02391,CUST04239,Personal Loan,1397270.02,10.92,2024-11-29,120,Active
LOAN02392,CUST02082,Home Loan,3620735.04,6.95,2023-10-29,12,Active
LOAN02393,CUST00585,Car Loan,105872.1,9.06,2025-06-13,120,Closed
LOAN02394,CUST02120,Education Loan,629011.97,11.22,2021-11-12,24,Active
LOAN02395,CUST03620,Personal Loan,376651.41,9.09,2022-03-01,12,Active
LOAN02396,CUST02023,Home Loan,507935.15,7.46,2023-10-20,36,Active
LOAN02397,CUST03924,Car Loan,3921702.69,13.35,2023-12-18,240,Active
LOAN02398,CUST01100,Personal Loan,3381085.72,13.36,2019-08-16,60,Closed
LOAN02399,CUST02012,Car Loan,2795967.07,14.35,2022-09-30,240,Active
LOAN02400,CUST02909,Education Loan,3871475.54,14.53,2025-11-29,180,Closed
LOAN02401,CUST03074,Personal Loan,2966403.32,8.23,2022-06-29,60,Active
LOAN02402,CUST04619,Home Loan,3160350.39,12.19,2020-04-11,120,Active
LOAN02403,CUST03926,Home Loan,2396584.72,6.85,2022-04-12,84,Active
LOAN02404,CUST04134,Car Loan,4312393.13,10.37,2024-04-01,60,Active
LOAN02405,CUST04150,Home Loan,628827.5,14.64,2024-02-04,84,Active
LOAN02406,CUST01170,Education Loan,2398487.83,9.19,2021-08-05,24,Active
LOAN02407,CUST03672,Education Loan,3129090.15,7.77,2025-05-23,36,Active
LOAN02408,CUST03643,Personal Loan,2220848.45,9.15,2020-04-17,120,Closed
LOAN02409,CUST03465,Home Loan,4655058.49,12.98,2021-09-27,84,Active
LOAN02410,CUST04506,Home Loan,4308095.42,8.96,2024-06-24,24,Active
LOAN02411,CUST00351,Car Loan,4966146.35,13.36,2022-01-17,12,Active
LOAN02412,CUST02413,Home Loan,1146197.52,9.58,2023-04-19,60,Closed
LOAN02413,CUST00811,Personal Loan,2211684.66,11.35,2025-03-17,24,Active
LOAN02414,CUST03809,Car Loan,1617077.51,11.19,2024-08-24,60,Closed
LOAN02415,CUST04638,Home Loan,80281.9,11.28,2024-10-04,84,Active
LOAN02416,CUST01593,Car Loan,2451366.86,13.46,2019-11-24,84,Active
LOAN02417,CUST01656,Car Loan,3649204.28,13.59,2019-02-26,60,Active
LOAN02418,CUST02036,Education Loan,4469289.03,11.56,2022-11-01,180,Active
LOAN02419,CUST04571,Personal Loan,4867890.42,8.44,2020-08-23,180,Active
LOAN02420,CUST00172,Car Loan,151138.58,6.51,2025-09-14,24,Defaulted
LOAN02421,CUST00887,Car Loan,2356923.54,14.81,2023-01-23,84,Closed
LOAN02422,CUST01387,Home Loan,1340682.43,14.47,2020-03-30,120,Closed
LOAN02423,CUST01667,Education Loan,2797791.61,9.99,2025-02-24,24,Closed
LOAN02424,CUST04802,Car Loan,3196628.07,10.44,2022-04-28,240,Closed
LOAN02425,CUST03143,Education Loan,433880.77,7.96,2025-10-24,36,Active
LOAN02426,CUST03714,Car Loan,4115646.19,13.59,2021-08-09,180,Closed
LOAN02427,CUST00052,Car Loan,4459415.6,10.58,2023-10-24,240,Defaulted
LOAN02428,CUST00943,Car Loan,3753290.54,10.18,2021-08-12,120,Closed
LOAN02429,CUST00226,Personal Loan,105399.09,9.49,2023-09-01,12,Closed
LOAN02430,CUST02902,Car Loan,236370.16,6.82,2019-04-24,36,Defaulted
LOAN02431,CUST03416,Personal Loan,4831601.72,10.82,2022-03-03,24,Active
LOAN02432,CUST02108,Home Loan,319309.2,11.79,2022-06-09,120,Active
LOAN02433,CUST03174,Home Loan,928354.9,8.69,2025-01-03,60,Active
LOAN02434,CUST01599,Personal Loan,3607083.48,8.69,2021-01-25,60,Defaulted
LOAN02435,CUST02515,Personal Loan,4472181.8,14.68,2020-03-25,84,Active
LOAN02436,CUST02102,Personal Loan,2973982.43,7.13,2022-08-04,36,Closed
LOAN02437,CUST00564,Home Loan,3832218.92,7.4,2025-08-15,24,Active
LOAN02438,CUST00757,Personal Loan,1948896.39,8.59,2021-02-22,24,Active
LOAN02439,CUST01768,Home Loan,4501119.06,14.28,2019-01-11,60,Active
LOAN02440,CUST00941,Education Loan,2927228.88,14.18,2021-05-29,84,Active
LOAN02441,CUST00169,Education Loan,4004951.18,13.58,2020-05-30,12,Active
LOAN02442,CUST01014,Car Loan,1702055.2,8.36,2023-10-28,84,Active
LOAN02443,CUST04368,Education Loan,4366007.04,7.57,2022-08-10,12,Active
LOAN02444,CUST04859,Car Loan,4180737.07,13.42,2022-03-17,60,Active
LOAN02445,CUST03547,Car Loan,3781288.67,7.45,2021-03-19,60,Closed
LOAN02446,CUST03176,Home Loan,4297012.43,14.93,2025-04-23,24,Closed
LOAN02447,CUST00898,Car Loan,2980958.68,7.97,2024-12-23,24,Closed
LOAN02448,CUST01057,Car Loan,3699197.3,12.02,2023-06-04,180,Closed
LOAN02449,CUST03764,Personal Loan,4417953.54,13.74,2025-05-02,12,Active
LOAN02450,CUST02980,Car Loan,3376080.93,9.53,2024-05-06,60,Defaulted
LOAN02451,CUST03929,Home Loan,1910939.43,11.67,2022-04-10,36,Active
LOAN02452,CUST03811,Car Loan,1686880.89,11.82,2020-11-21,60,Closed
LOAN02453,CUST01727,Education Loan,2648794.78,12.13,2025-06-11,12,Defaulted
LOAN02454,CUST02344,Education Loan,4348576.2,8.12,2023-02-26,12,Closed
LOAN02455,CUST01941,Personal Loan,1544819.55,10.05,2020-07-04,60,Active
LOAN02456,CUST04185,Home Loan,2369092.61,11.68,2020-11-18,24,Active
LOAN02457,CUST02708,Home Loan,4954880.9,7.3,2022-12-27,84,Active
LOAN02458,CUST00092,Home Loan,996467.51,10.14,2025-03-02,36,Closed
LOAN02459,CUST04043,Personal Loan,4560620.18,12.09,2019-04-30,120,Closed
LOAN02460,CUST04420,Car Loan,1363810.98,7.44,2021-09-26,24,Active
LOAN02461,CUST00753,Home Loan,3496958.1,8.82,2021-08-11,180,Closed
LOAN02462,CUST02776,Car Loan,4721715.06,13.93,2019-09-09,24,Active
LOAN02463,CUST01341,Personal Loan,4321177.02,11.72,2021-06-07,24,Closed
LOAN02464,CUST02546,Education Loan,4357031.28,14.31,2025-08-02,36,Active
LOAN02465,CUST02320,Education Loan,833206.75,9.36,2021-05-30,240,Closed
LOAN02466,CUST01297,Personal Loan,3023817.05,14.75,2025-12-05,240,Active
LOAN02467,CUST02460,Personal Loan,1551945.05,13.67,2020-08-29,24,Closed
LOAN02468,CUST03226,Personal Loan,2953875.72,14.54,2021-02-28,240,Closed
LOAN02469,CUST04937,Car Loan,2385996.2,11.58,2024-12-11,120,Defaulted
LOAN02470,CUST02203,Home Loan,2992035.74,15.0,2020-04-09,84,Closed
LOAN02471,CUST04831,Car Loan,1132648.0,14.77,2024-09-21,120,Closed
LOAN02472,CUST04834,Personal Loan,1853703.49,14.32,2024-06-21,240,Defaulted
LOAN02473,CUST03119,Car Loan,1488595.31,13.76,2025-06-30,180,Active
LOAN02474,CUST04383,Education Loan,3528139.09,7.19,2023-04-30,240,Active
LOAN02475,CUST02020,Car Loan,3104076.63,12.09,2025-04-23,120,Closed
LOAN02476,CUST00362,Home Loan,4326605.64,10.39,2023-06-30,84,Closed
LOAN02477,CUST01486,Education Loan,849156.48,8.58,2022-10-15,12,Defaulted
LOAN02478,CUST00392,Car Loan,3468256.48,14.26,2020-04-12,180,Active
LOAN02479,CUST02998,Car Loan,3218027.11,10.68,2024-04-02,24,Closed
LOAN02480,CUST01159,Education Loan,2558133.59,11.55,2019-11-07,12,Active
LOAN02481,CUST01446,Personal Loan,2861738.83,13.01,2022-05-04,36,Closed
LOAN02482,CUST02577,Personal Loan,2148809.25,12.19,2019-04-15,180,Active
LOAN02483,CUST00253,Personal Loan,4329340.76,7.93,2020-11-16,60,Active
LOAN02484,CUST03070,Personal Loan,1641956.51,9.73,2025-09-09,84,Active
LOAN02485,CUST00272,Personal Loan,192924.42,8.88,2025-05-15,120,Active
LOAN02486,CUST04437,Personal Loan,1754524.43,10.12,2021-08-05,60,Active
LOAN02487,CUST04812,Personal Loan,409085.33,10.29,2023-04-29,240,Active
LOAN02488,CUST04289,Personal Loan,4877332.9,11.26,2023-08-07,60,Closed
LOAN02489,CUST02055,Personal Loan,4837868.33,11.55,2023-01-03,240,Active
LOAN02490,CUST03017,Personal Loan,1943481.14,14.68,2022-03-31,12,Active
LOAN02491,CUST00488,Education Loan,2101059.37,8.28,2024-10-30,120,Active
LOAN02492,CUST02565,Education Loan,2548582.43,10.57,2019-12-24,120,Closed
LOAN02493,CUST03821,Personal Loan,1494177.25,6.51,2023-07-01,120,Active
LOAN02494,CUST01669,Home Loan,3742667.48,9.81,2021-08-18,36,Active
LOAN02495,CUST04644,Car Loan,2055825.71,13.62,2021-03-01,36,Active
LOAN02496,CUST03603,Home Loan,1750087.14,14.26,2021-01-04,36,Defaulted
LOAN02497,CUST02979,Personal Loan,1698562.83,6.53,2025-05-12,120,Closed
LOAN02498,CUST00273,Home Loan,2778287.83,8.74,2019-10-03,120,Active
LOAN02499,CUST04638,Personal Loan,2237667.04,8.36,2023-05-02,84,Closed
LOAN02500,CUST00868,Personal Loan,3573662.36,13.2,2024-09-12,24,Defaulted
